Using pre-set license
Built from '2022.3/staging' branch; Version is '2022.3.42f1 (2dcb6a0abc42) revision 3001194'; Using compiler version '192829333'; Build Type 'Release'
OS: 'Windows 11  (10.0.22631) 64bit Professional' Language: 'en' Physical Memory: 65254 MB
BatchMode: 1, IsHumanControllingUs: 0, StartBugReporterOnCrash: 0, Is64bit: 1, IsPro: 1

COMMAND LINE ARGUMENTS:
C:\Program Files\Unity\Hub\Editor\2022.3.42f1\Editor\Unity.exe
-adb2
-batchMode
-noUpm
-name
AssetImportWorker4
-projectPath
C:/Users/user/Documents/SK23DG/Class1FinalProject/My project (1)
-logFile
Logs/AssetImportWorker4.log
-srvPort
57233
Successfully changed project path to: C:/Users/user/Documents/SK23DG/Class1FinalProject/My project (1)
C:/Users/user/Documents/SK23DG/Class1FinalProject/My project (1)
[UnityMemory] Configuration Parameters - Can be set up in boot.config
    "memorysetup-bucket-allocator-granularity=16"
    "memorysetup-bucket-allocator-bucket-count=8"
    "memorysetup-bucket-allocator-block-size=33554432"
    "memorysetup-bucket-allocator-block-count=8"
    "memorysetup-main-allocator-block-size=16777216"
    "memorysetup-thread-allocator-block-size=16777216"
    "memorysetup-gfx-main-allocator-block-size=16777216"
    "memorysetup-gfx-thread-allocator-block-size=16777216"
    "memorysetup-cache-allocator-block-size=4194304"
    "memorysetup-typetree-allocator-block-size=2097152"
    "memorysetup-profiler-bucket-allocator-granularity=16"
    "memorysetup-profiler-bucket-allocator-bucket-count=8"
    "memorysetup-profiler-bucket-allocator-block-size=33554432"
    "memorysetup-profiler-bucket-allocator-block-count=8"
    "memorysetup-profiler-allocator-block-size=16777216"
    "memorysetup-profiler-editor-allocator-block-size=1048576"
    "memorysetup-temp-allocator-size-main=16777216"
    "memorysetup-job-temp-allocator-block-size=2097152"
    "memorysetup-job-temp-allocator-block-size-background=1048576"
    "memorysetup-job-temp-allocator-reduction-small-platforms=262144"
    "memorysetup-allocator-temp-initial-block-size-main=262144"
    "memorysetup-allocator-temp-initial-block-size-worker=262144"
    "memorysetup-temp-allocator-size-background-worker=32768"
    "memorysetup-temp-allocator-size-job-worker=262144"
    "memorysetup-temp-allocator-size-preload-manager=33554432"
    "memorysetup-temp-allocator-size-nav-mesh-worker=65536"
    "memorysetup-temp-allocator-size-audio-worker=65536"
    "memorysetup-temp-allocator-size-cloud-worker=32768"
    "memorysetup-temp-allocator-size-gi-baking-worker=262144"
    "memorysetup-temp-allocator-size-gfx=262144"
Player connection [39416]  Target information:

Player connection [39416]  * "[IP] 192.168.50.44 [Port] 0 [Flags] 2 [Guid] 4171675246 [EditorId] 4171675246 [Version] 1048832 [Id] WindowsEditor(7,FIH-COM23a108) [Debug] 1 [PackageName] WindowsEditor [ProjectName] Editor" 

Player connection [39416] Host joined multi-casting on [225.0.0.222:54997]...
Player connection [39416] Host joined alternative multi-casting on [225.0.0.222:34997]...
[PhysX] Initialized MultithreadedTaskDispatcher with 24 workers.
Refreshing native plugins compatible for Editor in 5.84 ms, found 3 plugins.
Preloading 0 native plugins for Editor in 0.00 ms.
Initialize engine version: 2022.3.42f1 (2dcb6a0abc42)
[Subsystems] Discovering subsystems at path C:/Program Files/Unity/Hub/Editor/2022.3.42f1/Editor/Data/Resources/UnitySubsystems
[Subsystems] Discovering subsystems at path C:/Users/user/Documents/SK23DG/Class1FinalProject/My project (1)/Assets
GfxDevice: creating device client; threaded=0; jobified=0
Direct3D:
    Version:  Direct3D 11.0 [level 11.1]
    Renderer: NVIDIA GeForce RTX 3090 (ID=0x2204)
    Vendor:   NVIDIA
    VRAM:     24326 MB
    Driver:   32.0.15.6094
Initialize mono
Mono path[0] = 'C:/Program Files/Unity/Hub/Editor/2022.3.42f1/Editor/Data/Managed'
Mono path[1] = 'C:/Program Files/Unity/Hub/Editor/2022.3.42f1/Editor/Data/MonoBleedingEdge/lib/mono/unityjit-win32'
Mono config path = 'C:/Program Files/Unity/Hub/Editor/2022.3.42f1/Editor/Data/MonoBleedingEdge/etc'
Using monoOptions --debugger-agent=transport=dt_socket,embedding=1,server=y,suspend=n,address=127.0.0.1:56060
Begin MonoManager ReloadAssembly
Registering precompiled unity dll's ...
Register platform support module: C:/Program Files/Unity/Hub/Editor/2022.3.42f1/Editor/Data/PlaybackEngines/AndroidPlayer/UnityEditor.Android.Extensions.dll
Register platform support module: C:/Program Files/Unity/Hub/Editor/2022.3.42f1/Editor/Data/PlaybackEngines/WindowsStandaloneSupport/UnityEditor.WindowsStandalone.Extensions.dll
Registered in 0.004025 seconds.
- Loaded All Assemblies, in  0.240 seconds
Native extension for WindowsStandalone target not found
Native extension for Android target not found
Android Extension - Scanning For ADB Devices 195 ms
Mono: successfully reloaded assembly
- Finished resetting the current domain, in  0.414 seconds
Domain Reload Profiling: 653ms
	BeginReloadAssembly (79ms)
		ExecutionOrderSort (0ms)
		DisableScriptedObjects (0ms)
		BackupInstance (0ms)
		ReleaseScriptingObjects (0ms)
		CreateAndSetChildDomain (0ms)
	RebuildCommonClasses (20ms)
	RebuildNativeTypeToScriptingClass (6ms)
	initialDomainReloadingComplete (37ms)
	LoadAllAssembliesAndSetupDomain (97ms)
		LoadAssemblies (79ms)
		RebuildTransferFunctionScriptingTraits (0ms)
		AnalyzeDomain (96ms)
			TypeCache.Refresh (95ms)
				TypeCache.ScanAssembly (86ms)
			ScanForSourceGeneratedMonoScriptInfo (0ms)
			ResolveRequiredComponents (0ms)
	FinalizeReload (414ms)
		ReleaseScriptCaches (0ms)
		RebuildScriptCaches (0ms)
		SetupLoadedEditorAssemblies (385ms)
			LogAssemblyErrors (0ms)
			InitializePlatformSupportModulesInManaged (279ms)
			SetLoadedEditorAssemblies (2ms)
			RefreshPlugins (0ms)
			BeforeProcessingInitializeOnLoad (2ms)
			ProcessInitializeOnLoadAttributes (74ms)
			ProcessInitializeOnLoadMethodAttributes (28ms)
			AfterProcessingInitializeOnLoad (0ms)
			EditorAssembliesLoaded (0ms)
		ExecutionOrderSort2 (0ms)
		AwakeInstancesAfterBackupRestoration (0ms)
========================================================================
Worker process is ready to serve import requests
Caller must complete domain reload
Begin MonoManager ReloadAssembly
- Loaded All Assemblies, in  0.386 seconds
Native extension for WindowsStandalone target not found
Native extension for Android target not found
Package Manager log level set to [2]
[Package Manager] Server::EnsureServerProcessIsRunning -- launch failed, reason: Unity was launched with the -noUpm command-line argument
[Package Manager] UpmClient::Send -- Unable to send message (not connected to UPM process).
[Package Manager] Cannot connect to Unity Package Manager local server
Mono: successfully reloaded assembly
- Finished resetting the current domain, in  0.392 seconds
Domain Reload Profiling: 777ms
	BeginReloadAssembly (91ms)
		ExecutionOrderSort (0ms)
		DisableScriptedObjects (3ms)
		BackupInstance (0ms)
		ReleaseScriptingObjects (0ms)
		CreateAndSetChildDomain (14ms)
	RebuildCommonClasses (21ms)
	RebuildNativeTypeToScriptingClass (9ms)
	initialDomainReloadingComplete (25ms)
	LoadAllAssembliesAndSetupDomain (238ms)
		LoadAssemblies (180ms)
		RebuildTransferFunctionScriptingTraits (0ms)
		AnalyzeDomain (111ms)
			TypeCache.Refresh (99ms)
				TypeCache.ScanAssembly (88ms)
			ScanForSourceGeneratedMonoScriptInfo (9ms)
			ResolveRequiredComponents (3ms)
	FinalizeReload (393ms)
		ReleaseScriptCaches (0ms)
		RebuildScriptCaches (0ms)
		SetupLoadedEditorAssemblies (286ms)
			LogAssemblyErrors (0ms)
			InitializePlatformSupportModulesInManaged (15ms)
			SetLoadedEditorAssemblies (2ms)
			RefreshPlugins (0ms)
			BeforeProcessingInitializeOnLoad (35ms)
			ProcessInitializeOnLoadAttributes (217ms)
			ProcessInitializeOnLoadMethodAttributes (14ms)
			AfterProcessingInitializeOnLoad (3ms)
			EditorAssembliesLoaded (0ms)
		ExecutionOrderSort2 (0ms)
		AwakeInstancesAfterBackupRestoration (4ms)
Launched and connected shader compiler UnityShaderCompiler.exe after 0.05 seconds
Refreshing native plugins compatible for Editor in 2.33 ms, found 3 plugins.
Preloading 0 native plugins for Editor in 0.00 ms.
Unloading 3264 Unused Serialized files (Serialized files now loaded: 0)
Unloading 31 unused Assets / (1.8 MB). Loaded Objects now: 3726.
Memory consumption went from 140.1 MB to 138.3 MB.
Total: 3.156200 ms (FindLiveObjects: 0.198300 ms CreateObjectMapping: 0.062900 ms MarkObjects: 2.544900 ms  DeleteObjects: 0.348400 ms)

AssetImportParameters requested are different than current active one (requested -> active):
  custom:container-demuxer-ogg: 62fdf1f143b41e24485cea50d1cbac27 -> 
  custom:video-codec-MediaFoundation-h265: 746d11721c4dcdbdad8f713fa42b33f4 -> 
  custom:video-decoder-ogg-theora: a1e56fd34408186e4bbccfd4996cb3dc -> 
  custom:framework-win-MediaFoundation: 216162199b28c13a410421893ffa2e32 -> 
  custom:CustomObjectIndexerAttribute: 9a22284fe3817be447336de3de66b15e -> 
  custom:container-demuxer-webm: 4f35f7cbe854078d1ac9338744f61a02 -> 
  custom:container-muxer-webm: aa71ff27fc2769a1b78a27578f13a17b -> 
  custom:video-decoder-webm-vp8: 9c59270c3fd7afecdb556c50c9e8de78 -> 
  custom:SearchIndexIgnoredProperties: e643bd26f0fe6173181afceb89e7c659 -> 
  custom:AudioImporter_EditorPlatform: d09bf68614088b80899f8185d706f6e7 -> 
  custom:video-encoder-webm-vp8: eb34c28f22e8b96e1ab97ce403110664 -> 
  custom:audio-decoder-ogg-vorbis: bf7c407c2cedff20999df2af8eb42d56 -> 
  custom:audio-encoder-webm-vorbis: bf7c407c2cedff20999df2af8eb42d56 -> 
========================================================================
Received Import Request.
  Time since last request: 152844.694988 seconds.
  path: Assets/Camera controller.cs
  artifactKey: Guid(bcd1448b3ac24e8409fcbc4207b82a27) Importer(2089858483,0ecaa5967403d082aa24f35e1b516d23)
Start importing Assets/Camera controller.cs using Guid(bcd1448b3ac24e8409fcbc4207b82a27) Importer(2089858483,0ecaa5967403d082aa24f35e1b516d23) [PhysX] Initialized MultithreadedTaskDispatcher with 24 workers.
 -> (artifact id: 'c443d36ad6de44f12e17b1997f945663') in 0.071397 seconds
Number of updated asset objects reloaded before import = 0
Number of asset objects unloaded after import = 1
========================================================================
Received Import Request.
  Time since last request: 0.000017 seconds.
  path: Assets/Brick Project Studio/Fast Food Restaurant Kit/Common/Models/FFK_FurnitureProps_01.fbx
  artifactKey: Guid(03aa99419670d9840a32509ff44e82f8) Importer(2089858483,0ecaa5967403d082aa24f35e1b516d23)
Start importing Assets/Brick Project Studio/Fast Food Restaurant Kit/Common/Models/FFK_FurnitureProps_01.fbx using Guid(03aa99419670d9840a32509ff44e82f8) Importer(2089858483,0ecaa5967403d082aa24f35e1b516d23) [PhysX] Initialized MultithreadedTaskDispatcher with 24 workers.
 -> (artifact id: '13cf6d7b5210cd92fcfd2e3dee8a4ab3') in 0.122193 seconds
Number of updated asset objects reloaded before import = 0
Number of asset objects unloaded after import = 624
========================================================================
Received Import Request.
  Time since last request: 0.000019 seconds.
  path: Assets/AK Studio Art/Surveillance Camera/Built-in Extract Me.unitypackage
  artifactKey: Guid(1995e2d87fad3284db257a096b2a53cb) Importer(2089858483,0ecaa5967403d082aa24f35e1b516d23)
Start importing Assets/AK Studio Art/Surveillance Camera/Built-in Extract Me.unitypackage using Guid(1995e2d87fad3284db257a096b2a53cb) Importer(2089858483,0ecaa5967403d082aa24f35e1b516d23) [PhysX] Initialized MultithreadedTaskDispatcher with 24 workers.
 -> (artifact id: 'b91dcd914015a72b69ee84bf000ec658') in 0.010307 seconds
Number of updated asset objects reloaded before import = 0
Number of asset objects unloaded after import = 1
========================================================================
Received Import Request.
  Time since last request: 0.000038 seconds.
  path: Assets/Brick Project Studio/Fast Food Restaurant Kit/Common/Materials/Carton_Nugget_01.mat
  artifactKey: Guid(6e04f376c1fc2104f9fc364760fc4f6f) Importer(2089858483,0ecaa5967403d082aa24f35e1b516d23)
Start importing Assets/Brick Project Studio/Fast Food Restaurant Kit/Common/Materials/Carton_Nugget_01.mat using Guid(6e04f376c1fc2104f9fc364760fc4f6f) Importer(2089858483,0ecaa5967403d082aa24f35e1b516d23) [PhysX] Initialized MultithreadedTaskDispatcher with 24 workers.
 -> (artifact id: 'ff57cfdbf23dc1823b204bb0b1e21b7c') in 0.022320 seconds
Number of updated asset objects reloaded before import = 0
Number of asset objects unloaded after import = 2
========================================================================
Received Import Request.
  Time since last request: 0.000020 seconds.
  path: Assets/Brick Project Studio/Fast Food Restaurant Kit/Common/Materials/Drink_01.mat
  artifactKey: Guid(5f92f11ac64d9194c812a7ffc17d8c80) Importer(2089858483,0ecaa5967403d082aa24f35e1b516d23)
Start importing Assets/Brick Project Studio/Fast Food Restaurant Kit/Common/Materials/Drink_01.mat using Guid(5f92f11ac64d9194c812a7ffc17d8c80) Importer(2089858483,0ecaa5967403d082aa24f35e1b516d23) [PhysX] Initialized MultithreadedTaskDispatcher with 24 workers.
 -> (artifact id: '90bd6f51fb48d070505ae6222905eee0') in 0.011619 seconds
Number of updated asset objects reloaded before import = 0
Number of asset objects unloaded after import = 2
========================================================================
Received Import Request.
  Time since last request: 0.000014 seconds.
  path: Assets/Brick Project Studio/Fast Food Restaurant Kit/Common/Materials/FFK_CC_Light.mat
  artifactKey: Guid(e9745a4525c8ea94c9f977348211c711) Importer(2089858483,0ecaa5967403d082aa24f35e1b516d23)
Start importing Assets/Brick Project Studio/Fast Food Restaurant Kit/Common/Materials/FFK_CC_Light.mat using Guid(e9745a4525c8ea94c9f977348211c711) Importer(2089858483,0ecaa5967403d082aa24f35e1b516d23) [PhysX] Initialized MultithreadedTaskDispatcher with 24 workers.
 -> (artifact id: '8a120fa1168d4bf38a4a79c10ea60161') in 0.013218 seconds
Number of updated asset objects reloaded before import = 0
Number of asset objects unloaded after import = 2
========================================================================
Received Import Request.
  Time since last request: 0.000013 seconds.
  path: Assets/Brick Project Studio/Fast Food Restaurant Kit/Common/Materials/FFK_CC_Bevel.mat
  artifactKey: Guid(c766c4c14ccde8441a12e1e68f21e592) Importer(2089858483,0ecaa5967403d082aa24f35e1b516d23)
Start importing Assets/Brick Project Studio/Fast Food Restaurant Kit/Common/Materials/FFK_CC_Bevel.mat using Guid(c766c4c14ccde8441a12e1e68f21e592) Importer(2089858483,0ecaa5967403d082aa24f35e1b516d23) [PhysX] Initialized MultithreadedTaskDispatcher with 24 workers.
 -> (artifact id: 'deb68eee923c4c62edfcde26377a1f62') in 0.017784 seconds
Number of updated asset objects reloaded before import = 0
Number of asset objects unloaded after import = 2
========================================================================
Received Import Request.
  Time since last request: 0.000013 seconds.
  path: Assets/Brick Project Studio/Fast Food Restaurant Kit/Common/Materials/DrinkLid_01.mat
  artifactKey: Guid(72e4c334b67b8ba4bb20722826d15572) Importer(2089858483,0ecaa5967403d082aa24f35e1b516d23)
Start importing Assets/Brick Project Studio/Fast Food Restaurant Kit/Common/Materials/DrinkLid_01.mat using Guid(72e4c334b67b8ba4bb20722826d15572) Importer(2089858483,0ecaa5967403d082aa24f35e1b516d23) [PhysX] Initialized MultithreadedTaskDispatcher with 24 workers.
 -> (artifact id: 'b84b291fe79ad1be73e51b6c3e7106d8') in 0.013627 seconds
Number of updated asset objects reloaded before import = 0
Number of asset objects unloaded after import = 2
========================================================================
Received Import Request.
  Time since last request: 0.000014 seconds.
  path: Assets/AK Studio Art/Surveillance Camera/Materials/Surveillance Camera Led On.mat
  artifactKey: Guid(26ef9c31c1fa95a4d91ff6d54fedcd9d) Importer(2089858483,0ecaa5967403d082aa24f35e1b516d23)
Start importing Assets/AK Studio Art/Surveillance Camera/Materials/Surveillance Camera Led On.mat using Guid(26ef9c31c1fa95a4d91ff6d54fedcd9d) Importer(2089858483,0ecaa5967403d082aa24f35e1b516d23) [PhysX] Initialized MultithreadedTaskDispatcher with 24 workers.
 -> (artifact id: '15ca5aac58bc38c9073436bf4f8cfd1b') in 0.025607 seconds
Number of updated asset objects reloaded before import = 0
Number of asset objects unloaded after import = 5
========================================================================
Received Import Request.
  Time since last request: 0.000015 seconds.
  path: Assets/Brick Project Studio/Fast Food Restaurant Kit/Common/Materials/FFK_FD_Icons.mat
  artifactKey: Guid(a629163cbacbfb84aba9b6e29b32ad06) Importer(2089858483,0ecaa5967403d082aa24f35e1b516d23)
Start importing Assets/Brick Project Studio/Fast Food Restaurant Kit/Common/Materials/FFK_FD_Icons.mat using Guid(a629163cbacbfb84aba9b6e29b32ad06) Importer(2089858483,0ecaa5967403d082aa24f35e1b516d23) [PhysX] Initialized MultithreadedTaskDispatcher with 24 workers.
 -> (artifact id: '4ba5ee0706a8a6d16183050173129ad0') in 0.015570 seconds
Number of updated asset objects reloaded before import = 0
Number of asset objects unloaded after import = 2
========================================================================
Received Import Request.
  Time since last request: 0.000017 seconds.
  path: Assets/Brick Project Studio/Fast Food Restaurant Kit/Common/Textures/FFK_ServicePlate_01_A.png
  artifactKey: Guid(ca0356835f5fce648828a00d44e29d41) Importer(2089858483,0ecaa5967403d082aa24f35e1b516d23)
Start importing Assets/Brick Project Studio/Fast Food Restaurant Kit/Common/Textures/FFK_ServicePlate_01_A.png using Guid(ca0356835f5fce648828a00d44e29d41) Importer(2089858483,0ecaa5967403d082aa24f35e1b516d23) [PhysX] Initialized MultithreadedTaskDispatcher with 24 workers.
 -> (artifact id: 'c5ba6d85ece3194ffea7e05f4198ec50') in 0.039976 seconds
Number of updated asset objects reloaded before import = 0
Number of asset objects unloaded after import = 1
========================================================================
Received Import Request.
  Time since last request: 0.000015 seconds.
  path: Assets/Brick Project Studio/Fast Food Restaurant Kit/Common/Materials/FFK_ServicePlate_01.mat
  artifactKey: Guid(ecc4093e85d5d664cbf671a5d0a8cdc2) Importer(2089858483,0ecaa5967403d082aa24f35e1b516d23)
Start importing Assets/Brick Project Studio/Fast Food Restaurant Kit/Common/Materials/FFK_ServicePlate_01.mat using Guid(ecc4093e85d5d664cbf671a5d0a8cdc2) Importer(2089858483,0ecaa5967403d082aa24f35e1b516d23) [PhysX] Initialized MultithreadedTaskDispatcher with 24 workers.
 -> (artifact id: '07e2928712b399a787f936adc40f8791') in 0.011460 seconds
Number of updated asset objects reloaded before import = 0
Number of asset objects unloaded after import = 2
========================================================================
Received Import Request.
  Time since last request: 0.000014 seconds.
  path: Assets/Brick Project Studio/Fast Food Restaurant Kit/Common/Textures/Dip_01_A.png
  artifactKey: Guid(9b096bb91a914c44eab63c830c987e9e) Importer(2089858483,0ecaa5967403d082aa24f35e1b516d23)
Start importing Assets/Brick Project Studio/Fast Food Restaurant Kit/Common/Textures/Dip_01_A.png using Guid(9b096bb91a914c44eab63c830c987e9e) Importer(2089858483,0ecaa5967403d082aa24f35e1b516d23) [PhysX] Initialized MultithreadedTaskDispatcher with 24 workers.
 -> (artifact id: '8d496406bde6d84fb238792d4e932709') in 0.017310 seconds
Number of updated asset objects reloaded before import = 0
Number of asset objects unloaded after import = 1
========================================================================
Received Import Request.
  Time since last request: 0.000026 seconds.
  path: Assets/Brick Project Studio/Fast Food Restaurant Kit/Common/Materials/FFK_RoughMetal_01.mat
  artifactKey: Guid(743aab621a0e2f14d81ba0058a0aa7c1) Importer(2089858483,0ecaa5967403d082aa24f35e1b516d23)
Start importing Assets/Brick Project Studio/Fast Food Restaurant Kit/Common/Materials/FFK_RoughMetal_01.mat using Guid(743aab621a0e2f14d81ba0058a0aa7c1) Importer(2089858483,0ecaa5967403d082aa24f35e1b516d23) [PhysX] Initialized MultithreadedTaskDispatcher with 24 workers.
 -> (artifact id: 'abea5e413d3e1e17b2c37e36a86c0138') in 0.015860 seconds
Number of updated asset objects reloaded before import = 0
Number of asset objects unloaded after import = 4
========================================================================
Received Import Request.
  Time since last request: 0.000017 seconds.
  path: Assets/Brick Project Studio/Fast Food Restaurant Kit/Common/Materials/FFK_WallPaper_01.mat
  artifactKey: Guid(aec14ca82d792104a97d4f00d861a9ef) Importer(2089858483,0ecaa5967403d082aa24f35e1b516d23)
Start importing Assets/Brick Project Studio/Fast Food Restaurant Kit/Common/Materials/FFK_WallPaper_01.mat using Guid(aec14ca82d792104a97d4f00d861a9ef) Importer(2089858483,0ecaa5967403d082aa24f35e1b516d23) [PhysX] Initialized MultithreadedTaskDispatcher with 24 workers.
 -> (artifact id: '494b35f02ce8777438a22bf0195cb409') in 0.012622 seconds
Number of updated asset objects reloaded before import = 0
Number of asset objects unloaded after import = 2
========================================================================
Received Import Request.
  Time since last request: 0.000021 seconds.
  path: Assets/Brick Project Studio/Fast Food Restaurant Kit/Common/Materials/FFK_Wood_02.mat
  artifactKey: Guid(7c6e00db22d975145b02362faf401ec5) Importer(2089858483,0ecaa5967403d082aa24f35e1b516d23)
Start importing Assets/Brick Project Studio/Fast Food Restaurant Kit/Common/Materials/FFK_Wood_02.mat using Guid(7c6e00db22d975145b02362faf401ec5) Importer(2089858483,0ecaa5967403d082aa24f35e1b516d23) [PhysX] Initialized MultithreadedTaskDispatcher with 24 workers.
 -> (artifact id: 'ceb7290c2396dde5d95e6f703f3ef082') in 0.011580 seconds
Number of updated asset objects reloaded before import = 0
Number of asset objects unloaded after import = 4
========================================================================
Received Import Request.
  Time since last request: 0.000014 seconds.
  path: Assets/Brick Project Studio/Fast Food Restaurant Kit/Common/Models/Burger_01.fbx
  artifactKey: Guid(b9c054b445d458c45bcb601fd368e786) Importer(2089858483,0ecaa5967403d082aa24f35e1b516d23)
Start importing Assets/Brick Project Studio/Fast Food Restaurant Kit/Common/Models/Burger_01.fbx using Guid(b9c054b445d458c45bcb601fd368e786) Importer(2089858483,0ecaa5967403d082aa24f35e1b516d23) [PhysX] Initialized MultithreadedTaskDispatcher with 24 workers.
 -> (artifact id: 'ae6372e52ed25c02c2e43e686937dfd5') in 0.032625 seconds
Number of updated asset objects reloaded before import = 0
Number of asset objects unloaded after import = 135
========================================================================
Received Import Request.
  Time since last request: 0.000015 seconds.
  path: Assets/Brick Project Studio/Fast Food Restaurant Kit/Common/Textures/BurgerSign_01_A.png
  artifactKey: Guid(a2544d6cc2c3d9d41b4287be205161cd) Importer(2089858483,0ecaa5967403d082aa24f35e1b516d23)
Start importing Assets/Brick Project Studio/Fast Food Restaurant Kit/Common/Textures/BurgerSign_01_A.png using Guid(a2544d6cc2c3d9d41b4287be205161cd) Importer(2089858483,0ecaa5967403d082aa24f35e1b516d23) [PhysX] Initialized MultithreadedTaskDispatcher with 24 workers.
 -> (artifact id: 'db27e54efec95a146e234f04060a22d9') in 0.017872 seconds
Number of updated asset objects reloaded before import = 0
Number of asset objects unloaded after import = 1
========================================================================
Received Import Request.
  Time since last request: 0.000017 seconds.
  path: Assets/Brick Project Studio/Fast Food Restaurant Kit/Common/Textures/FFK_MR.RightFountain.png
  artifactKey: Guid(aebcfa4bb00f1594c94673e73cea77a4) Importer(2089858483,0ecaa5967403d082aa24f35e1b516d23)
Start importing Assets/Brick Project Studio/Fast Food Restaurant Kit/Common/Textures/FFK_MR.RightFountain.png using Guid(aebcfa4bb00f1594c94673e73cea77a4) Importer(2089858483,0ecaa5967403d082aa24f35e1b516d23) [PhysX] Initialized MultithreadedTaskDispatcher with 24 workers.
 -> (artifact id: '00aa94455810143d78ce6acf07cc47d5') in 0.016749 seconds
Number of updated asset objects reloaded before import = 0
Number of asset objects unloaded after import = 1
========================================================================
Received Import Request.
  Time since last request: 0.000013 seconds.
  path: Assets/Brick Project Studio/Fast Food Restaurant Kit/Common/Materials/FFK_FD_Light.mat
  artifactKey: Guid(e477bfc1e66d67442860ffdbe09525c8) Importer(2089858483,0ecaa5967403d082aa24f35e1b516d23)
Start importing Assets/Brick Project Studio/Fast Food Restaurant Kit/Common/Materials/FFK_FD_Light.mat using Guid(e477bfc1e66d67442860ffdbe09525c8) Importer(2089858483,0ecaa5967403d082aa24f35e1b516d23) [PhysX] Initialized MultithreadedTaskDispatcher with 24 workers.
 -> (artifact id: '1b0f61afd70c1cf6a22892b04cc109d8') in 0.014359 seconds
Number of updated asset objects reloaded before import = 0
Number of asset objects unloaded after import = 2
========================================================================
Received Import Request.
  Time since last request: 0.000016 seconds.
  path: Assets/Brick Project Studio/Fast Food Restaurant Kit/Common/Materials/FFK_Color_Orange.mat
  artifactKey: Guid(8026647eecafaeb43b476f1c17ce6e8c) Importer(2089858483,0ecaa5967403d082aa24f35e1b516d23)
Start importing Assets/Brick Project Studio/Fast Food Restaurant Kit/Common/Materials/FFK_Color_Orange.mat using Guid(8026647eecafaeb43b476f1c17ce6e8c) Importer(2089858483,0ecaa5967403d082aa24f35e1b516d23) [PhysX] Initialized MultithreadedTaskDispatcher with 24 workers.
 -> (artifact id: '2f34a60fe70b0c51525635b938bec45b') in 0.012455 seconds
Number of updated asset objects reloaded before import = 0
Number of asset objects unloaded after import = 1
========================================================================
Received Import Request.
  Time since last request: 0.000014 seconds.
  path: Assets/Brick Project Studio/Fast Food Restaurant Kit/Common/Textures/Tray_01_A.png
  artifactKey: Guid(343d54746fffd0d48a1aa6cd9dea7b97) Importer(2089858483,0ecaa5967403d082aa24f35e1b516d23)
Start importing Assets/Brick Project Studio/Fast Food Restaurant Kit/Common/Textures/Tray_01_A.png using Guid(343d54746fffd0d48a1aa6cd9dea7b97) Importer(2089858483,0ecaa5967403d082aa24f35e1b516d23) [PhysX] Initialized MultithreadedTaskDispatcher with 24 workers.
 -> (artifact id: 'e71457f4459b5e819ef706b8081bd6a0') in 0.014495 seconds
Number of updated asset objects reloaded before import = 0
Number of asset objects unloaded after import = 1
========================================================================
Received Import Request.
  Time since last request: 0.000029 seconds.
  path: Assets/Brick Project Studio/_BPS Basic Assets/_Prefabs/Legacy/Tiled Floor.prefab
  artifactKey: Guid(51d3051b1d589214e960ae74c8933521) Importer(2089858483,0ecaa5967403d082aa24f35e1b516d23)
Start importing Assets/Brick Project Studio/_BPS Basic Assets/_Prefabs/Legacy/Tiled Floor.prefab using Guid(51d3051b1d589214e960ae74c8933521) Importer(2089858483,0ecaa5967403d082aa24f35e1b516d23) [PhysX] Initialized MultithreadedTaskDispatcher with 24 workers.
 -> (artifact id: '133a1b0e62957031242f002d8bab4776') in 0.026974 seconds
Number of updated asset objects reloaded before import = 0
Number of asset objects unloaded after import = 7
========================================================================
Received Import Request.
  Time since last request: 0.000016 seconds.
  path: Assets/Brick Project Studio/_BPS Basic Assets/_Prefabs/Base Scene/BA_Concrete Plane.prefab
  artifactKey: Guid(0a39e6bc93e859145a2f868ff0277c31) Importer(2089858483,0ecaa5967403d082aa24f35e1b516d23)
Start importing Assets/Brick Project Studio/_BPS Basic Assets/_Prefabs/Base Scene/BA_Concrete Plane.prefab using Guid(0a39e6bc93e859145a2f868ff0277c31) Importer(2089858483,0ecaa5967403d082aa24f35e1b516d23) [PhysX] Initialized MultithreadedTaskDispatcher with 24 workers.
 -> (artifact id: '8d199314d13345e126ebfa94336f9be7') in 0.023338 seconds
Number of updated asset objects reloaded before import = 0
Number of asset objects unloaded after import = 7
========================================================================
Received Import Request.
  Time since last request: 0.000015 seconds.
  path: Assets/Brick Project Studio/Fast Food Restaurant Kit/_Prefabs/Fast Food Build Kit/Divider/FFK_Divider_01_04_01.prefab
  artifactKey: Guid(1cb71233034ef3741aeb2772b4885939) Importer(2089858483,0ecaa5967403d082aa24f35e1b516d23)
Start importing Assets/Brick Project Studio/Fast Food Restaurant Kit/_Prefabs/Fast Food Build Kit/Divider/FFK_Divider_01_04_01.prefab using Guid(1cb71233034ef3741aeb2772b4885939) Importer(2089858483,0ecaa5967403d082aa24f35e1b516d23) [PhysX] Initialized MultithreadedTaskDispatcher with 24 workers.
 -> (artifact id: 'd455d4c05faad45673674e4539cfc8c5') in 0.018930 seconds
Number of updated asset objects reloaded before import = 0
Number of asset objects unloaded after import = 7
========================================================================
Received Import Request.
  Time since last request: 0.000016 seconds.
  path: Assets/Brick Project Studio/Fast Food Restaurant Kit/_Prefabs/Fast Food Build Kit/Divider/FFK_Divider_01_05_01.prefab
  artifactKey: Guid(edcf60ca3d9d06b4da15591269f36c32) Importer(2089858483,0ecaa5967403d082aa24f35e1b516d23)
Start importing Assets/Brick Project Studio/Fast Food Restaurant Kit/_Prefabs/Fast Food Build Kit/Divider/FFK_Divider_01_05_01.prefab using Guid(edcf60ca3d9d06b4da15591269f36c32) Importer(2089858483,0ecaa5967403d082aa24f35e1b516d23) [PhysX] Initialized MultithreadedTaskDispatcher with 24 workers.
 -> (artifact id: '39ba7f4b9e0d90e7c086f34701addd40') in 0.017861 seconds
Number of updated asset objects reloaded before import = 0
Number of asset objects unloaded after import = 7
========================================================================
Received Import Request.
  Time since last request: 0.000017 seconds.
  path: Assets/Brick Project Studio/_BPS Basic Assets/Common/Textures/Brick Project Studio  Icon.png
  artifactKey: Guid(9d27820131b0e99458aa15c850393b95) Importer(2089858483,0ecaa5967403d082aa24f35e1b516d23)
Start importing Assets/Brick Project Studio/_BPS Basic Assets/Common/Textures/Brick Project Studio  Icon.png using Guid(9d27820131b0e99458aa15c850393b95) Importer(2089858483,0ecaa5967403d082aa24f35e1b516d23) [PhysX] Initialized MultithreadedTaskDispatcher with 24 workers.
 -> (artifact id: '1828091815b794660f4f89db936d7c77') in 0.024245 seconds
Number of updated asset objects reloaded before import = 0
Number of asset objects unloaded after import = 1
========================================================================
Received Import Request.
  Time since last request: 0.000024 seconds.
  path: Assets/Brick Project Studio/Fast Food Restaurant Kit/_Prefabs/Fast Food Build Kit/Divider/FFK_Divider_01_01_01.prefab
  artifactKey: Guid(9bb513224d08f61429103180bcd844c3) Importer(2089858483,0ecaa5967403d082aa24f35e1b516d23)
Start importing Assets/Brick Project Studio/Fast Food Restaurant Kit/_Prefabs/Fast Food Build Kit/Divider/FFK_Divider_01_01_01.prefab using Guid(9bb513224d08f61429103180bcd844c3) Importer(2089858483,0ecaa5967403d082aa24f35e1b516d23) [PhysX] Initialized MultithreadedTaskDispatcher with 24 workers.
 -> (artifact id: '0a8a55b39ee430711a6653a77406229b') in 0.022137 seconds
Number of updated asset objects reloaded before import = 0
Number of asset objects unloaded after import = 8
========================================================================
Received Import Request.
  Time since last request: 0.000015 seconds.
  path: Assets/Brick Project Studio/Fast Food Restaurant Kit/Common/Textures/FFK_Wood_01_N.png
  artifactKey: Guid(0fc735b993adf4d41a1715cf5a12926d) Importer(2089858483,0ecaa5967403d082aa24f35e1b516d23)
Start importing Assets/Brick Project Studio/Fast Food Restaurant Kit/Common/Textures/FFK_Wood_01_N.png using Guid(0fc735b993adf4d41a1715cf5a12926d) Importer(2089858483,0ecaa5967403d082aa24f35e1b516d23) [PhysX] Initialized MultithreadedTaskDispatcher with 24 workers.
 -> (artifact id: '29359f89750603dc40f580499f6cf423') in 0.015997 seconds
Number of updated asset objects reloaded before import = 0
Number of asset objects unloaded after import = 1
========================================================================
Received Import Request.
  Time since last request: 0.000015 seconds.
  path: Assets/Brick Project Studio/Fast Food Restaurant Kit/_Prefabs/Fast Food Build Kit/Counter Top/FFK_CounterTable_03_01.prefab
  artifactKey: Guid(41d7510da8f3c824eb2eabd7ee1ab346) Importer(2089858483,0ecaa5967403d082aa24f35e1b516d23)
Start importing Assets/Brick Project Studio/Fast Food Restaurant Kit/_Prefabs/Fast Food Build Kit/Counter Top/FFK_CounterTable_03_01.prefab using Guid(41d7510da8f3c824eb2eabd7ee1ab346) Importer(2089858483,0ecaa5967403d082aa24f35e1b516d23) [PhysX] Initialized MultithreadedTaskDispatcher with 24 workers.
 -> (artifact id: '4ab8b2c56f3f30249805daafed5b6f4b') in 0.015984 seconds
Number of updated asset objects reloaded before import = 0
Number of asset objects unloaded after import = 8
========================================================================
Received Import Request.
  Time since last request: 0.000014 seconds.
  path: Assets/AK Studio Art/Surveillance Camera/Textures/Indoor HDRI.exr
  artifactKey: Guid(6edf1541fa5e0ac4fb8dce30b023679a) Importer(2089858483,0ecaa5967403d082aa24f35e1b516d23)
Start importing Assets/AK Studio Art/Surveillance Camera/Textures/Indoor HDRI.exr using Guid(6edf1541fa5e0ac4fb8dce30b023679a) Importer(2089858483,0ecaa5967403d082aa24f35e1b516d23) [PhysX] Initialized MultithreadedTaskDispatcher with 24 workers.
 -> (artifact id: '467cfd521ad8ee0fcc42fea324340598') in 0.020393 seconds
Number of updated asset objects reloaded before import = 0
Number of asset objects unloaded after import = 1
========================================================================
Received Import Request.
  Time since last request: 0.000045 seconds.
  path: Assets/Brick Project Studio/_BPS Basic Assets/_Prefabs/Base Scene/BA_Simple Cursor.prefab
  artifactKey: Guid(f29f229ca7700404abfeb5f8c1859d62) Importer(2089858483,0ecaa5967403d082aa24f35e1b516d23)
Start importing Assets/Brick Project Studio/_BPS Basic Assets/_Prefabs/Base Scene/BA_Simple Cursor.prefab using Guid(f29f229ca7700404abfeb5f8c1859d62) Importer(2089858483,0ecaa5967403d082aa24f35e1b516d23) [PhysX] Initialized MultithreadedTaskDispatcher with 24 workers.
 -> (artifact id: 'ce0afc9a368dca4e89ac1eebe321d816') in 0.037284 seconds
Number of updated asset objects reloaded before import = 0
Number of asset objects unloaded after import = 11
========================================================================
Received Import Request.
  Time since last request: 0.000018 seconds.
  path: Assets/Brick Project Studio/Fast Food Restaurant Kit/Common/Textures/Fried_01_N.png
  artifactKey: Guid(4e77517ca4e632743bae541a7179a18f) Importer(2089858483,0ecaa5967403d082aa24f35e1b516d23)
Start importing Assets/Brick Project Studio/Fast Food Restaurant Kit/Common/Textures/Fried_01_N.png using Guid(4e77517ca4e632743bae541a7179a18f) Importer(2089858483,0ecaa5967403d082aa24f35e1b516d23) [PhysX] Initialized MultithreadedTaskDispatcher with 24 workers.
 -> (artifact id: '2d6189b483c344fbfe5275f756a20b24') in 0.018814 seconds
Number of updated asset objects reloaded before import = 0
Number of asset objects unloaded after import = 1
========================================================================
Received Import Request.
  Time since last request: 0.000013 seconds.
  path: Assets/Brick Project Studio/_BPS Basic Assets/Common/Models/BPS_RR.fbx
  artifactKey: Guid(37d1da0067b60bd4282c0eaee639654e) Importer(2089858483,0ecaa5967403d082aa24f35e1b516d23)
Start importing Assets/Brick Project Studio/_BPS Basic Assets/Common/Models/BPS_RR.fbx using Guid(37d1da0067b60bd4282c0eaee639654e) Importer(2089858483,0ecaa5967403d082aa24f35e1b516d23) [PhysX] Initialized MultithreadedTaskDispatcher with 24 workers.
 -> (artifact id: '94eb9572f5bffbbb16da441aefbe07f5') in 0.051879 seconds
Number of updated asset objects reloaded before import = 0
Number of asset objects unloaded after import = 244
========================================================================
Received Import Request.
  Time since last request: 0.000016 seconds.
  path: Assets/Brick Project Studio/Fast Food Restaurant Kit/_Prefabs/Fast Food Build Kit/Divider/FFK_Divider_02_02_01.prefab
  artifactKey: Guid(654e2b6c11bc26c4a835d27cfb2b015a) Importer(2089858483,0ecaa5967403d082aa24f35e1b516d23)
Start importing Assets/Brick Project Studio/Fast Food Restaurant Kit/_Prefabs/Fast Food Build Kit/Divider/FFK_Divider_02_02_01.prefab using Guid(654e2b6c11bc26c4a835d27cfb2b015a) Importer(2089858483,0ecaa5967403d082aa24f35e1b516d23) [PhysX] Initialized MultithreadedTaskDispatcher with 24 workers.
 -> (artifact id: '138f8e26e7a8bcae84107a45d9bc769a') in 0.027040 seconds
Number of updated asset objects reloaded before import = 0
Number of asset objects unloaded after import = 8
========================================================================
Received Import Request.
  Time since last request: 0.000021 seconds.
  path: Assets/AK Studio Art/Surveillance Camera/Settings/HDRP/DefaultLookDevProfile.asset
  artifactKey: Guid(bf21ff951fa135242b51a08a57cf367e) Importer(2089858483,0ecaa5967403d082aa24f35e1b516d23)
Start importing Assets/AK Studio Art/Surveillance Camera/Settings/HDRP/DefaultLookDevProfile.asset using Guid(bf21ff951fa135242b51a08a57cf367e) Importer(2089858483,0ecaa5967403d082aa24f35e1b516d23) [PhysX] Initialized MultithreadedTaskDispatcher with 24 workers.
 -> (artifact id: 'c33c030a700104495ce8fdcfd2283027') in 0.013969 seconds
Number of updated asset objects reloaded before import = 0
Number of asset objects unloaded after import = 1
========================================================================
Received Import Request.
  Time since last request: 0.000019 seconds.
  path: Assets/AK Studio Art/Surveillance Camera/Settings/HDRP/SkinDiffusionProfile.asset
  artifactKey: Guid(f7497bead53869b439049b222d66c230) Importer(2089858483,0ecaa5967403d082aa24f35e1b516d23)
Start importing Assets/AK Studio Art/Surveillance Camera/Settings/HDRP/SkinDiffusionProfile.asset using Guid(f7497bead53869b439049b222d66c230) Importer(2089858483,0ecaa5967403d082aa24f35e1b516d23) [PhysX] Initialized MultithreadedTaskDispatcher with 24 workers.
 -> (artifact id: '528cd4fb95299a03e351795f9b533c33') in 0.012162 seconds
Number of updated asset objects reloaded before import = 0
Number of asset objects unloaded after import = 1
========================================================================
Received Import Request.
  Time since last request: 0.000016 seconds.
  path: Assets/Brick Project Studio/Fast Food Restaurant Kit/Common/Textures/Fried_01_A.png
  artifactKey: Guid(e9e6632402ad7e942a833c223a9c22ad) Importer(2089858483,0ecaa5967403d082aa24f35e1b516d23)
Start importing Assets/Brick Project Studio/Fast Food Restaurant Kit/Common/Textures/Fried_01_A.png using Guid(e9e6632402ad7e942a833c223a9c22ad) Importer(2089858483,0ecaa5967403d082aa24f35e1b516d23) [PhysX] Initialized MultithreadedTaskDispatcher with 24 workers.
 -> (artifact id: '4a7c31be5cb8ddec351de311ab621398') in 0.021312 seconds
Number of updated asset objects reloaded before import = 0
Number of asset objects unloaded after import = 1
========================================================================
Received Import Request.
  Time since last request: 0.000015 seconds.
  path: Assets/Brick Project Studio/Fast Food Restaurant Kit/Common/Textures/Carton_Fries_01_A.png
  artifactKey: Guid(3a5eecc1aea263d408b6ceb6ddba1581) Importer(2089858483,0ecaa5967403d082aa24f35e1b516d23)
Start importing Assets/Brick Project Studio/Fast Food Restaurant Kit/Common/Textures/Carton_Fries_01_A.png using Guid(3a5eecc1aea263d408b6ceb6ddba1581) Importer(2089858483,0ecaa5967403d082aa24f35e1b516d23) [PhysX] Initialized MultithreadedTaskDispatcher with 24 workers.
 -> (artifact id: '37c89c51f33746bcea6d2ce5d5a38182') in 0.020779 seconds
Number of updated asset objects reloaded before import = 0
Number of asset objects unloaded after import = 1
========================================================================
Received Import Request.
  Time since last request: 0.000015 seconds.
  path: Assets/AK Studio Art/Surveillance Camera/Settings/HDRP/DefaultSettingsVolumeProfile.asset
  artifactKey: Guid(00ff3142dc8214b4787710b0f89313c7) Importer(2089858483,0ecaa5967403d082aa24f35e1b516d23)
Start importing Assets/AK Studio Art/Surveillance Camera/Settings/HDRP/DefaultSettingsVolumeProfile.asset using Guid(00ff3142dc8214b4787710b0f89313c7) Importer(2089858483,0ecaa5967403d082aa24f35e1b516d23) [PhysX] Initialized MultithreadedTaskDispatcher with 24 workers.
 -> (artifact id: '0c439b2d39521bc9fe16f4c9495d5f47') in 0.137296 seconds
Number of updated asset objects reloaded before import = 0
Number of asset objects unloaded after import = 1
========================================================================
Received Import Request.
  Time since last request: 0.000014 seconds.
  path: Assets/Brick Project Studio/Fast Food Restaurant Kit/_Prefabs/Furniture/Misc/FFK_TrashBin_01_01.prefab
  artifactKey: Guid(94b0b1569fa2f664daefecf0f4768ab3) Importer(2089858483,0ecaa5967403d082aa24f35e1b516d23)
Start importing Assets/Brick Project Studio/Fast Food Restaurant Kit/_Prefabs/Furniture/Misc/FFK_TrashBin_01_01.prefab using Guid(94b0b1569fa2f664daefecf0f4768ab3) Importer(2089858483,0ecaa5967403d082aa24f35e1b516d23) [PhysX] Initialized MultithreadedTaskDispatcher with 24 workers.
 -> (artifact id: 'ab563bd567bcf91d95d3c4e650c260b4') in 0.017217 seconds
Number of updated asset objects reloaded before import = 0
Number of asset objects unloaded after import = 49
========================================================================
Received Import Request.
  Time since last request: 0.000041 seconds.
  path: Assets/Brick Project Studio/Fast Food Restaurant Kit/_Prefabs/Furniture/Seating/FFK_Stool_02_03.prefab
  artifactKey: Guid(cd2eb8e1d36cdd14784fd084d6cc75a0) Importer(2089858483,0ecaa5967403d082aa24f35e1b516d23)
Start importing Assets/Brick Project Studio/Fast Food Restaurant Kit/_Prefabs/Furniture/Seating/FFK_Stool_02_03.prefab using Guid(cd2eb8e1d36cdd14784fd084d6cc75a0) Importer(2089858483,0ecaa5967403d082aa24f35e1b516d23) [PhysX] Initialized MultithreadedTaskDispatcher with 24 workers.
 -> (artifact id: '77a4d68a7899f097bd539a92e05bcc19') in 0.019175 seconds
Number of updated asset objects reloaded before import = 0
Number of asset objects unloaded after import = 13
========================================================================
Received Import Request.
  Time since last request: 0.004428 seconds.
  path: Assets/Brick Project Studio/Fast Food Restaurant Kit/_Prefabs/Fast Food Build Kit/Floors Walls Ceiling Doors/Int_FFK_01_Wall_Double_01.prefab
  artifactKey: Guid(edd93407c37e4eb4d853936a7d476ba9) Importer(2089858483,0ecaa5967403d082aa24f35e1b516d23)
Start importing Assets/Brick Project Studio/Fast Food Restaurant Kit/_Prefabs/Fast Food Build Kit/Floors Walls Ceiling Doors/Int_FFK_01_Wall_Double_01.prefab using Guid(edd93407c37e4eb4d853936a7d476ba9) Importer(2089858483,0ecaa5967403d082aa24f35e1b516d23) [PhysX] Initialized MultithreadedTaskDispatcher with 24 workers.
 -> (artifact id: 'dd1ce9f2496fc683bdf80115efaa32df') in 0.020048 seconds
Number of updated asset objects reloaded before import = 0
Number of asset objects unloaded after import = 8
========================================================================
Received Import Request.
  Time since last request: 0.000015 seconds.
  path: Assets/Brick Project Studio/Fast Food Restaurant Kit/_Prefabs/Furniture/Tables/FFK_Table_02_01.prefab
  artifactKey: Guid(ce68d20988963054192ba6c6e960b1bc) Importer(2089858483,0ecaa5967403d082aa24f35e1b516d23)
Start importing Assets/Brick Project Studio/Fast Food Restaurant Kit/_Prefabs/Furniture/Tables/FFK_Table_02_01.prefab using Guid(ce68d20988963054192ba6c6e960b1bc) Importer(2089858483,0ecaa5967403d082aa24f35e1b516d23) [PhysX] Initialized MultithreadedTaskDispatcher with 24 workers.
 -> (artifact id: 'e77b53c148dc5518552bac55e02762b3') in 0.012929 seconds
Number of updated asset objects reloaded before import = 0
Number of asset objects unloaded after import = 14
========================================================================
Received Import Request.
  Time since last request: 0.000017 seconds.
  path: Assets/Brick Project Studio/Fast Food Restaurant Kit/_Prefabs/Fast Food Build Kit/Floors Walls Ceiling Doors/Int_FFK_01_Filler_03.prefab
  artifactKey: Guid(e79ee9a2f2943cd4f82bd7e113e7fb56) Importer(2089858483,0ecaa5967403d082aa24f35e1b516d23)
Start importing Assets/Brick Project Studio/Fast Food Restaurant Kit/_Prefabs/Fast Food Build Kit/Floors Walls Ceiling Doors/Int_FFK_01_Filler_03.prefab using Guid(e79ee9a2f2943cd4f82bd7e113e7fb56) Importer(2089858483,0ecaa5967403d082aa24f35e1b516d23) [PhysX] Initialized MultithreadedTaskDispatcher with 24 workers.
 -> (artifact id: 'f533fcd9c804e477267bf34e0a02a403') in 0.017888 seconds
Number of updated asset objects reloaded before import = 0
Number of asset objects unloaded after import = 7
========================================================================
Received Import Request.
  Time since last request: 0.004731 seconds.
  path: Assets/Brick Project Studio/Fast Food Restaurant Kit/_Prefabs/Fast Food Build Kit/Int_Ext/ExtInt_FFK_Wall_01_01.prefab
  artifactKey: Guid(8ac7ecdbda8cff84cac06dc1b9b33100) Importer(2089858483,0ecaa5967403d082aa24f35e1b516d23)
Start importing Assets/Brick Project Studio/Fast Food Restaurant Kit/_Prefabs/Fast Food Build Kit/Int_Ext/ExtInt_FFK_Wall_01_01.prefab using Guid(8ac7ecdbda8cff84cac06dc1b9b33100) Importer(2089858483,0ecaa5967403d082aa24f35e1b516d23) [PhysX] Initialized MultithreadedTaskDispatcher with 24 workers.
 -> (artifact id: 'bf2a835f2ca29ca41f2983a8c56e6316') in 0.015644 seconds
Number of updated asset objects reloaded before import = 0
Number of asset objects unloaded after import = 19
========================================================================
Received Import Request.
  Time since last request: 0.000394 seconds.
  path: Assets/Brick Project Studio/Fast Food Restaurant Kit/_Prefabs/Fast Food Build Kit/Int_Ext/ExtInt_FFK_Entrance_01_01.prefab
  artifactKey: Guid(a1c30a26aa98a394b83668e45d9044be) Importer(2089858483,0ecaa5967403d082aa24f35e1b516d23)
Start importing Assets/Brick Project Studio/Fast Food Restaurant Kit/_Prefabs/Fast Food Build Kit/Int_Ext/ExtInt_FFK_Entrance_01_01.prefab using Guid(a1c30a26aa98a394b83668e45d9044be) Importer(2089858483,0ecaa5967403d082aa24f35e1b516d23) [PhysX] Initialized MultithreadedTaskDispatcher with 24 workers.
 -> (artifact id: '0585eb64a91b55ce2062d7d542a76a3e') in 0.015042 seconds
Number of updated asset objects reloaded before import = 0
Number of asset objects unloaded after import = 38
========================================================================
Received Import Request.
  Time since last request: 0.000013 seconds.
  path: Assets/Brick Project Studio/Fast Food Restaurant Kit/_Prefabs/Furniture/Seating/FFK_Stool_02_02.prefab
  artifactKey: Guid(bd6afbd0ba4210249ae73eb0f02c8018) Importer(2089858483,0ecaa5967403d082aa24f35e1b516d23)
Start importing Assets/Brick Project Studio/Fast Food Restaurant Kit/_Prefabs/Furniture/Seating/FFK_Stool_02_02.prefab using Guid(bd6afbd0ba4210249ae73eb0f02c8018) Importer(2089858483,0ecaa5967403d082aa24f35e1b516d23) [PhysX] Initialized MultithreadedTaskDispatcher with 24 workers.
 -> (artifact id: '037c0c9ffcf07f53eaef116d4f94ef2c') in 0.013242 seconds
Number of updated asset objects reloaded before import = 0
Number of asset objects unloaded after import = 13
========================================================================
Received Import Request.
  Time since last request: 0.000016 seconds.
  path: Assets/Brick Project Studio/Fast Food Restaurant Kit/_Prefabs/Fast Food Build Kit/Floors Walls Ceiling Doors/Int_FFK_01_Filler_02.prefab
  artifactKey: Guid(afce10d3e141d1746ba4d8b0185bf09c) Importer(2089858483,0ecaa5967403d082aa24f35e1b516d23)
Start importing Assets/Brick Project Studio/Fast Food Restaurant Kit/_Prefabs/Fast Food Build Kit/Floors Walls Ceiling Doors/Int_FFK_01_Filler_02.prefab using Guid(afce10d3e141d1746ba4d8b0185bf09c) Importer(2089858483,0ecaa5967403d082aa24f35e1b516d23) [PhysX] Initialized MultithreadedTaskDispatcher with 24 workers.
 -> (artifact id: 'ed05698432c046e11fd3c609f706cbbf') in 0.022513 seconds
Number of updated asset objects reloaded before import = 0
Number of asset objects unloaded after import = 7
========================================================================
Received Import Request.
  Time since last request: 0.000017 seconds.
  path: Assets/Brick Project Studio/Fast Food Restaurant Kit/_Prefabs/Fast Food Build Kit/Divider/FFK_Divider_04_01_01.prefab
  artifactKey: Guid(ee2635db75bc940418f56e97399caf59) Importer(2089858483,0ecaa5967403d082aa24f35e1b516d23)
Start importing Assets/Brick Project Studio/Fast Food Restaurant Kit/_Prefabs/Fast Food Build Kit/Divider/FFK_Divider_04_01_01.prefab using Guid(ee2635db75bc940418f56e97399caf59) Importer(2089858483,0ecaa5967403d082aa24f35e1b516d23) [PhysX] Initialized MultithreadedTaskDispatcher with 24 workers.
 -> (artifact id: 'ca6e183b44b94217858fcc2d6571db8f') in 0.013023 seconds
Number of updated asset objects reloaded before import = 0
Number of asset objects unloaded after import = 13
========================================================================
Received Import Request.
  Time since last request: 0.000013 seconds.
  path: Assets/Brick Project Studio/Fast Food Restaurant Kit/_Prefabs/Fast Food Build Kit/Floors Walls Ceiling Doors/Int_FFK_01_Floor_01.prefab
  artifactKey: Guid(3c0b460c20e5c954d8523df4157882d1) Importer(2089858483,0ecaa5967403d082aa24f35e1b516d23)
Start importing Assets/Brick Project Studio/Fast Food Restaurant Kit/_Prefabs/Fast Food Build Kit/Floors Walls Ceiling Doors/Int_FFK_01_Floor_01.prefab using Guid(3c0b460c20e5c954d8523df4157882d1) Importer(2089858483,0ecaa5967403d082aa24f35e1b516d23) [PhysX] Initialized MultithreadedTaskDispatcher with 24 workers.
 -> (artifact id: '4df30e6903f3bf6fe2efca1894ae9ab4') in 0.014463 seconds
Number of updated asset objects reloaded before import = 0
Number of asset objects unloaded after import = 8
========================================================================
Received Import Request.
  Time since last request: 0.000013 seconds.
  path: Assets/Brick Project Studio/Fast Food Restaurant Kit/_Prefabs/Furniture/Seating/FFK_Stool_01_02.prefab
  artifactKey: Guid(9c9cdb25d1496bc4283140ff5290d4f2) Importer(2089858483,0ecaa5967403d082aa24f35e1b516d23)
Start importing Assets/Brick Project Studio/Fast Food Restaurant Kit/_Prefabs/Furniture/Seating/FFK_Stool_01_02.prefab using Guid(9c9cdb25d1496bc4283140ff5290d4f2) Importer(2089858483,0ecaa5967403d082aa24f35e1b516d23) [PhysX] Initialized MultithreadedTaskDispatcher with 24 workers.
 -> (artifact id: '89338caca2e832896ae4b0cbc1cfbc9d') in 0.014805 seconds
Number of updated asset objects reloaded before import = 0
Number of asset objects unloaded after import = 13
========================================================================
Received Import Request.
  Time since last request: 0.000016 seconds.
  path: Assets/Brick Project Studio/Fast Food Restaurant Kit/_Prefabs/Fast Food Build Kit/Divider/FFK_Divider_05_01_01.prefab
  artifactKey: Guid(35f4cfc8a1829e041b57257c96c85b7b) Importer(2089858483,0ecaa5967403d082aa24f35e1b516d23)
Start importing Assets/Brick Project Studio/Fast Food Restaurant Kit/_Prefabs/Fast Food Build Kit/Divider/FFK_Divider_05_01_01.prefab using Guid(35f4cfc8a1829e041b57257c96c85b7b) Importer(2089858483,0ecaa5967403d082aa24f35e1b516d23) [PhysX] Initialized MultithreadedTaskDispatcher with 24 workers.
 -> (artifact id: 'a84a75c94691d3d9ac6d67b38e1317fa') in 0.025391 seconds
Number of updated asset objects reloaded before import = 0
Number of asset objects unloaded after import = 8
========================================================================
Received Import Request.
  Time since last request: 0.000017 seconds.
  path: Assets/Brick Project Studio/Fast Food Restaurant Kit/_Prefabs/Fast Food Build Kit/Divider/FFK_Divider_02_01_01.prefab
  artifactKey: Guid(ebf1bcc9d3a3080448905202886c6801) Importer(2089858483,0ecaa5967403d082aa24f35e1b516d23)
Start importing Assets/Brick Project Studio/Fast Food Restaurant Kit/_Prefabs/Fast Food Build Kit/Divider/FFK_Divider_02_01_01.prefab using Guid(ebf1bcc9d3a3080448905202886c6801) Importer(2089858483,0ecaa5967403d082aa24f35e1b516d23) [PhysX] Initialized MultithreadedTaskDispatcher with 24 workers.
 -> (artifact id: '6fe7aa3e09143e00e84ac194705f8a02') in 0.012035 seconds
Number of updated asset objects reloaded before import = 0
Number of asset objects unloaded after import = 13
========================================================================
Received Import Request.
  Time since last request: 0.000019 seconds.
  path: Assets/Brick Project Studio/Fast Food Restaurant Kit/Common/Textures/FFK_Kiosk screen.png
  artifactKey: Guid(6d1adc68a39faca41a74c7f1348b077a) Importer(2089858483,0ecaa5967403d082aa24f35e1b516d23)
Start importing Assets/Brick Project Studio/Fast Food Restaurant Kit/Common/Textures/FFK_Kiosk screen.png using Guid(6d1adc68a39faca41a74c7f1348b077a) Importer(2089858483,0ecaa5967403d082aa24f35e1b516d23) [PhysX] Initialized MultithreadedTaskDispatcher with 24 workers.
 -> (artifact id: '185637d9219a06892435523484cb6846') in 0.036503 seconds
Number of updated asset objects reloaded before import = 0
Number of asset objects unloaded after import = 1
========================================================================
Received Import Request.
  Time since last request: 0.000021 seconds.
  path: Assets/Brick Project Studio/Fast Food Restaurant Kit/Common/Materials/Ketchup_01.mat
  artifactKey: Guid(6f82e42e1fcec1841b20f30a44c71146) Importer(2089858483,0ecaa5967403d082aa24f35e1b516d23)
Start importing Assets/Brick Project Studio/Fast Food Restaurant Kit/Common/Materials/Ketchup_01.mat using Guid(6f82e42e1fcec1841b20f30a44c71146) Importer(2089858483,0ecaa5967403d082aa24f35e1b516d23) [PhysX] Initialized MultithreadedTaskDispatcher with 24 workers.
 -> (artifact id: '7ab5fce84ad218e73cefa9267f39c7d2') in 0.016145 seconds
Number of updated asset objects reloaded before import = 0
Number of asset objects unloaded after import = 2
========================================================================
Received Import Request.
  Time since last request: 0.000014 seconds.
  path: Assets/Brick Project Studio/_BPS Basic Assets/_Prefabs/Fire/Candle Flame.prefab
  artifactKey: Guid(76ba1ca0f3bd5de408854a87c409fe9c) Importer(2089858483,0ecaa5967403d082aa24f35e1b516d23)
Start importing Assets/Brick Project Studio/_BPS Basic Assets/_Prefabs/Fire/Candle Flame.prefab using Guid(76ba1ca0f3bd5de408854a87c409fe9c) Importer(2089858483,0ecaa5967403d082aa24f35e1b516d23) [PhysX] Initialized MultithreadedTaskDispatcher with 24 workers.
 -> (artifact id: 'e10c5e31f678c20698d6b85e00e7f1cc') in 0.055644 seconds
Number of updated asset objects reloaded before import = 0
Number of asset objects unloaded after import = 21
========================================================================
Received Import Request.
  Time since last request: 0.000021 seconds.
  path: Assets/Brick Project Studio/Fast Food Restaurant Kit/_Prefabs/Fast Food Build Kit/Int_Ext/ExtInt_FFK_Entrance_02_01.prefab
  artifactKey: Guid(89ff244a58c1b4e40b2905013ad3b107) Importer(2089858483,0ecaa5967403d082aa24f35e1b516d23)
Start importing Assets/Brick Project Studio/Fast Food Restaurant Kit/_Prefabs/Fast Food Build Kit/Int_Ext/ExtInt_FFK_Entrance_02_01.prefab using Guid(89ff244a58c1b4e40b2905013ad3b107) Importer(2089858483,0ecaa5967403d082aa24f35e1b516d23) [PhysX] Initialized MultithreadedTaskDispatcher with 24 workers.
 -> (artifact id: 'b89e7d0c418fb50ed1431ae9583d2543') in 0.017850 seconds
Number of updated asset objects reloaded before import = 0
Number of asset objects unloaded after import = 38
========================================================================
Received Import Request.
  Time since last request: 0.000015 seconds.
  path: Assets/Brick Project Studio/Fast Food Restaurant Kit/Scene/FFK Sample Scene.unity
  artifactKey: Guid(7629053c4168b464a9dae108f38e30fc) Importer(2089858483,0ecaa5967403d082aa24f35e1b516d23)
Start importing Assets/Brick Project Studio/Fast Food Restaurant Kit/Scene/FFK Sample Scene.unity using Guid(7629053c4168b464a9dae108f38e30fc) Importer(2089858483,0ecaa5967403d082aa24f35e1b516d23) [PhysX] Initialized MultithreadedTaskDispatcher with 24 workers.
 -> (artifact id: '1021a97244052bfb49d2cd64f3e62df9') in 0.009140 seconds
Number of updated asset objects reloaded before import = 0
Number of asset objects unloaded after import = 1
========================================================================
Received Import Request.
  Time since last request: 0.000017 seconds.
  path: Assets/AK Studio Art/Surveillance Camera/Settings/HDRP/FoliageDiffusionProfile.asset
  artifactKey: Guid(6002d766b55cd7341949fd77640279e3) Importer(2089858483,0ecaa5967403d082aa24f35e1b516d23)
Start importing Assets/AK Studio Art/Surveillance Camera/Settings/HDRP/FoliageDiffusionProfile.asset using Guid(6002d766b55cd7341949fd77640279e3) Importer(2089858483,0ecaa5967403d082aa24f35e1b516d23) [PhysX] Initialized MultithreadedTaskDispatcher with 24 workers.
 -> (artifact id: '96c700a82c779f861eb9375ebc54596c') in 0.011141 seconds
Number of updated asset objects reloaded before import = 0
Number of asset objects unloaded after import = 1
========================================================================
Received Import Request.
  Time since last request: 0.000021 seconds.
  path: Assets/Brick Project Studio/Fast Food Restaurant Kit/_Prefabs/Furniture/Seating/FFK_Bench_01_01.prefab
  artifactKey: Guid(e4d1bc9a36422774ab3dfb5fa1aa0185) Importer(2089858483,0ecaa5967403d082aa24f35e1b516d23)
Start importing Assets/Brick Project Studio/Fast Food Restaurant Kit/_Prefabs/Furniture/Seating/FFK_Bench_01_01.prefab using Guid(e4d1bc9a36422774ab3dfb5fa1aa0185) Importer(2089858483,0ecaa5967403d082aa24f35e1b516d23) [PhysX] Initialized MultithreadedTaskDispatcher with 24 workers.
 -> (artifact id: '7330771c391431e2425256c52a87cc49') in 0.021032 seconds
Number of updated asset objects reloaded before import = 0
Number of asset objects unloaded after import = 14
========================================================================
Received Import Request.
  Time since last request: 0.000017 seconds.
  path: Assets/Brick Project Studio/Fast Food Restaurant Kit/Common/Materials/Carton_Burger_01.mat
  artifactKey: Guid(f74fcd32b5747ea47864481461c17d47) Importer(2089858483,0ecaa5967403d082aa24f35e1b516d23)
Start importing Assets/Brick Project Studio/Fast Food Restaurant Kit/Common/Materials/Carton_Burger_01.mat using Guid(f74fcd32b5747ea47864481461c17d47) Importer(2089858483,0ecaa5967403d082aa24f35e1b516d23) [PhysX] Initialized MultithreadedTaskDispatcher with 24 workers.
 -> (artifact id: 'f73ff3706f09007144d692bdb8d411d5') in 0.013180 seconds
Number of updated asset objects reloaded before import = 0
Number of asset objects unloaded after import = 2
========================================================================
Received Import Request.
  Time since last request: 0.000017 seconds.
  path: Assets/Brick Project Studio/Fast Food Restaurant Kit/_Prefabs/Fast Food Build Kit/Floors Walls Ceiling Doors/FFK_DoorFrame_01_02.prefab
  artifactKey: Guid(2d48a5ba5e9c424489a39d7577e631b8) Importer(2089858483,0ecaa5967403d082aa24f35e1b516d23)
Start importing Assets/Brick Project Studio/Fast Food Restaurant Kit/_Prefabs/Fast Food Build Kit/Floors Walls Ceiling Doors/FFK_DoorFrame_01_02.prefab using Guid(2d48a5ba5e9c424489a39d7577e631b8) Importer(2089858483,0ecaa5967403d082aa24f35e1b516d23) [PhysX] Initialized MultithreadedTaskDispatcher with 24 workers.
 -> (artifact id: 'afbbc14db5224d8c7fe7c94b00e08a97') in 0.018269 seconds
Number of updated asset objects reloaded before import = 0
Number of asset objects unloaded after import = 25
========================================================================
Received Import Request.
  Time since last request: 0.000017 seconds.
  path: Assets/Brick Project Studio/_BPS Basic Assets/_Prefabs/Legacy/office chair.prefab
  artifactKey: Guid(99a0f1488ea2c1d47b7e9f7190961e40) Importer(2089858483,0ecaa5967403d082aa24f35e1b516d23)
Start importing Assets/Brick Project Studio/_BPS Basic Assets/_Prefabs/Legacy/office chair.prefab using Guid(99a0f1488ea2c1d47b7e9f7190961e40) Importer(2089858483,0ecaa5967403d082aa24f35e1b516d23) [PhysX] Initialized MultithreadedTaskDispatcher with 24 workers.
 -> (artifact id: '4454edc07559eab99f9bb13a78fe97c2') in 0.022608 seconds
Number of updated asset objects reloaded before import = 0
Number of asset objects unloaded after import = 48
========================================================================
Received Import Request.
  Time since last request: 0.000021 seconds.
  path: Assets/Brick Project Studio/Fast Food Restaurant Kit/_Prefabs/Furniture/Seating/FFK_Stool_01_03.prefab
  artifactKey: Guid(421fc6b16fac8c847bda4f150483b57e) Importer(2089858483,0ecaa5967403d082aa24f35e1b516d23)
Start importing Assets/Brick Project Studio/Fast Food Restaurant Kit/_Prefabs/Furniture/Seating/FFK_Stool_01_03.prefab using Guid(421fc6b16fac8c847bda4f150483b57e) Importer(2089858483,0ecaa5967403d082aa24f35e1b516d23) [PhysX] Initialized MultithreadedTaskDispatcher with 24 workers.
 -> (artifact id: '747fb28fd510af4bec982e1f1c933d16') in 0.019986 seconds
Number of updated asset objects reloaded before import = 0
Number of asset objects unloaded after import = 13
========================================================================
Received Import Request.
  Time since last request: 0.000020 seconds.
  path: Assets/Brick Project Studio/_BPS Basic Assets/Common/Materials/Basic Assets/BA_Glass_02.mat
  artifactKey: Guid(3bded00981e95504a8e47f996835ca9a) Importer(2089858483,0ecaa5967403d082aa24f35e1b516d23)
Start importing Assets/Brick Project Studio/_BPS Basic Assets/Common/Materials/Basic Assets/BA_Glass_02.mat using Guid(3bded00981e95504a8e47f996835ca9a) Importer(2089858483,0ecaa5967403d082aa24f35e1b516d23) [PhysX] Initialized MultithreadedTaskDispatcher with 24 workers.
 -> (artifact id: '8717a39cf99ca40bf649e95a6668528a') in 0.019405 seconds
Number of updated asset objects reloaded before import = 0
Number of asset objects unloaded after import = 1
========================================================================
Received Import Request.
  Time since last request: 0.000028 seconds.
  path: Assets/Brick Project Studio/Fast Food Restaurant Kit/_Prefabs/Props/Tray Setup/Tray_01_Setup_02.prefab
  artifactKey: Guid(fa58b74384495f44b8de38874da8e6e5) Importer(2089858483,0ecaa5967403d082aa24f35e1b516d23)
Start importing Assets/Brick Project Studio/Fast Food Restaurant Kit/_Prefabs/Props/Tray Setup/Tray_01_Setup_02.prefab using Guid(fa58b74384495f44b8de38874da8e6e5) Importer(2089858483,0ecaa5967403d082aa24f35e1b516d23) [PhysX] Initialized MultithreadedTaskDispatcher with 24 workers.
 -> (artifact id: '42cba472dff48b1a09a69da6c43e6bfa') in 0.013587 seconds
Number of updated asset objects reloaded before import = 0
Number of asset objects unloaded after import = 119
========================================================================
Received Import Request.
  Time since last request: 0.000016 seconds.
  path: Assets/Brick Project Studio/Fast Food Restaurant Kit/_Prefabs/Props/Food/Dip_01.prefab
  artifactKey: Guid(cf74888961e6ca146870f03c63a3e26a) Importer(2089858483,0ecaa5967403d082aa24f35e1b516d23)
Start importing Assets/Brick Project Studio/Fast Food Restaurant Kit/_Prefabs/Props/Food/Dip_01.prefab using Guid(cf74888961e6ca146870f03c63a3e26a) Importer(2089858483,0ecaa5967403d082aa24f35e1b516d23) [PhysX] Initialized MultithreadedTaskDispatcher with 24 workers.
 -> (artifact id: '7126622c3f47cfdef56ad96ed5b0cec4') in 0.015781 seconds
Number of updated asset objects reloaded before import = 0
Number of asset objects unloaded after import = 8
========================================================================
Received Import Request.
  Time since last request: 0.000016 seconds.
  path: Assets/Brick Project Studio/Fast Food Restaurant Kit/_Prefabs/Props/Food/Nugget_04.prefab
  artifactKey: Guid(8c192caf4df5a4c4ba9847a271ecc28a) Importer(2089858483,0ecaa5967403d082aa24f35e1b516d23)
Start importing Assets/Brick Project Studio/Fast Food Restaurant Kit/_Prefabs/Props/Food/Nugget_04.prefab using Guid(8c192caf4df5a4c4ba9847a271ecc28a) Importer(2089858483,0ecaa5967403d082aa24f35e1b516d23) [PhysX] Initialized MultithreadedTaskDispatcher with 24 workers.
 -> (artifact id: '1513d2915191ef71926c99eb4c7e55a0') in 0.014882 seconds
Number of updated asset objects reloaded before import = 0
Number of asset objects unloaded after import = 8
========================================================================
Received Import Request.
  Time since last request: 0.000016 seconds.
  path: Assets/Brick Project Studio/Fast Food Restaurant Kit/_Prefabs/Props/Electronics/FFK_Kiosk_ServicePlate_01_01.prefab
  artifactKey: Guid(22083d3c7778346438a911c3b30e2116) Importer(2089858483,0ecaa5967403d082aa24f35e1b516d23)
Start importing Assets/Brick Project Studio/Fast Food Restaurant Kit/_Prefabs/Props/Electronics/FFK_Kiosk_ServicePlate_01_01.prefab using Guid(22083d3c7778346438a911c3b30e2116) Importer(2089858483,0ecaa5967403d082aa24f35e1b516d23) [PhysX] Initialized MultithreadedTaskDispatcher with 24 workers.
 -> (artifact id: '267807af4689be70eb15a4412f869386') in 0.013788 seconds
Number of updated asset objects reloaded before import = 0
Number of asset objects unloaded after import = 110
========================================================================
Received Import Request.
  Time since last request: 0.000017 seconds.
  path: Assets/Brick Project Studio/_BPS Basic Assets/Common/Materials/Basic Assets/BA_Glass_01.mat
  artifactKey: Guid(88b88f875cf0af442996954ba27bdf64) Importer(2089858483,0ecaa5967403d082aa24f35e1b516d23)
Start importing Assets/Brick Project Studio/_BPS Basic Assets/Common/Materials/Basic Assets/BA_Glass_01.mat using Guid(88b88f875cf0af442996954ba27bdf64) Importer(2089858483,0ecaa5967403d082aa24f35e1b516d23) [PhysX] Initialized MultithreadedTaskDispatcher with 24 workers.
 -> (artifact id: 'e399a8c81238dac26e5422e06d92e739') in 0.010104 seconds
Number of updated asset objects reloaded before import = 0
Number of asset objects unloaded after import = 1
========================================================================
Received Import Request.
  Time since last request: 0.000017 seconds.
  path: Assets/Brick Project Studio/Fast Food Restaurant Kit/_Prefabs/Props/Food/Nugget_06.prefab
  artifactKey: Guid(6b923db1b9e141349adbc759414faed6) Importer(2089858483,0ecaa5967403d082aa24f35e1b516d23)
Start importing Assets/Brick Project Studio/Fast Food Restaurant Kit/_Prefabs/Props/Food/Nugget_06.prefab using Guid(6b923db1b9e141349adbc759414faed6) Importer(2089858483,0ecaa5967403d082aa24f35e1b516d23) [PhysX] Initialized MultithreadedTaskDispatcher with 24 workers.
 -> (artifact id: 'f002365298ce96e2294ea0872d169c51') in 0.013857 seconds
Number of updated asset objects reloaded before import = 0
Number of asset objects unloaded after import = 8
========================================================================
Received Import Request.
  Time since last request: 0.000023 seconds.
  path: Assets/Brick Project Studio/_BPS Basic Assets/Common/Materials/Basic Assets/BA_Glass_04.mat
  artifactKey: Guid(65d72af2f614466478d9d8d8d7593b95) Importer(2089858483,0ecaa5967403d082aa24f35e1b516d23)
Start importing Assets/Brick Project Studio/_BPS Basic Assets/Common/Materials/Basic Assets/BA_Glass_04.mat using Guid(65d72af2f614466478d9d8d8d7593b95) Importer(2089858483,0ecaa5967403d082aa24f35e1b516d23) [PhysX] Initialized MultithreadedTaskDispatcher with 24 workers.
 -> (artifact id: '9c9832247dcd158817725985ef69bcb6') in 0.013870 seconds
Number of updated asset objects reloaded before import = 0
Number of asset objects unloaded after import = 1
========================================================================
Received Import Request.
  Time since last request: 0.000021 seconds.
  path: Assets/Brick Project Studio/Fast Food Restaurant Kit/_Prefabs/Props/Food/Ketchup_01.prefab
  artifactKey: Guid(f39c69da2f2329d4a98afbcc9782909f) Importer(2089858483,0ecaa5967403d082aa24f35e1b516d23)
Start importing Assets/Brick Project Studio/Fast Food Restaurant Kit/_Prefabs/Props/Food/Ketchup_01.prefab using Guid(f39c69da2f2329d4a98afbcc9782909f) Importer(2089858483,0ecaa5967403d082aa24f35e1b516d23) [PhysX] Initialized MultithreadedTaskDispatcher with 24 workers.
 -> (artifact id: '9fad07f717d305209713b19f5e17ae4b') in 0.017951 seconds
Number of updated asset objects reloaded before import = 0
Number of asset objects unloaded after import = 8
========================================================================
Received Import Request.
  Time since last request: 0.000018 seconds.
  path: Assets/Brick Project Studio/Fast Food Restaurant Kit/_Prefabs/Props/Lamps/FFK_Lamp_Ceiling_02_02.prefab
  artifactKey: Guid(228c3c0cdb5ccaf439f341dfc8616c64) Importer(2089858483,0ecaa5967403d082aa24f35e1b516d23)
Start importing Assets/Brick Project Studio/Fast Food Restaurant Kit/_Prefabs/Props/Lamps/FFK_Lamp_Ceiling_02_02.prefab using Guid(228c3c0cdb5ccaf439f341dfc8616c64) Importer(2089858483,0ecaa5967403d082aa24f35e1b516d23) [PhysX] Initialized MultithreadedTaskDispatcher with 24 workers.
 -> (artifact id: '56fc4ce298bda8a3a45132af8689636a') in 0.015987 seconds
Number of updated asset objects reloaded before import = 0
Number of asset objects unloaded after import = 18
========================================================================
Received Import Request.
  Time since last request: 0.000028 seconds.
  path: Assets/Brick Project Studio/_BPS Basic Assets/Common/Materials/Basic Assets/BA_Glow_White_01.mat
  artifactKey: Guid(823f8d5383d173a4fb4153a73427684f) Importer(2089858483,0ecaa5967403d082aa24f35e1b516d23)
Start importing Assets/Brick Project Studio/_BPS Basic Assets/Common/Materials/Basic Assets/BA_Glow_White_01.mat using Guid(823f8d5383d173a4fb4153a73427684f) Importer(2089858483,0ecaa5967403d082aa24f35e1b516d23) [PhysX] Initialized MultithreadedTaskDispatcher with 24 workers.
 -> (artifact id: '7048fda856f9e574e5f25a311fa58194') in 0.011792 seconds
Number of updated asset objects reloaded before import = 0
Number of asset objects unloaded after import = 1
========================================================================
Received Import Request.
  Time since last request: 0.000037 seconds.
  path: Assets/Brick Project Studio/Fast Food Restaurant Kit/_Prefabs/Props/Misc/Tray_01.prefab
  artifactKey: Guid(1e24d8121e313f340a583729a7ee93e7) Importer(2089858483,0ecaa5967403d082aa24f35e1b516d23)
Start importing Assets/Brick Project Studio/Fast Food Restaurant Kit/_Prefabs/Props/Misc/Tray_01.prefab using Guid(1e24d8121e313f340a583729a7ee93e7) Importer(2089858483,0ecaa5967403d082aa24f35e1b516d23) [PhysX] Initialized MultithreadedTaskDispatcher with 24 workers.
 -> (artifact id: '74f2d7e703df81511641b2b71c16cabb') in 0.020275 seconds
Number of updated asset objects reloaded before import = 0
Number of asset objects unloaded after import = 8
========================================================================
Received Import Request.
  Time since last request: 0.000018 seconds.
  path: Assets/Brick Project Studio/Fast Food Restaurant Kit/_Prefabs/Props/Misc/TrayLiner_01.prefab
  artifactKey: Guid(f364f2c93d3cd4c4b93b58e17b1e5a1c) Importer(2089858483,0ecaa5967403d082aa24f35e1b516d23)
Start importing Assets/Brick Project Studio/Fast Food Restaurant Kit/_Prefabs/Props/Misc/TrayLiner_01.prefab using Guid(f364f2c93d3cd4c4b93b58e17b1e5a1c) Importer(2089858483,0ecaa5967403d082aa24f35e1b516d23) [PhysX] Initialized MultithreadedTaskDispatcher with 24 workers.
 -> (artifact id: '074a3375fd48106b9b13af272d237ac4') in 0.017646 seconds
Number of updated asset objects reloaded before import = 0
Number of asset objects unloaded after import = 8
========================================================================
Received Import Request.
  Time since last request: 0.000019 seconds.
  path: Assets/Brick Project Studio/Fast Food Restaurant Kit/_Prefabs/Props/Food/Nugget_05.prefab
  artifactKey: Guid(d59d1708b196d3e4fb458a2aa72ef222) Importer(2089858483,0ecaa5967403d082aa24f35e1b516d23)
Start importing Assets/Brick Project Studio/Fast Food Restaurant Kit/_Prefabs/Props/Food/Nugget_05.prefab using Guid(d59d1708b196d3e4fb458a2aa72ef222) Importer(2089858483,0ecaa5967403d082aa24f35e1b516d23) [PhysX] Initialized MultithreadedTaskDispatcher with 24 workers.
 -> (artifact id: '1fed30c03db3df91cdb336011d2ff15b') in 0.010044 seconds
Number of updated asset objects reloaded before import = 0
Number of asset objects unloaded after import = 8
========================================================================
Received Import Request.
  Time since last request: 0.000015 seconds.
  path: Assets/Brick Project Studio/Fast Food Restaurant Kit/_Prefabs/Props/Lamps/FFK_Lamp_Ceiling_03_02.prefab
  artifactKey: Guid(c906b7c556f2141479e02b173fe6c200) Importer(2089858483,0ecaa5967403d082aa24f35e1b516d23)
Start importing Assets/Brick Project Studio/Fast Food Restaurant Kit/_Prefabs/Props/Lamps/FFK_Lamp_Ceiling_03_02.prefab using Guid(c906b7c556f2141479e02b173fe6c200) Importer(2089858483,0ecaa5967403d082aa24f35e1b516d23) [PhysX] Initialized MultithreadedTaskDispatcher with 24 workers.
 -> (artifact id: '15c4a79d8f7885ca7514e329fa42f0a9') in 0.014368 seconds
Number of updated asset objects reloaded before import = 0
Number of asset objects unloaded after import = 18
========================================================================
Received Import Request.
  Time since last request: 0.000022 seconds.
  path: Assets/Brick Project Studio/Fast Food Restaurant Kit/_Prefabs/Furniture/Tables/FFK_Table_10_01.prefab
  artifactKey: Guid(748206b601da6044f8e3201f0106db7d) Importer(2089858483,0ecaa5967403d082aa24f35e1b516d23)
Start importing Assets/Brick Project Studio/Fast Food Restaurant Kit/_Prefabs/Furniture/Tables/FFK_Table_10_01.prefab using Guid(748206b601da6044f8e3201f0106db7d) Importer(2089858483,0ecaa5967403d082aa24f35e1b516d23) [PhysX] Initialized MultithreadedTaskDispatcher with 24 workers.
 -> (artifact id: '692902adebde5cd18e46147e3953bc50') in 0.017101 seconds
Number of updated asset objects reloaded before import = 0
Number of asset objects unloaded after import = 29
========================================================================
Received Import Request.
  Time since last request: 0.000028 seconds.
  path: Assets/Brick Project Studio/Fast Food Restaurant Kit/_Prefabs/Props/Food/Nugget_03.prefab
  artifactKey: Guid(8317c1969d237eb4282e3d1192beca65) Importer(2089858483,0ecaa5967403d082aa24f35e1b516d23)
Start importing Assets/Brick Project Studio/Fast Food Restaurant Kit/_Prefabs/Props/Food/Nugget_03.prefab using Guid(8317c1969d237eb4282e3d1192beca65) Importer(2089858483,0ecaa5967403d082aa24f35e1b516d23) [PhysX] Initialized MultithreadedTaskDispatcher with 24 workers.
 -> (artifact id: '96d5c0d8bd118c2984e920f370594196') in 0.011211 seconds
Number of updated asset objects reloaded before import = 0
Number of asset objects unloaded after import = 8
========================================================================
Received Import Request.
  Time since last request: 0.000018 seconds.
  path: Assets/Brick Project Studio/Fast Food Restaurant Kit/_Prefabs/Props/Electronics/FFK_Register.prefab
  artifactKey: Guid(4f2bbe3a2f1a9bd4581b2d9d53ed42ca) Importer(2089858483,0ecaa5967403d082aa24f35e1b516d23)
Start importing Assets/Brick Project Studio/Fast Food Restaurant Kit/_Prefabs/Props/Electronics/FFK_Register.prefab using Guid(4f2bbe3a2f1a9bd4581b2d9d53ed42ca) Importer(2089858483,0ecaa5967403d082aa24f35e1b516d23) [PhysX] Initialized MultithreadedTaskDispatcher with 24 workers.
 -> (artifact id: 'ef3b6443d9f965a2ea29bf8d299cc5cc') in 0.014411 seconds
Number of updated asset objects reloaded before import = 0
Number of asset objects unloaded after import = 28
========================================================================
Received Import Request.
  Time since last request: 0.000018 seconds.
  path: Assets/Brick Project Studio/Fast Food Restaurant Kit/_Prefabs/Props/Electronics/FFK_ReceiptPrinter_01_01.prefab
  artifactKey: Guid(229d90e951634f543b0a9e106dc0ee37) Importer(2089858483,0ecaa5967403d082aa24f35e1b516d23)
Start importing Assets/Brick Project Studio/Fast Food Restaurant Kit/_Prefabs/Props/Electronics/FFK_ReceiptPrinter_01_01.prefab using Guid(229d90e951634f543b0a9e106dc0ee37) Importer(2089858483,0ecaa5967403d082aa24f35e1b516d23) [PhysX] Initialized MultithreadedTaskDispatcher with 24 workers.
 -> (artifact id: '544c4e96a557b06ae44e4914bad4d7db') in 0.016316 seconds
Number of updated asset objects reloaded before import = 0
Number of asset objects unloaded after import = 13
========================================================================
Received Import Request.
  Time since last request: 0.000018 seconds.
  path: Assets/Brick Project Studio/Fast Food Restaurant Kit/_Prefabs/Fast Food Build Kit/Divider/FFK_Divider_01_03_01.prefab
  artifactKey: Guid(b6d1decebc983ca4493e066e6e666e9c) Importer(2089858483,0ecaa5967403d082aa24f35e1b516d23)
Start importing Assets/Brick Project Studio/Fast Food Restaurant Kit/_Prefabs/Fast Food Build Kit/Divider/FFK_Divider_01_03_01.prefab using Guid(b6d1decebc983ca4493e066e6e666e9c) Importer(2089858483,0ecaa5967403d082aa24f35e1b516d23) [PhysX] Initialized MultithreadedTaskDispatcher with 24 workers.
 -> (artifact id: '98d5b61a94ac6fe7e4fc5fc2fc18636e') in 0.019326 seconds
Number of updated asset objects reloaded before import = 0
Number of asset objects unloaded after import = 13
========================================================================
Received Import Request.
  Time since last request: 0.000020 seconds.
  path: Assets/Brick Project Studio/Fast Food Restaurant Kit/Common/Textures/DrinkLid_01_A.png
  artifactKey: Guid(9176201804a27664a8e5ec725e5c0527) Importer(2089858483,0ecaa5967403d082aa24f35e1b516d23)
Start importing Assets/Brick Project Studio/Fast Food Restaurant Kit/Common/Textures/DrinkLid_01_A.png using Guid(9176201804a27664a8e5ec725e5c0527) Importer(2089858483,0ecaa5967403d082aa24f35e1b516d23) [PhysX] Initialized MultithreadedTaskDispatcher with 24 workers.
 -> (artifact id: '4834dfa5f5dfb28e8c9e9355370b51ff') in 0.018691 seconds
Number of updated asset objects reloaded before import = 0
Number of asset objects unloaded after import = 1
========================================================================
Received Import Request.
  Time since last request: 0.000029 seconds.
  path: Assets/Brick Project Studio/Fast Food Restaurant Kit/Common/Textures/FFK_ButtonPress.png
  artifactKey: Guid(3baabfbd4444c2b43b3133193fd24d40) Importer(2089858483,0ecaa5967403d082aa24f35e1b516d23)
Start importing Assets/Brick Project Studio/Fast Food Restaurant Kit/Common/Textures/FFK_ButtonPress.png using Guid(3baabfbd4444c2b43b3133193fd24d40) Importer(2089858483,0ecaa5967403d082aa24f35e1b516d23) [PhysX] Initialized MultithreadedTaskDispatcher with 24 workers.
 -> (artifact id: '23fe2e98139430bb45592031738f48e9') in 0.019377 seconds
Number of updated asset objects reloaded before import = 0
Number of asset objects unloaded after import = 1
========================================================================
Received Import Request.
  Time since last request: 0.000018 seconds.
  path: Assets/Brick Project Studio/Fast Food Restaurant Kit/Common/Textures/FFK_leather_N.png
  artifactKey: Guid(44ec651f3bd017f46b847e17aabd2d59) Importer(2089858483,0ecaa5967403d082aa24f35e1b516d23)
Start importing Assets/Brick Project Studio/Fast Food Restaurant Kit/Common/Textures/FFK_leather_N.png using Guid(44ec651f3bd017f46b847e17aabd2d59) Importer(2089858483,0ecaa5967403d082aa24f35e1b516d23) [PhysX] Initialized MultithreadedTaskDispatcher with 24 workers.
 -> (artifact id: '97bb05739dca13e15da623f35b02b4b8') in 0.018268 seconds
Number of updated asset objects reloaded before import = 0
Number of asset objects unloaded after import = 1
========================================================================
Received Import Request.
  Time since last request: 0.000016 seconds.
  path: Assets/Brick Project Studio/Fast Food Restaurant Kit/_Prefabs/Furniture/Tables/FFK_Table_03_01.prefab
  artifactKey: Guid(fefcb4654550a5647a78b1ef345db793) Importer(2089858483,0ecaa5967403d082aa24f35e1b516d23)
Start importing Assets/Brick Project Studio/Fast Food Restaurant Kit/_Prefabs/Furniture/Tables/FFK_Table_03_01.prefab using Guid(fefcb4654550a5647a78b1ef345db793) Importer(2089858483,0ecaa5967403d082aa24f35e1b516d23) [PhysX] Initialized MultithreadedTaskDispatcher with 24 workers.
 -> (artifact id: 'e0ec5e19e7633591a33091b51253810c') in 0.024080 seconds
Number of updated asset objects reloaded before import = 0
Number of asset objects unloaded after import = 14
========================================================================
Received Import Request.
  Time since last request: 0.000026 seconds.
  path: Assets/Brick Project Studio/Fast Food Restaurant Kit/Common/Materials/FFK_Leather_02.mat
  artifactKey: Guid(48913a4c1576b8f42a4d4de828c79fec) Importer(2089858483,0ecaa5967403d082aa24f35e1b516d23)
Start importing Assets/Brick Project Studio/Fast Food Restaurant Kit/Common/Materials/FFK_Leather_02.mat using Guid(48913a4c1576b8f42a4d4de828c79fec) Importer(2089858483,0ecaa5967403d082aa24f35e1b516d23) [PhysX] Initialized MultithreadedTaskDispatcher with 24 workers.
 -> (artifact id: '26a39bcd33581c6ce240b8459c13d5e5') in 0.016619 seconds
Number of updated asset objects reloaded before import = 0
Number of asset objects unloaded after import = 3
========================================================================
Received Import Request.
  Time since last request: 0.000017 seconds.
  path: Assets/Brick Project Studio/Fast Food Restaurant Kit/_Prefabs/Fast Food Build Kit/Divider/FFK_Divider_03_02_01.prefab
  artifactKey: Guid(550667619f1345b45bb09d74edae4895) Importer(2089858483,0ecaa5967403d082aa24f35e1b516d23)
Start importing Assets/Brick Project Studio/Fast Food Restaurant Kit/_Prefabs/Fast Food Build Kit/Divider/FFK_Divider_03_02_01.prefab using Guid(550667619f1345b45bb09d74edae4895) Importer(2089858483,0ecaa5967403d082aa24f35e1b516d23) [PhysX] Initialized MultithreadedTaskDispatcher with 24 workers.
 -> (artifact id: '001c15c04be8a0978b20aa3c6fa57004') in 0.021013 seconds
Number of updated asset objects reloaded before import = 0
Number of asset objects unloaded after import = 19
========================================================================
Received Import Request.
  Time since last request: 0.000032 seconds.
  path: Assets/Brick Project Studio/Fast Food Restaurant Kit/Common/Materials/FFK_Keypad.mat
  artifactKey: Guid(ab59fbba5f97c1448a0044a4a6f327f4) Importer(2089858483,0ecaa5967403d082aa24f35e1b516d23)
Start importing Assets/Brick Project Studio/Fast Food Restaurant Kit/Common/Materials/FFK_Keypad.mat using Guid(ab59fbba5f97c1448a0044a4a6f327f4) Importer(2089858483,0ecaa5967403d082aa24f35e1b516d23) [PhysX] Initialized MultithreadedTaskDispatcher with 24 workers.
 -> (artifact id: 'b5e92305730c8eefe3c08348936f7c5f') in 0.013274 seconds
Number of updated asset objects reloaded before import = 0
Number of asset objects unloaded after import = 2
========================================================================
Received Import Request.
  Time since last request: 0.000022 seconds.
  path: Assets/Brick Project Studio/_BPS Basic Assets/Common/Models/BPS_Chair_01.fbx
  artifactKey: Guid(b06a7002771176e48b2aaba873e28341) Importer(2089858483,0ecaa5967403d082aa24f35e1b516d23)
Start importing Assets/Brick Project Studio/_BPS Basic Assets/Common/Models/BPS_Chair_01.fbx using Guid(b06a7002771176e48b2aaba873e28341) Importer(2089858483,0ecaa5967403d082aa24f35e1b516d23) [PhysX] Initialized MultithreadedTaskDispatcher with 24 workers.
 -> (artifact id: '9569880c716c0b5c9570272f3298be19') in 0.035647 seconds
Number of updated asset objects reloaded before import = 0
Number of asset objects unloaded after import = 72
========================================================================
Received Import Request.
  Time since last request: 0.000023 seconds.
  path: Assets/Brick Project Studio/_BPS Basic Assets/Common/Materials/Restroom/RR_Soap.mat
  artifactKey: Guid(c822a288072f2c7478063b318d9f9534) Importer(2089858483,0ecaa5967403d082aa24f35e1b516d23)
Start importing Assets/Brick Project Studio/_BPS Basic Assets/Common/Materials/Restroom/RR_Soap.mat using Guid(c822a288072f2c7478063b318d9f9534) Importer(2089858483,0ecaa5967403d082aa24f35e1b516d23) [PhysX] Initialized MultithreadedTaskDispatcher with 24 workers.
 -> (artifact id: '84b5680943f86641f814d7392176e026') in 0.014358 seconds
Number of updated asset objects reloaded before import = 0
Number of asset objects unloaded after import = 2
========================================================================
Received Import Request.
  Time since last request: 0.000017 seconds.
  path: Assets/Brick Project Studio/_BPS Basic Assets/Common/Models/Build Kits/Build Kit Interior Updated_03.fbx
  artifactKey: Guid(debe1ddd75be8634d866f9de231a0581) Importer(2089858483,0ecaa5967403d082aa24f35e1b516d23)
Start importing Assets/Brick Project Studio/_BPS Basic Assets/Common/Models/Build Kits/Build Kit Interior Updated_03.fbx using Guid(debe1ddd75be8634d866f9de231a0581) Importer(2089858483,0ecaa5967403d082aa24f35e1b516d23) [PhysX] Initialized MultithreadedTaskDispatcher with 24 workers.
 -> (artifact id: '5d53bec946c683ea66123752103ecfd4') in 0.018960 seconds
Number of updated asset objects reloaded before import = 0
Number of asset objects unloaded after import = 8
========================================================================
Received Import Request.
  Time since last request: 0.000019 seconds.
  path: Assets/Brick Project Studio/_BPS Basic Assets/Common/Materials/Basic Assets/BA_Knob and Key.mat
  artifactKey: Guid(50dd338fb2540fa4aa15639a529736ee) Importer(2089858483,0ecaa5967403d082aa24f35e1b516d23)
Start importing Assets/Brick Project Studio/_BPS Basic Assets/Common/Materials/Basic Assets/BA_Knob and Key.mat using Guid(50dd338fb2540fa4aa15639a529736ee) Importer(2089858483,0ecaa5967403d082aa24f35e1b516d23) [PhysX] Initialized MultithreadedTaskDispatcher with 24 workers.
 -> (artifact id: '1721592371d0b1bf043dac9eb0a4e08b') in 0.028205 seconds
Number of updated asset objects reloaded before import = 0
Number of asset objects unloaded after import = 2
========================================================================
Received Import Request.
  Time since last request: 0.000018 seconds.
  path: Assets/Brick Project Studio/_BPS Basic Assets/Common/Materials/Legacy/Brushed Chrome.mat
  artifactKey: Guid(403f7691aae4323499829c9fc28c7c6e) Importer(2089858483,0ecaa5967403d082aa24f35e1b516d23)
Start importing Assets/Brick Project Studio/_BPS Basic Assets/Common/Materials/Legacy/Brushed Chrome.mat using Guid(403f7691aae4323499829c9fc28c7c6e) Importer(2089858483,0ecaa5967403d082aa24f35e1b516d23) [PhysX] Initialized MultithreadedTaskDispatcher with 24 workers.
 -> (artifact id: 'a4aa20e91d3239acf100bf49bc8d2772') in 0.014909 seconds
Number of updated asset objects reloaded before import = 0
Number of asset objects unloaded after import = 1
========================================================================
Received Import Request.
  Time since last request: 0.000016 seconds.
  path: Assets/Brick Project Studio/_BPS Basic Assets/Common/Materials/Restroom/RR_Panel_01.mat
  artifactKey: Guid(0dc30470004dae846a55ed5379ef2239) Importer(2089858483,0ecaa5967403d082aa24f35e1b516d23)
Start importing Assets/Brick Project Studio/_BPS Basic Assets/Common/Materials/Restroom/RR_Panel_01.mat using Guid(0dc30470004dae846a55ed5379ef2239) Importer(2089858483,0ecaa5967403d082aa24f35e1b516d23) [PhysX] Initialized MultithreadedTaskDispatcher with 24 workers.
 -> (artifact id: '36e6bdf752044d176ae3b3eeed4c66ac') in 0.029465 seconds
Number of updated asset objects reloaded before import = 0
Number of asset objects unloaded after import = 2
========================================================================
Received Import Request.
  Time since last request: 0.000021 seconds.
  path: Assets/Brick Project Studio/_BPS Basic Assets/Common/Materials/Fire/Fire_Glow_01.mat
  artifactKey: Guid(9a0e2afa4dfa26744be17b68a3e1b98d) Importer(2089858483,0ecaa5967403d082aa24f35e1b516d23)
Start importing Assets/Brick Project Studio/_BPS Basic Assets/Common/Materials/Fire/Fire_Glow_01.mat using Guid(9a0e2afa4dfa26744be17b68a3e1b98d) Importer(2089858483,0ecaa5967403d082aa24f35e1b516d23) [PhysX] Initialized MultithreadedTaskDispatcher with 24 workers.
 -> (artifact id: 'a9407e2c880edf75c1956bdd1555dd62') in 0.014447 seconds
Number of updated asset objects reloaded before import = 0
Number of asset objects unloaded after import = 1
========================================================================
Received Import Request.
  Time since last request: 0.000017 seconds.
  path: Assets/Brick Project Studio/_BPS Basic Assets/Common/Scripts and Animations/Doors/OpeningStall.anim
  artifactKey: Guid(f3f604da56740ba469c68a0aebb4c41b) Importer(2089858483,0ecaa5967403d082aa24f35e1b516d23)
Start importing Assets/Brick Project Studio/_BPS Basic Assets/Common/Scripts and Animations/Doors/OpeningStall.anim using Guid(f3f604da56740ba469c68a0aebb4c41b) Importer(2089858483,0ecaa5967403d082aa24f35e1b516d23) [PhysX] Initialized MultithreadedTaskDispatcher with 24 workers.
 -> (artifact id: '464adfe8e8e8cfdde7499577a47988e2') in 0.032179 seconds
Number of updated asset objects reloaded before import = 0
Number of asset objects unloaded after import = 1
========================================================================
Received Import Request.
  Time since last request: 0.000020 seconds.
  path: Assets/Brick Project Studio/_BPS Basic Assets/Common/Scripts and Animations/Doors/opencloseDoor.cs
  artifactKey: Guid(1e8192f35a44301488ec0f072d9a16fe) Importer(2089858483,0ecaa5967403d082aa24f35e1b516d23)
Start importing Assets/Brick Project Studio/_BPS Basic Assets/Common/Scripts and Animations/Doors/opencloseDoor.cs using Guid(1e8192f35a44301488ec0f072d9a16fe) Importer(2089858483,0ecaa5967403d082aa24f35e1b516d23) [PhysX] Initialized MultithreadedTaskDispatcher with 24 workers.
 -> (artifact id: 'd4af741fb8de11e2f1af4ce565499e65') in 0.012702 seconds
Number of updated asset objects reloaded before import = 0
Number of asset objects unloaded after import = 1
========================================================================
Received Import Request.
  Time since last request: 0.000016 seconds.
  path: Assets/Brick Project Studio/_BPS Basic Assets/Common/Materials/Fire/Fire_Add_02.mat
  artifactKey: Guid(0fdd751cd86106446afa0dc09e0eeb8e) Importer(2089858483,0ecaa5967403d082aa24f35e1b516d23)
Start importing Assets/Brick Project Studio/_BPS Basic Assets/Common/Materials/Fire/Fire_Add_02.mat using Guid(0fdd751cd86106446afa0dc09e0eeb8e) Importer(2089858483,0ecaa5967403d082aa24f35e1b516d23) [PhysX] Initialized MultithreadedTaskDispatcher with 24 workers.
 -> (artifact id: 'b2c2be952dec433234394d6c4557fc74') in 0.013791 seconds
Number of updated asset objects reloaded before import = 0
Number of asset objects unloaded after import = 2
========================================================================
Received Import Request.
  Time since last request: 0.000017 seconds.
  path: Assets/Brick Project Studio/_BPS Basic Assets/Common/Materials/Restroom/RR_BathroomPaper.mat
  artifactKey: Guid(59f4361ca0482dc47b43305e31892b29) Importer(2089858483,0ecaa5967403d082aa24f35e1b516d23)
Start importing Assets/Brick Project Studio/_BPS Basic Assets/Common/Materials/Restroom/RR_BathroomPaper.mat using Guid(59f4361ca0482dc47b43305e31892b29) Importer(2089858483,0ecaa5967403d082aa24f35e1b516d23) [PhysX] Initialized MultithreadedTaskDispatcher with 24 workers.
 -> (artifact id: '8b168d77297ef65e8fd52305faca44be') in 0.014498 seconds
Number of updated asset objects reloaded before import = 0
Number of asset objects unloaded after import = 3
========================================================================
Received Import Request.
  Time since last request: 0.000019 seconds.
  path: Assets/Brick Project Studio/_BPS Basic Assets/Common/Materials/Legacy/Brick mute 02.mat
  artifactKey: Guid(099e69089d2c47044b06273bff53533d) Importer(2089858483,0ecaa5967403d082aa24f35e1b516d23)
Start importing Assets/Brick Project Studio/_BPS Basic Assets/Common/Materials/Legacy/Brick mute 02.mat using Guid(099e69089d2c47044b06273bff53533d) Importer(2089858483,0ecaa5967403d082aa24f35e1b516d23) [PhysX] Initialized MultithreadedTaskDispatcher with 24 workers.
 -> (artifact id: 'ebc4e5559b4fd01b1d7dee054474ac6b') in 0.016362 seconds
Number of updated asset objects reloaded before import = 0
Number of asset objects unloaded after import = 4
========================================================================
Received Import Request.
  Time since last request: 0.000022 seconds.
  path: Assets/Brick Project Studio/_BPS Basic Assets/Common/Scripts and Animations/Doors/Opening.anim
  artifactKey: Guid(346d4004c3a668e4d8afa4a40d47416d) Importer(2089858483,0ecaa5967403d082aa24f35e1b516d23)
Start importing Assets/Brick Project Studio/_BPS Basic Assets/Common/Scripts and Animations/Doors/Opening.anim using Guid(346d4004c3a668e4d8afa4a40d47416d) Importer(2089858483,0ecaa5967403d082aa24f35e1b516d23) [PhysX] Initialized MultithreadedTaskDispatcher with 24 workers.
 -> (artifact id: 'eccf9babb2a1e946c8d22343ebd919ef') in 0.010969 seconds
Number of updated asset objects reloaded before import = 0
Number of asset objects unloaded after import = 1
========================================================================
Received Import Request.
  Time since last request: 0.000031 seconds.
  path: Assets/Brick Project Studio/_BPS Basic Assets/Common/Scripts and Animations/Doors/Opening 1.anim
  artifactKey: Guid(d1c0db31e512c124cbc6f2a57b8bac2b) Importer(2089858483,0ecaa5967403d082aa24f35e1b516d23)
Start importing Assets/Brick Project Studio/_BPS Basic Assets/Common/Scripts and Animations/Doors/Opening 1.anim using Guid(d1c0db31e512c124cbc6f2a57b8bac2b) Importer(2089858483,0ecaa5967403d082aa24f35e1b516d23) [PhysX] Initialized MultithreadedTaskDispatcher with 24 workers.
 -> (artifact id: '7c9cd9a138a6b7c808578d9c176fa132') in 0.011915 seconds
Number of updated asset objects reloaded before import = 0
Number of asset objects unloaded after import = 1
========================================================================
Received Import Request.
  Time since last request: 0.000016 seconds.
  path: Assets/Brick Project Studio/_BPS Basic Assets/Common/Materials/Basic Assets/BA_Wood 02.mat
  artifactKey: Guid(26f1b36be16f30d409f9ab1a7d20a8a5) Importer(2089858483,0ecaa5967403d082aa24f35e1b516d23)
Start importing Assets/Brick Project Studio/_BPS Basic Assets/Common/Materials/Basic Assets/BA_Wood 02.mat using Guid(26f1b36be16f30d409f9ab1a7d20a8a5) Importer(2089858483,0ecaa5967403d082aa24f35e1b516d23) [PhysX] Initialized MultithreadedTaskDispatcher with 24 workers.
 -> (artifact id: '8894822c57fe16d073a5e924ce2e2551') in 0.018455 seconds
Number of updated asset objects reloaded before import = 0
Number of asset objects unloaded after import = 3
========================================================================
Received Import Request.
  Time since last request: 0.000023 seconds.
  path: Assets/Brick Project Studio/_BPS Basic Assets/Common/Materials/Legacy/Building Floor Tile.mat
  artifactKey: Guid(b65d6f1427086d84f91a3153f6f82ffc) Importer(2089858483,0ecaa5967403d082aa24f35e1b516d23)
Start importing Assets/Brick Project Studio/_BPS Basic Assets/Common/Materials/Legacy/Building Floor Tile.mat using Guid(b65d6f1427086d84f91a3153f6f82ffc) Importer(2089858483,0ecaa5967403d082aa24f35e1b516d23) [PhysX] Initialized MultithreadedTaskDispatcher with 24 workers.
 -> (artifact id: '35cc18ea26ebff8dd74734bb6265bbdc') in 0.042419 seconds
Number of updated asset objects reloaded before import = 0
Number of asset objects unloaded after import = 3
========================================================================
Received Import Request.
  Time since last request: 0.000019 seconds.
  path: Assets/Brick Project Studio/_BPS Basic Assets/Common/Models/Build Kits/Build Kit Interior Updated_02.fbx
  artifactKey: Guid(7308b87287964d64b9769b7e0d6d7314) Importer(2089858483,0ecaa5967403d082aa24f35e1b516d23)
Start importing Assets/Brick Project Studio/_BPS Basic Assets/Common/Models/Build Kits/Build Kit Interior Updated_02.fbx using Guid(7308b87287964d64b9769b7e0d6d7314) Importer(2089858483,0ecaa5967403d082aa24f35e1b516d23) [PhysX] Initialized MultithreadedTaskDispatcher with 24 workers.
 -> (artifact id: '22efd84d9646cf5ae7b2fd4e253b13f5') in 0.019174 seconds
Number of updated asset objects reloaded before import = 0
Number of asset objects unloaded after import = 8
========================================================================
Received Import Request.
  Time since last request: 0.000018 seconds.
  path: Assets/Brick Project Studio/_BPS Basic Assets/Common/Materials/Basic Assets/BA_Porc.mat
  artifactKey: Guid(c4633b4bc8d4dbb41bc32118f1812b6e) Importer(2089858483,0ecaa5967403d082aa24f35e1b516d23)
Start importing Assets/Brick Project Studio/_BPS Basic Assets/Common/Materials/Basic Assets/BA_Porc.mat using Guid(c4633b4bc8d4dbb41bc32118f1812b6e) Importer(2089858483,0ecaa5967403d082aa24f35e1b516d23) [PhysX] Initialized MultithreadedTaskDispatcher with 24 workers.
 -> (artifact id: '3246488a72b1a209722b5416d954f973') in 0.013836 seconds
Number of updated asset objects reloaded before import = 0
Number of asset objects unloaded after import = 1
========================================================================
Received Import Request.
  Time since last request: 0.000021 seconds.
  path: Assets/Brick Project Studio/_BPS Basic Assets/Common/Materials/Basic Assets/BA_Wood 03.mat
  artifactKey: Guid(a64c40f22fb83f041b7c584055b61c8f) Importer(2089858483,0ecaa5967403d082aa24f35e1b516d23)
Start importing Assets/Brick Project Studio/_BPS Basic Assets/Common/Materials/Basic Assets/BA_Wood 03.mat using Guid(a64c40f22fb83f041b7c584055b61c8f) Importer(2089858483,0ecaa5967403d082aa24f35e1b516d23) [PhysX] Initialized MultithreadedTaskDispatcher with 24 workers.
 -> (artifact id: '1e27dfdbcb9e1e2ed54024e24ec9b436') in 0.013496 seconds
Number of updated asset objects reloaded before import = 0
Number of asset objects unloaded after import = 3
========================================================================
Received Import Request.
  Time since last request: 0.000020 seconds.
  path: Assets/Brick Project Studio/_BPS Basic Assets/Common/Scripts and Animations/Doors/opencloseDoor1.cs
  artifactKey: Guid(4b5e0617227fa4743be84f23d9e5cb42) Importer(2089858483,0ecaa5967403d082aa24f35e1b516d23)
Start importing Assets/Brick Project Studio/_BPS Basic Assets/Common/Scripts and Animations/Doors/opencloseDoor1.cs using Guid(4b5e0617227fa4743be84f23d9e5cb42) Importer(2089858483,0ecaa5967403d082aa24f35e1b516d23) [PhysX] Initialized MultithreadedTaskDispatcher with 24 workers.
 -> (artifact id: 'ef54855d1f4b8ff2aced3f954a9f2140') in 0.012943 seconds
Number of updated asset objects reloaded before import = 0
Number of asset objects unloaded after import = 1
========================================================================
Received Import Request.
  Time since last request: 0.000023 seconds.
  path: Assets/Brick Project Studio/_BPS Basic Assets/Common/Materials/Restroom/Int_RR_01.mat
  artifactKey: Guid(b61458ebb19004843af57f63626d7f2a) Importer(2089858483,0ecaa5967403d082aa24f35e1b516d23)
Start importing Assets/Brick Project Studio/_BPS Basic Assets/Common/Materials/Restroom/Int_RR_01.mat using Guid(b61458ebb19004843af57f63626d7f2a) Importer(2089858483,0ecaa5967403d082aa24f35e1b516d23) [PhysX] Initialized MultithreadedTaskDispatcher with 24 workers.
 -> (artifact id: '37f6ceb22824ea8ffce99a68850206a5') in 0.016351 seconds
Number of updated asset objects reloaded before import = 0
Number of asset objects unloaded after import = 3
========================================================================
Received Import Request.
  Time since last request: 0.000018 seconds.
  path: Assets/Brick Project Studio/_BPS Basic Assets/Common/Models/Build Kits/Build Kit Interior Updated_01.fbx
  artifactKey: Guid(013043932069e224e90b516d38cdab48) Importer(2089858483,0ecaa5967403d082aa24f35e1b516d23)
Start importing Assets/Brick Project Studio/_BPS Basic Assets/Common/Models/Build Kits/Build Kit Interior Updated_01.fbx using Guid(013043932069e224e90b516d38cdab48) Importer(2089858483,0ecaa5967403d082aa24f35e1b516d23) [PhysX] Initialized MultithreadedTaskDispatcher with 24 workers.
 -> (artifact id: 'b586c9c390e92b21062a94355e7f899c') in 0.026114 seconds
Number of updated asset objects reloaded before import = 0
Number of asset objects unloaded after import = 50
========================================================================
Received Import Request.
  Time since last request: 0.000016 seconds.
  path: Assets/Brick Project Studio/_BPS Basic Assets/Common/Scripts and Animations/Doors/opencloseStallDoor.cs
  artifactKey: Guid(b697b9be3c8d9534ebd171d2b41d6f4f) Importer(2089858483,0ecaa5967403d082aa24f35e1b516d23)
Start importing Assets/Brick Project Studio/_BPS Basic Assets/Common/Scripts and Animations/Doors/opencloseStallDoor.cs using Guid(b697b9be3c8d9534ebd171d2b41d6f4f) Importer(2089858483,0ecaa5967403d082aa24f35e1b516d23) [PhysX] Initialized MultithreadedTaskDispatcher with 24 workers.
 -> (artifact id: '7ce1abedd88515c3e6ca34cd5fca9ae6') in 0.013715 seconds
Number of updated asset objects reloaded before import = 0
Number of asset objects unloaded after import = 1
========================================================================
Received Import Request.
  Time since last request: 0.000018 seconds.
  path: Assets/Brick Project Studio/_BPS Basic Assets/Common/Materials/Restroom/RR_Restroom_Sign.mat
  artifactKey: Guid(5b7c74c7b0bc859459d4dd7b7f164fb2) Importer(2089858483,0ecaa5967403d082aa24f35e1b516d23)
Start importing Assets/Brick Project Studio/_BPS Basic Assets/Common/Materials/Restroom/RR_Restroom_Sign.mat using Guid(5b7c74c7b0bc859459d4dd7b7f164fb2) Importer(2089858483,0ecaa5967403d082aa24f35e1b516d23) [PhysX] Initialized MultithreadedTaskDispatcher with 24 workers.
 -> (artifact id: '4c289fa65554a84fb03069548d8a0301') in 0.012583 seconds
Number of updated asset objects reloaded before import = 0
Number of asset objects unloaded after import = 2
========================================================================
Received Import Request.
  Time since last request: 0.000021 seconds.
  path: Assets/Brick Project Studio/_BPS Basic Assets/Common/Materials/Legacy/Wood Floor 01.mat
  artifactKey: Guid(049ac0e838cb3a342887cf48a2b06db4) Importer(2089858483,0ecaa5967403d082aa24f35e1b516d23)
Start importing Assets/Brick Project Studio/_BPS Basic Assets/Common/Materials/Legacy/Wood Floor 01.mat using Guid(049ac0e838cb3a342887cf48a2b06db4) Importer(2089858483,0ecaa5967403d082aa24f35e1b516d23) [PhysX] Initialized MultithreadedTaskDispatcher with 24 workers.
 -> (artifact id: '0958a360654b94d847acd06458781461') in 0.013072 seconds
Number of updated asset objects reloaded before import = 0
Number of asset objects unloaded after import = 2
========================================================================
Received Import Request.
  Time since last request: 0.000028 seconds.
  path: Assets/Brick Project Studio/_BPS Basic Assets/Common/Materials/Basic Assets/Ext_SS_01.mat
  artifactKey: Guid(82ab0cdd78fe56340a768888a061f55c) Importer(2089858483,0ecaa5967403d082aa24f35e1b516d23)
Start importing Assets/Brick Project Studio/_BPS Basic Assets/Common/Materials/Basic Assets/Ext_SS_01.mat using Guid(82ab0cdd78fe56340a768888a061f55c) Importer(2089858483,0ecaa5967403d082aa24f35e1b516d23) [PhysX] Initialized MultithreadedTaskDispatcher with 24 workers.
 -> (artifact id: 'a92875e7e48ffa880a83fbc6c7fe7856') in 0.030902 seconds
Number of updated asset objects reloaded before import = 0
Number of asset objects unloaded after import = 2
========================================================================
Received Import Request.
  Time since last request: 0.000020 seconds.
  path: Assets/Brick Project Studio/_BPS Basic Assets/Common/Materials/Basic Assets/Int_BS_02.mat
  artifactKey: Guid(1f972757765558b46aa948a406f8542a) Importer(2089858483,0ecaa5967403d082aa24f35e1b516d23)
Start importing Assets/Brick Project Studio/_BPS Basic Assets/Common/Materials/Basic Assets/Int_BS_02.mat using Guid(1f972757765558b46aa948a406f8542a) Importer(2089858483,0ecaa5967403d082aa24f35e1b516d23) [PhysX] Initialized MultithreadedTaskDispatcher with 24 workers.
 -> (artifact id: 'eeae3df7e8882b457ffe1bd34edc6af4') in 0.037097 seconds
Number of updated asset objects reloaded before import = 0
Number of asset objects unloaded after import = 2
========================================================================
Received Import Request.
  Time since last request: 0.000017 seconds.
  path: Assets/Brick Project Studio/_BPS Basic Assets/Common/Textures/Basic Asset/BA_Wood_01_N.png
  artifactKey: Guid(fde87c062cbc94047927dc231c09fbe4) Importer(2089858483,0ecaa5967403d082aa24f35e1b516d23)
Start importing Assets/Brick Project Studio/_BPS Basic Assets/Common/Textures/Basic Asset/BA_Wood_01_N.png using Guid(fde87c062cbc94047927dc231c09fbe4) Importer(2089858483,0ecaa5967403d082aa24f35e1b516d23) [PhysX] Initialized MultithreadedTaskDispatcher with 24 workers.
 -> (artifact id: 'd7084c0a99faccc619b72720770638f4') in 0.018146 seconds
Number of updated asset objects reloaded before import = 0
Number of asset objects unloaded after import = 1
========================================================================
Received Import Request.
  Time since last request: 0.000017 seconds.
  path: Assets/Brick Project Studio/_BPS Basic Assets/Common/Textures/Legacy/Floor.png
  artifactKey: Guid(ca6c7e19f0ffcd348961b68ecb61461c) Importer(2089858483,0ecaa5967403d082aa24f35e1b516d23)
Start importing Assets/Brick Project Studio/_BPS Basic Assets/Common/Textures/Legacy/Floor.png using Guid(ca6c7e19f0ffcd348961b68ecb61461c) Importer(2089858483,0ecaa5967403d082aa24f35e1b516d23) [PhysX] Initialized MultithreadedTaskDispatcher with 24 workers.
 -> (artifact id: '91edfb2b912b1ffc3ea80509e8c6d317') in 0.032507 seconds
Number of updated asset objects reloaded before import = 0
Number of asset objects unloaded after import = 1
========================================================================
Received Import Request.
  Time since last request: 0.000023 seconds.
  path: Assets/Brick Project Studio/_BPS Basic Assets/Common/Scripts and Animations/First Person Player/PlayerMovement.cs
  artifactKey: Guid(c84cdf898723e1a4b9e4954eb5a76a33) Importer(2089858483,0ecaa5967403d082aa24f35e1b516d23)
Start importing Assets/Brick Project Studio/_BPS Basic Assets/Common/Scripts and Animations/First Person Player/PlayerMovement.cs using Guid(c84cdf898723e1a4b9e4954eb5a76a33) Importer(2089858483,0ecaa5967403d082aa24f35e1b516d23) [PhysX] Initialized MultithreadedTaskDispatcher with 24 workers.
 -> (artifact id: 'eab4dbbb0f814f1d9a2b3f9ac386d08d') in 0.011311 seconds
Number of updated asset objects reloaded before import = 0
Number of asset objects unloaded after import = 1
========================================================================
Received Import Request.
  Time since last request: 0.000023 seconds.
  path: Assets/Brick Project Studio/_BPS Basic Assets/Common/Textures/Basic Asset/BA_Wood_01_A.png
  artifactKey: Guid(48aec0e661dd8b34da0b78a05a1b25c5) Importer(2089858483,0ecaa5967403d082aa24f35e1b516d23)
Start importing Assets/Brick Project Studio/_BPS Basic Assets/Common/Textures/Basic Asset/BA_Wood_01_A.png using Guid(48aec0e661dd8b34da0b78a05a1b25c5) Importer(2089858483,0ecaa5967403d082aa24f35e1b516d23) [PhysX] Initialized MultithreadedTaskDispatcher with 24 workers.
 -> (artifact id: 'e3a47841865c9bcec9637239270496db') in 0.028358 seconds
Number of updated asset objects reloaded before import = 0
Number of asset objects unloaded after import = 1
========================================================================
Received Import Request.
  Time since last request: 0.000033 seconds.
  path: Assets/Brick Project Studio/_BPS Basic Assets/Common/Textures/Basic Asset/Int_BA_02.png
  artifactKey: Guid(a7d954ba596ba994bbcc72a405b61589) Importer(2089858483,0ecaa5967403d082aa24f35e1b516d23)
Start importing Assets/Brick Project Studio/_BPS Basic Assets/Common/Textures/Basic Asset/Int_BA_02.png using Guid(a7d954ba596ba994bbcc72a405b61589) Importer(2089858483,0ecaa5967403d082aa24f35e1b516d23) [PhysX] Initialized MultithreadedTaskDispatcher with 24 workers.
 -> (artifact id: '3f89b49761dc8c2c083f1a1ee6954e3c') in 0.019143 seconds
Number of updated asset objects reloaded before import = 0
Number of asset objects unloaded after import = 1
========================================================================
Received Import Request.
  Time since last request: 0.000020 seconds.
  path: Assets/Brick Project Studio/_BPS Basic Assets/Common/Materials/Basic Assets/BA_Leather_01.mat
  artifactKey: Guid(0656c89128e147645951f2c0649b10f9) Importer(2089858483,0ecaa5967403d082aa24f35e1b516d23)
Start importing Assets/Brick Project Studio/_BPS Basic Assets/Common/Materials/Basic Assets/BA_Leather_01.mat using Guid(0656c89128e147645951f2c0649b10f9) Importer(2089858483,0ecaa5967403d082aa24f35e1b516d23) [PhysX] Initialized MultithreadedTaskDispatcher with 24 workers.
 -> (artifact id: '3d1431da79b52f68e84ceba3c9fdd16c') in 0.063053 seconds
Number of updated asset objects reloaded before import = 0
Number of asset objects unloaded after import = 3
========================================================================
Received Import Request.
  Time since last request: 0.000024 seconds.
  path: Assets/Brick Project Studio/Fast Food Restaurant Kit/_Prefabs/Props/Lamps/FFK_Lamp_Ceiling_03_03.prefab
  artifactKey: Guid(b96da0c0b7583164889302d9a1366807) Importer(2089858483,0ecaa5967403d082aa24f35e1b516d23)
Start importing Assets/Brick Project Studio/Fast Food Restaurant Kit/_Prefabs/Props/Lamps/FFK_Lamp_Ceiling_03_03.prefab using Guid(b96da0c0b7583164889302d9a1366807) Importer(2089858483,0ecaa5967403d082aa24f35e1b516d23) [PhysX] Initialized MultithreadedTaskDispatcher with 24 workers.
 -> (artifact id: '7469514645968efdae1155dbaee040ce') in 0.036841 seconds
Number of updated asset objects reloaded before import = 0
Number of asset objects unloaded after import = 18
========================================================================
Received Import Request.
  Time since last request: 0.000029 seconds.
  path: Assets/AK Studio Art/Surveillance Camera/Textures/Surveillance Camera/Surveillance Camera Emissive.png
  artifactKey: Guid(f3d5fbf9711f8d648b152d6f1f2c1214) Importer(2089858483,0ecaa5967403d082aa24f35e1b516d23)
Start importing Assets/AK Studio Art/Surveillance Camera/Textures/Surveillance Camera/Surveillance Camera Emissive.png using Guid(f3d5fbf9711f8d648b152d6f1f2c1214) Importer(2089858483,0ecaa5967403d082aa24f35e1b516d23) [PhysX] Initialized MultithreadedTaskDispatcher with 24 workers.
 -> (artifact id: '8f0d95b21b6abc56e23a2ebd84cfeebe') in 0.024916 seconds
Number of updated asset objects reloaded before import = 0
Number of asset objects unloaded after import = 1
========================================================================
Received Import Request.
  Time since last request: 0.000022 seconds.
  path: Assets/Brick Project Studio/_BPS Basic Assets/Common/Textures/Basic Asset/Int_BA_01.png
  artifactKey: Guid(81996dc1d41eda84f9d6b55c50adea82) Importer(2089858483,0ecaa5967403d082aa24f35e1b516d23)
Start importing Assets/Brick Project Studio/_BPS Basic Assets/Common/Textures/Basic Asset/Int_BA_01.png using Guid(81996dc1d41eda84f9d6b55c50adea82) Importer(2089858483,0ecaa5967403d082aa24f35e1b516d23) [PhysX] Initialized MultithreadedTaskDispatcher with 24 workers.
 -> (artifact id: 'd5e40f3d141145e85f3a7cdf8c35bec9') in 0.024231 seconds
Number of updated asset objects reloaded before import = 0
Number of asset objects unloaded after import = 1
========================================================================
Received Import Request.
  Time since last request: 0.000023 seconds.
  path: Assets/Brick Project Studio/Fast Food Restaurant Kit/_Prefabs/Furniture/Seating/FFK_Stool_03_01.prefab
  artifactKey: Guid(3e30d69eae4e65745ba7f921b034d1e8) Importer(2089858483,0ecaa5967403d082aa24f35e1b516d23)
Start importing Assets/Brick Project Studio/Fast Food Restaurant Kit/_Prefabs/Furniture/Seating/FFK_Stool_03_01.prefab using Guid(3e30d69eae4e65745ba7f921b034d1e8) Importer(2089858483,0ecaa5967403d082aa24f35e1b516d23) [PhysX] Initialized MultithreadedTaskDispatcher with 24 workers.
 -> (artifact id: 'e63033012fafb514288c0d0440b82e8e') in 0.015334 seconds
Number of updated asset objects reloaded before import = 0
Number of asset objects unloaded after import = 14
========================================================================
Received Import Request.
  Time since last request: 0.000025 seconds.
  path: Assets/Brick Project Studio/_BPS Basic Assets/Common/Scripts and Animations/Doors/Closing.anim
  artifactKey: Guid(107c03b19248aa740b48b8e3714d20ec) Importer(2089858483,0ecaa5967403d082aa24f35e1b516d23)
Start importing Assets/Brick Project Studio/_BPS Basic Assets/Common/Scripts and Animations/Doors/Closing.anim using Guid(107c03b19248aa740b48b8e3714d20ec) Importer(2089858483,0ecaa5967403d082aa24f35e1b516d23) [PhysX] Initialized MultithreadedTaskDispatcher with 24 workers.
 -> (artifact id: 'c6b8f1f995e4d6b56fa501af01a08d85') in 0.031232 seconds
Number of updated asset objects reloaded before import = 0
Number of asset objects unloaded after import = 1
========================================================================
Received Import Request.
  Time since last request: 0.000022 seconds.
  path: Assets/AK Studio Art/Surveillance Camera/Settings/URP/Universal Render Pipeline Asset.asset
  artifactKey: Guid(2d3854b53c3396f4e86f80e374907cef) Importer(2089858483,0ecaa5967403d082aa24f35e1b516d23)
Start importing Assets/AK Studio Art/Surveillance Camera/Settings/URP/Universal Render Pipeline Asset.asset using Guid(2d3854b53c3396f4e86f80e374907cef) Importer(2089858483,0ecaa5967403d082aa24f35e1b516d23) [PhysX] Initialized MultithreadedTaskDispatcher with 24 workers.
 -> (artifact id: 'b5dfc75cce0b9bc87037eee628989552') in 0.019201 seconds
Number of updated asset objects reloaded before import = 0
Number of asset objects unloaded after import = 1
========================================================================
Received Import Request.
  Time since last request: 0.000023 seconds.
  path: Assets/Brick Project Studio/Fast Food Restaurant Kit/_Prefabs/Props/Food/Nugget_01.prefab
  artifactKey: Guid(e504bc3bdaf527f43b48c50f5b8814f7) Importer(2089858483,0ecaa5967403d082aa24f35e1b516d23)
Start importing Assets/Brick Project Studio/Fast Food Restaurant Kit/_Prefabs/Props/Food/Nugget_01.prefab using Guid(e504bc3bdaf527f43b48c50f5b8814f7) Importer(2089858483,0ecaa5967403d082aa24f35e1b516d23) [PhysX] Initialized MultithreadedTaskDispatcher with 24 workers.
 -> (artifact id: '7e41f344dcf058e34d8c457c6c5e457e') in 0.051487 seconds
Number of updated asset objects reloaded before import = 0
Number of asset objects unloaded after import = 8
========================================================================
Received Import Request.
  Time since last request: 0.000023 seconds.
  path: Assets/Brick Project Studio/Fast Food Restaurant Kit/_Prefabs/Props/Food/Big Burger_01.prefab
  artifactKey: Guid(ce8fe15fe218b10459d08e5bd9dbc628) Importer(2089858483,0ecaa5967403d082aa24f35e1b516d23)
Start importing Assets/Brick Project Studio/Fast Food Restaurant Kit/_Prefabs/Props/Food/Big Burger_01.prefab using Guid(ce8fe15fe218b10459d08e5bd9dbc628) Importer(2089858483,0ecaa5967403d082aa24f35e1b516d23) [PhysX] Initialized MultithreadedTaskDispatcher with 24 workers.
 -> (artifact id: 'dba7f0b6611b0eaf660a05a8067d2d90') in 0.034561 seconds
Number of updated asset objects reloaded before import = 0
Number of asset objects unloaded after import = 20
========================================================================
Received Import Request.
  Time since last request: 0.000117 seconds.
  path: Assets/Brick Project Studio/Fast Food Restaurant Kit/_Prefabs/Props/Misc/FFK_Display_01_01.prefab
  artifactKey: Guid(3ce60c1a67d0c1943bb31f0d9720a665) Importer(2089858483,0ecaa5967403d082aa24f35e1b516d23)
Start importing Assets/Brick Project Studio/Fast Food Restaurant Kit/_Prefabs/Props/Misc/FFK_Display_01_01.prefab using Guid(3ce60c1a67d0c1943bb31f0d9720a665) Importer(2089858483,0ecaa5967403d082aa24f35e1b516d23) [PhysX] Initialized MultithreadedTaskDispatcher with 24 workers.
 -> (artifact id: '42413802e08dbffbee115965dd279f4d') in 0.032958 seconds
Number of updated asset objects reloaded before import = 0
Number of asset objects unloaded after import = 90
========================================================================
Received Import Request.
  Time since last request: 0.000036 seconds.
  path: Assets/Brick Project Studio/_BPS Basic Assets/Common/Scripts and Animations/Windows/Closingwindow 1.anim
  artifactKey: Guid(58b3370ea2243b7438a41900e6cd12e8) Importer(2089858483,0ecaa5967403d082aa24f35e1b516d23)
Start importing Assets/Brick Project Studio/_BPS Basic Assets/Common/Scripts and Animations/Windows/Closingwindow 1.anim using Guid(58b3370ea2243b7438a41900e6cd12e8) Importer(2089858483,0ecaa5967403d082aa24f35e1b516d23) [PhysX] Initialized MultithreadedTaskDispatcher with 24 workers.
 -> (artifact id: '4e3d1055ec586bc41cd95352e0d12705') in 0.032794 seconds
Number of updated asset objects reloaded before import = 0
Number of asset objects unloaded after import = 1
========================================================================
Received Import Request.
  Time since last request: 0.000027 seconds.
  path: Assets/Brick Project Studio/_BPS Basic Assets/_Prefabs/Restroom/Fixtures/RR_SoapDispenser_01.prefab
  artifactKey: Guid(912b5bb11c24b3842b28157f23895c1e) Importer(2089858483,0ecaa5967403d082aa24f35e1b516d23)
Start importing Assets/Brick Project Studio/_BPS Basic Assets/_Prefabs/Restroom/Fixtures/RR_SoapDispenser_01.prefab using Guid(912b5bb11c24b3842b28157f23895c1e) Importer(2089858483,0ecaa5967403d082aa24f35e1b516d23) [PhysX] Initialized MultithreadedTaskDispatcher with 24 workers.
 -> (artifact id: '349b3d47705b684f63e8ae28c850c6df') in 0.026904 seconds
Number of updated asset objects reloaded before import = 0
Number of asset objects unloaded after import = 23
========================================================================
Received Import Request.
  Time since last request: 0.000018 seconds.
  path: Assets/Brick Project Studio/_BPS Basic Assets/_Prefabs/Restroom/Signs/RR_Restroom_Unisex_Sign.prefab
  artifactKey: Guid(d076477035e41e6438c5f9a92ee50194) Importer(2089858483,0ecaa5967403d082aa24f35e1b516d23)
Start importing Assets/Brick Project Studio/_BPS Basic Assets/_Prefabs/Restroom/Signs/RR_Restroom_Unisex_Sign.prefab using Guid(d076477035e41e6438c5f9a92ee50194) Importer(2089858483,0ecaa5967403d082aa24f35e1b516d23) [PhysX] Initialized MultithreadedTaskDispatcher with 24 workers.
 -> (artifact id: 'a01dbf4c9f9f4497f87407e8b1e4667e') in 0.036422 seconds
Number of updated asset objects reloaded before import = 0
Number of asset objects unloaded after import = 7
========================================================================
Received Import Request.
  Time since last request: 0.000016 seconds.
  path: Assets/Brick Project Studio/_BPS Basic Assets/_Prefabs/Restroom/Signs/RR_Restroom_Men_Sign.prefab
  artifactKey: Guid(0e258bad90e29e5428d9fdcd3fef014f) Importer(2089858483,0ecaa5967403d082aa24f35e1b516d23)
Start importing Assets/Brick Project Studio/_BPS Basic Assets/_Prefabs/Restroom/Signs/RR_Restroom_Men_Sign.prefab using Guid(0e258bad90e29e5428d9fdcd3fef014f) Importer(2089858483,0ecaa5967403d082aa24f35e1b516d23) [PhysX] Initialized MultithreadedTaskDispatcher with 24 workers.
 -> (artifact id: '4c13a6a6311b7d2b15464587c926821f') in 0.019072 seconds
Number of updated asset objects reloaded before import = 0
Number of asset objects unloaded after import = 7
========================================================================
Received Import Request.
  Time since last request: 0.000016 seconds.
  path: Assets/Brick Project Studio/_BPS Basic Assets/_Prefabs/Restroom/RR Build Kit/Doors/Int_RR_DoorFrame_01_Man.prefab
  artifactKey: Guid(229639aed4129534fa69a11f5305b94e) Importer(2089858483,0ecaa5967403d082aa24f35e1b516d23)
Start importing Assets/Brick Project Studio/_BPS Basic Assets/_Prefabs/Restroom/RR Build Kit/Doors/Int_RR_DoorFrame_01_Man.prefab using Guid(229639aed4129534fa69a11f5305b94e) Importer(2089858483,0ecaa5967403d082aa24f35e1b516d23) [PhysX] Initialized MultithreadedTaskDispatcher with 24 workers.
 -> (artifact id: 'ea805dbb492c9c4276720d529a3914d1') in 0.023096 seconds
Number of updated asset objects reloaded before import = 0
Number of asset objects unloaded after import = 25
========================================================================
Received Import Request.
  Time since last request: 0.000018 seconds.
  path: Assets/Brick Project Studio/_BPS Basic Assets/_Prefabs/Basic Asset/BA Build Kit/IntExt/IntExt_BA_GlassFrameDoor_01.prefab
  artifactKey: Guid(eaaaafd5975a5d544a3d11507b3670ec) Importer(2089858483,0ecaa5967403d082aa24f35e1b516d23)
Start importing Assets/Brick Project Studio/_BPS Basic Assets/_Prefabs/Basic Asset/BA Build Kit/IntExt/IntExt_BA_GlassFrameDoor_01.prefab using Guid(eaaaafd5975a5d544a3d11507b3670ec) Importer(2089858483,0ecaa5967403d082aa24f35e1b516d23) [PhysX] Initialized MultithreadedTaskDispatcher with 24 workers.
 -> (artifact id: 'c0dae7b950cabbdbd07cd23e8f7bb928') in 0.019654 seconds
Number of updated asset objects reloaded before import = 0
Number of asset objects unloaded after import = 50
========================================================================
Received Import Request.
  Time since last request: 0.000019 seconds.
  path: Assets/Brick Project Studio/_BPS Basic Assets/Common/Scripts and Animations/First Person Player/SceneSwitchGen.cs
  artifactKey: Guid(d4189f6b82d537b45b085891d0ec97f4) Importer(2089858483,0ecaa5967403d082aa24f35e1b516d23)
Start importing Assets/Brick Project Studio/_BPS Basic Assets/Common/Scripts and Animations/First Person Player/SceneSwitchGen.cs using Guid(d4189f6b82d537b45b085891d0ec97f4) Importer(2089858483,0ecaa5967403d082aa24f35e1b516d23) [PhysX] Initialized MultithreadedTaskDispatcher with 24 workers.
 -> (artifact id: 'bd96291799aca25eb36b4fa46a5003dd') in 0.014050 seconds
Number of updated asset objects reloaded before import = 0
Number of asset objects unloaded after import = 1
========================================================================
Received Import Request.
  Time since last request: 0.000016 seconds.
  path: Assets/Brick Project Studio/_BPS Basic Assets/Common/Textures/Basic Asset/BA_Metal_Brushed_01_N.png
  artifactKey: Guid(28ff0b5cb9b51034a977bc2116ddfe2e) Importer(2089858483,0ecaa5967403d082aa24f35e1b516d23)
Start importing Assets/Brick Project Studio/_BPS Basic Assets/Common/Textures/Basic Asset/BA_Metal_Brushed_01_N.png using Guid(28ff0b5cb9b51034a977bc2116ddfe2e) Importer(2089858483,0ecaa5967403d082aa24f35e1b516d23) [PhysX] Initialized MultithreadedTaskDispatcher with 24 workers.
 -> (artifact id: 'e12ca3fb07657784622553c44b2b6849') in 0.021120 seconds
Number of updated asset objects reloaded before import = 0
Number of asset objects unloaded after import = 1
========================================================================
Received Import Request.
  Time since last request: 0.000019 seconds.
  path: Assets/Brick Project Studio/_BPS Basic Assets/_Prefabs/Basic Asset/Furniture_Props/BPS_Table_01.prefab
  artifactKey: Guid(3a3c0bbe58beeff4a8d63acd5a770137) Importer(2089858483,0ecaa5967403d082aa24f35e1b516d23)
Start importing Assets/Brick Project Studio/_BPS Basic Assets/_Prefabs/Basic Asset/Furniture_Props/BPS_Table_01.prefab using Guid(3a3c0bbe58beeff4a8d63acd5a770137) Importer(2089858483,0ecaa5967403d082aa24f35e1b516d23) [PhysX] Initialized MultithreadedTaskDispatcher with 24 workers.
 -> (artifact id: '61609042a0e75581fa35e5d9973ec734') in 0.033716 seconds
Number of updated asset objects reloaded before import = 0
Number of asset objects unloaded after import = 8
========================================================================
Received Import Request.
  Time since last request: 0.000030 seconds.
  path: Assets/Brick Project Studio/_BPS Basic Assets/Common/Textures/Restroom/Int_RR_01_A.png
  artifactKey: Guid(9ec16e8e97fefce479fe70e0e7115274) Importer(2089858483,0ecaa5967403d082aa24f35e1b516d23)
Start importing Assets/Brick Project Studio/_BPS Basic Assets/Common/Textures/Restroom/Int_RR_01_A.png using Guid(9ec16e8e97fefce479fe70e0e7115274) Importer(2089858483,0ecaa5967403d082aa24f35e1b516d23) [PhysX] Initialized MultithreadedTaskDispatcher with 24 workers.
 -> (artifact id: 'e97d04a9a5f4da6d9341fb4363779622') in 0.029341 seconds
Number of updated asset objects reloaded before import = 0
Number of asset objects unloaded after import = 1
========================================================================
Received Import Request.
  Time since last request: 0.000016 seconds.
  path: Assets/Brick Project Studio/_BPS Basic Assets/_Prefabs/Restroom/Fixtures/RR_Toilet_01.prefab
  artifactKey: Guid(8241ffa2db322f148a140189e8ca4afd) Importer(2089858483,0ecaa5967403d082aa24f35e1b516d23)
Start importing Assets/Brick Project Studio/_BPS Basic Assets/_Prefabs/Restroom/Fixtures/RR_Toilet_01.prefab using Guid(8241ffa2db322f148a140189e8ca4afd) Importer(2089858483,0ecaa5967403d082aa24f35e1b516d23) [PhysX] Initialized MultithreadedTaskDispatcher with 24 workers.
 -> (artifact id: '96ac380483a44748192937f310981f38') in 0.017245 seconds
Number of updated asset objects reloaded before import = 0
Number of asset objects unloaded after import = 18
========================================================================
Received Import Request.
  Time since last request: 0.000022 seconds.
  path: Assets/Brick Project Studio/_BPS Basic Assets/_Prefabs/Basic Asset/Furniture_Props/BA_Ceiling Light_01.prefab
  artifactKey: Guid(4f5fea46d0c567446b768005952642f8) Importer(2089858483,0ecaa5967403d082aa24f35e1b516d23)
Start importing Assets/Brick Project Studio/_BPS Basic Assets/_Prefabs/Basic Asset/Furniture_Props/BA_Ceiling Light_01.prefab using Guid(4f5fea46d0c567446b768005952642f8) Importer(2089858483,0ecaa5967403d082aa24f35e1b516d23) [PhysX] Initialized MultithreadedTaskDispatcher with 24 workers.
 -> (artifact id: '0303f3f319e0ac8e994085c6472c0f39') in 0.013527 seconds
Number of updated asset objects reloaded before import = 0
Number of asset objects unloaded after import = 12
========================================================================
Received Import Request.
  Time since last request: 0.000016 seconds.
  path: Assets/Brick Project Studio/_BPS Basic Assets/Common/Scripts and Animations/Windows/openandclosewindow1.controller
  artifactKey: Guid(3bcdaa1dc4d3d2941bdc687f50714a64) Importer(2089858483,0ecaa5967403d082aa24f35e1b516d23)
Start importing Assets/Brick Project Studio/_BPS Basic Assets/Common/Scripts and Animations/Windows/openandclosewindow1.controller using Guid(3bcdaa1dc4d3d2941bdc687f50714a64) Importer(2089858483,0ecaa5967403d082aa24f35e1b516d23) [PhysX] Initialized MultithreadedTaskDispatcher with 24 workers.
 -> (artifact id: '92e843f9805efe90cb65ec32c67f3791') in 0.030602 seconds
Number of updated asset objects reloaded before import = 0
Number of asset objects unloaded after import = 7
========================================================================
Received Import Request.
  Time since last request: 0.000019 seconds.
  path: Assets/AK Studio Art/Surveillance Camera/Scenes/Demo.unity
  artifactKey: Guid(8d421f98492b2ca479f591783e8c719f) Importer(2089858483,0ecaa5967403d082aa24f35e1b516d23)
Start importing Assets/AK Studio Art/Surveillance Camera/Scenes/Demo.unity using Guid(8d421f98492b2ca479f591783e8c719f) Importer(2089858483,0ecaa5967403d082aa24f35e1b516d23) [PhysX] Initialized MultithreadedTaskDispatcher with 24 workers.
 -> (artifact id: '2d279bb2f75ba145cda8e28d14441985') in 0.015583 seconds
Number of updated asset objects reloaded before import = 0
Number of asset objects unloaded after import = 1
========================================================================
Received Import Request.
  Time since last request: 0.000020 seconds.
  path: Assets/Brick Project Studio/Fast Food Restaurant Kit/_Prefabs/Fast Food Build Kit/Floors Walls Ceiling Doors/Int_FFK_01_Ceiling_01.prefab
  artifactKey: Guid(cc2c18e189d423749bcb27809650683d) Importer(2089858483,0ecaa5967403d082aa24f35e1b516d23)
Start importing Assets/Brick Project Studio/Fast Food Restaurant Kit/_Prefabs/Fast Food Build Kit/Floors Walls Ceiling Doors/Int_FFK_01_Ceiling_01.prefab using Guid(cc2c18e189d423749bcb27809650683d) Importer(2089858483,0ecaa5967403d082aa24f35e1b516d23) [PhysX] Initialized MultithreadedTaskDispatcher with 24 workers.
 -> (artifact id: '00bf4d9f23985809fb1be8c0f8734e31') in 0.016371 seconds
Number of updated asset objects reloaded before import = 0
Number of asset objects unloaded after import = 8
========================================================================
Received Import Request.
  Time since last request: 0.000017 seconds.
  path: Assets/Brick Project Studio/Fast Food Restaurant Kit/_Prefabs/Props/Lamps/FFK_Lamp_Ceiling_01_01.prefab
  artifactKey: Guid(9a27eb6bfb1a9db44a84bd8b765e30af) Importer(2089858483,0ecaa5967403d082aa24f35e1b516d23)
Start importing Assets/Brick Project Studio/Fast Food Restaurant Kit/_Prefabs/Props/Lamps/FFK_Lamp_Ceiling_01_01.prefab using Guid(9a27eb6bfb1a9db44a84bd8b765e30af) Importer(2089858483,0ecaa5967403d082aa24f35e1b516d23) [PhysX] Initialized MultithreadedTaskDispatcher with 24 workers.
 -> (artifact id: '67a83f3ca1d43488f07d6aaaf32c5687') in 0.027689 seconds
Number of updated asset objects reloaded before import = 0
Number of asset objects unloaded after import = 18
========================================================================
Received Import Request.
  Time since last request: 0.000019 seconds.
  path: Assets/Brick Project Studio/_BPS Basic Assets/_Prefabs/Basic Asset/BA Build Kit/Exterior/Ext_BA_01_Pillar_2x2.prefab
  artifactKey: Guid(9e5df3ffdacb0044d80a4e70e9f86833) Importer(2089858483,0ecaa5967403d082aa24f35e1b516d23)
Start importing Assets/Brick Project Studio/_BPS Basic Assets/_Prefabs/Basic Asset/BA Build Kit/Exterior/Ext_BA_01_Pillar_2x2.prefab using Guid(9e5df3ffdacb0044d80a4e70e9f86833) Importer(2089858483,0ecaa5967403d082aa24f35e1b516d23) [PhysX] Initialized MultithreadedTaskDispatcher with 24 workers.
 -> (artifact id: 'b0391be93e8c906bca2294ace2b2396f') in 0.029346 seconds
Number of updated asset objects reloaded before import = 0
Number of asset objects unloaded after import = 8
========================================================================
Received Import Request.
  Time since last request: 0.000017 seconds.
  path: Assets/Brick Project Studio/_BPS Basic Assets/Common/Textures/Legacy/Brick 02 Texture.png
  artifactKey: Guid(91e6f6bf45b72bd478b59dcf22714424) Importer(2089858483,0ecaa5967403d082aa24f35e1b516d23)
Start importing Assets/Brick Project Studio/_BPS Basic Assets/Common/Textures/Legacy/Brick 02 Texture.png using Guid(91e6f6bf45b72bd478b59dcf22714424) Importer(2089858483,0ecaa5967403d082aa24f35e1b516d23) [PhysX] Initialized MultithreadedTaskDispatcher with 24 workers.
 -> (artifact id: '3904d39e571f1479ca69f7b96a9bf8ac') in 0.019054 seconds
Number of updated asset objects reloaded before import = 0
Number of asset objects unloaded after import = 1
========================================================================
Received Import Request.
  Time since last request: 0.081247 seconds.
  path: Assets/Brick Project Studio/_BPS Basic Assets/_Prefabs/Restroom/RR Build Kit/Doors/Int_RR_DoorFrame_01_Unisex.prefab
  artifactKey: Guid(5f635d348fad9f742a95c45e8aceda58) Importer(2089858483,0ecaa5967403d082aa24f35e1b516d23)
Start importing Assets/Brick Project Studio/_BPS Basic Assets/_Prefabs/Restroom/RR Build Kit/Doors/Int_RR_DoorFrame_01_Unisex.prefab using Guid(5f635d348fad9f742a95c45e8aceda58) Importer(2089858483,0ecaa5967403d082aa24f35e1b516d23) [PhysX] Initialized MultithreadedTaskDispatcher with 24 workers.
 -> (artifact id: 'd0e1a2ee2513ecdc52c13acb32db63f5') in 0.019221 seconds
Number of updated asset objects reloaded before import = 0
Number of asset objects unloaded after import = 25
========================================================================
Received Import Request.
  Time since last request: 0.000019 seconds.
  path: Assets/Brick Project Studio/_BPS Basic Assets/_Prefabs/Basic Asset/BA Build Kit/Interior/Int_02/Int_BA_02_Filler_01.prefab
  artifactKey: Guid(e76249d095e28ee4db72dc3385020c2f) Importer(2089858483,0ecaa5967403d082aa24f35e1b516d23)
Start importing Assets/Brick Project Studio/_BPS Basic Assets/_Prefabs/Basic Asset/BA Build Kit/Interior/Int_02/Int_BA_02_Filler_01.prefab using Guid(e76249d095e28ee4db72dc3385020c2f) Importer(2089858483,0ecaa5967403d082aa24f35e1b516d23) [PhysX] Initialized MultithreadedTaskDispatcher with 24 workers.
 -> (artifact id: '25b354da363da1ad79284b42acddb821') in 0.023342 seconds
Number of updated asset objects reloaded before import = 0
Number of asset objects unloaded after import = 8
========================================================================
Received Import Request.
  Time since last request: 0.000018 seconds.
  path: Assets/Brick Project Studio/_BPS Basic Assets/_Prefabs/Basic Asset/BA Build Kit/Interior/Int_02/Int_BA_02_Wall_02.prefab
  artifactKey: Guid(e865b35190d61134389351f1fb9a589f) Importer(2089858483,0ecaa5967403d082aa24f35e1b516d23)
Start importing Assets/Brick Project Studio/_BPS Basic Assets/_Prefabs/Basic Asset/BA Build Kit/Interior/Int_02/Int_BA_02_Wall_02.prefab using Guid(e865b35190d61134389351f1fb9a589f) Importer(2089858483,0ecaa5967403d082aa24f35e1b516d23) [PhysX] Initialized MultithreadedTaskDispatcher with 24 workers.
 -> (artifact id: 'd5bd09d28ab5d47c17919076e122c61b') in 0.023794 seconds
Number of updated asset objects reloaded before import = 0
Number of asset objects unloaded after import = 8
========================================================================
Received Import Request.
  Time since last request: 0.000017 seconds.
  path: Assets/Brick Project Studio/_BPS Basic Assets/_Prefabs/Basic Asset/BA Build Kit/Interior/Doors Frames/Int_BA_Frame_02.prefab
  artifactKey: Guid(6b0fe008d0f2fd649ba26243e4ef0ee8) Importer(2089858483,0ecaa5967403d082aa24f35e1b516d23)
Start importing Assets/Brick Project Studio/_BPS Basic Assets/_Prefabs/Basic Asset/BA Build Kit/Interior/Doors Frames/Int_BA_Frame_02.prefab using Guid(6b0fe008d0f2fd649ba26243e4ef0ee8) Importer(2089858483,0ecaa5967403d082aa24f35e1b516d23) [PhysX] Initialized MultithreadedTaskDispatcher with 24 workers.
 -> (artifact id: '42165ebe13fab16aa11096c5033c44da') in 0.034982 seconds
Number of updated asset objects reloaded before import = 0
Number of asset objects unloaded after import = 7
========================================================================
Received Import Request.
  Time since last request: 0.000019 seconds.
  path: Assets/Brick Project Studio/_BPS Basic Assets/_Prefabs/Restroom/RR Build Kit/Walls/Int_RR_01_pillar_3x3.prefab
  artifactKey: Guid(02f55a24f89f19d4083c38a6fd760a46) Importer(2089858483,0ecaa5967403d082aa24f35e1b516d23)
Start importing Assets/Brick Project Studio/_BPS Basic Assets/_Prefabs/Restroom/RR Build Kit/Walls/Int_RR_01_pillar_3x3.prefab using Guid(02f55a24f89f19d4083c38a6fd760a46) Importer(2089858483,0ecaa5967403d082aa24f35e1b516d23) [PhysX] Initialized MultithreadedTaskDispatcher with 24 workers.
 -> (artifact id: 'e9cfeab5aee01905e0a39f865f0d1958') in 0.021043 seconds
Number of updated asset objects reloaded before import = 0
Number of asset objects unloaded after import = 8
========================================================================
Received Import Request.
  Time since last request: 0.000019 seconds.
  path: Assets/Brick Project Studio/_BPS Basic Assets/_Prefabs/Basic Asset/BA Build Kit/Interior/Int_02/Int_BA_02_Wall_01.prefab
  artifactKey: Guid(74787c4efc3c48d48ba66f7b4a32b975) Importer(2089858483,0ecaa5967403d082aa24f35e1b516d23)
Start importing Assets/Brick Project Studio/_BPS Basic Assets/_Prefabs/Basic Asset/BA Build Kit/Interior/Int_02/Int_BA_02_Wall_01.prefab using Guid(74787c4efc3c48d48ba66f7b4a32b975) Importer(2089858483,0ecaa5967403d082aa24f35e1b516d23) [PhysX] Initialized MultithreadedTaskDispatcher with 24 workers.
 -> (artifact id: 'c4299afa47cb6c1f94c6bb9a7f72d515') in 0.025795 seconds
Number of updated asset objects reloaded before import = 0
Number of asset objects unloaded after import = 8
========================================================================
Received Import Request.
  Time since last request: 0.000016 seconds.
  path: Assets/Brick Project Studio/_BPS Basic Assets/_Prefabs/Basic Asset/BA Build Kit/Interior/Int_01/Int_BA_01_Pillar_4x4.prefab
  artifactKey: Guid(c83e0dcf64994e249a7357b1eb31da5a) Importer(2089858483,0ecaa5967403d082aa24f35e1b516d23)
Start importing Assets/Brick Project Studio/_BPS Basic Assets/_Prefabs/Basic Asset/BA Build Kit/Interior/Int_01/Int_BA_01_Pillar_4x4.prefab using Guid(c83e0dcf64994e249a7357b1eb31da5a) Importer(2089858483,0ecaa5967403d082aa24f35e1b516d23) [PhysX] Initialized MultithreadedTaskDispatcher with 24 workers.
 -> (artifact id: '4d23a6f560341a4e60c45d78b124d59d') in 0.027831 seconds
Number of updated asset objects reloaded before import = 0
Number of asset objects unloaded after import = 8
========================================================================
Received Import Request.
  Time since last request: 2.617953 seconds.
  path: Assets/Brick Project Studio/_BPS Basic Assets/Common/Materials/Legacy/Antique.mat
  artifactKey: Guid(4a3c4e9ae9b122e449659fdb803fb1dc) Importer(815301076,1909f56bfc062723c751e8b465ee728b)
Start importing Assets/Brick Project Studio/_BPS Basic Assets/Common/Materials/Legacy/Antique.mat using Guid(4a3c4e9ae9b122e449659fdb803fb1dc) Importer(815301076,1909f56bfc062723c751e8b465ee728b) [PhysX] Initialized MultithreadedTaskDispatcher with 24 workers.
[PhysX] Initialized MultithreadedTaskDispatcher with 24 workers.
 -> (artifact id: '383f451982363385fb6254edb4cc8d45') in 0.094552 seconds
Number of updated asset objects reloaded before import = 0
Number of asset objects unloaded after import = 1
========================================================================
Received Import Request.
  Time since last request: 0.000024 seconds.
  path: Assets/Brick Project Studio/_BPS Basic Assets/Common/Materials/Fire/Fire_Alpha_02.mat
  artifactKey: Guid(fafce5ad41639d14d9cfadc181485ec9) Importer(815301076,1909f56bfc062723c751e8b465ee728b)
Start importing Assets/Brick Project Studio/_BPS Basic Assets/Common/Materials/Fire/Fire_Alpha_02.mat using Guid(fafce5ad41639d14d9cfadc181485ec9) Importer(815301076,1909f56bfc062723c751e8b465ee728b) [PhysX] Initialized MultithreadedTaskDispatcher with 24 workers.
[PhysX] Initialized MultithreadedTaskDispatcher with 24 workers.
 -> (artifact id: '8d78b7bc28f73b556d827518cabad3b1') in 0.043970 seconds
Number of updated asset objects reloaded before import = 0
Number of asset objects unloaded after import = 2
========================================================================
Received Import Request.
  Time since last request: 0.853594 seconds.
  path: Assets/Brick Project Studio/_BPS Basic Assets/Common/Models/BPS_Chair_01.fbx
  artifactKey: Guid(b06a7002771176e48b2aaba873e28341) Importer(815301076,1909f56bfc062723c751e8b465ee728b)
Start importing Assets/Brick Project Studio/_BPS Basic Assets/Common/Models/BPS_Chair_01.fbx using Guid(b06a7002771176e48b2aaba873e28341) Importer(815301076,1909f56bfc062723c751e8b465ee728b) [PhysX] Initialized MultithreadedTaskDispatcher with 24 workers.
[PhysX] Initialized MultithreadedTaskDispatcher with 24 workers.
[PhysX] Initialized MultithreadedTaskDispatcher with 24 workers.
[PhysX] Initialized MultithreadedTaskDispatcher with 24 workers.
[PhysX] Initialized MultithreadedTaskDispatcher with 24 workers.
[PhysX] Initialized MultithreadedTaskDispatcher with 24 workers.
[PhysX] Initialized MultithreadedTaskDispatcher with 24 workers.
[PhysX] Initialized MultithreadedTaskDispatcher with 24 workers.
[PhysX] Initialized MultithreadedTaskDispatcher with 24 workers.
[PhysX] Initialized MultithreadedTaskDispatcher with 24 workers.
[PhysX] Initialized MultithreadedTaskDispatcher with 24 workers.
[PhysX] Initialized MultithreadedTaskDispatcher with 24 workers.
[PhysX] Initialized MultithreadedTaskDispatcher with 24 workers.
[PhysX] Initialized MultithreadedTaskDispatcher with 24 workers.
[PhysX] Initialized MultithreadedTaskDispatcher with 24 workers.
[PhysX] Initialized MultithreadedTaskDispatcher with 24 workers.
[PhysX] Initialized MultithreadedTaskDispatcher with 24 workers.
[PhysX] Initialized MultithreadedTaskDispatcher with 24 workers.
[PhysX] Initialized MultithreadedTaskDispatcher with 24 workers.
[PhysX] Initialized MultithreadedTaskDispatcher with 24 workers.
[PhysX] Initialized MultithreadedTaskDispatcher with 24 workers.
[PhysX] Initialized MultithreadedTaskDispatcher with 24 workers.
 -> (artifact id: '0b57d79a608d91b3d5535adaba7235bd') in 0.093122 seconds
Number of updated asset objects reloaded before import = 0
Number of asset objects unloaded after import = 72
========================================================================
Received Import Request.
  Time since last request: 0.755956 seconds.
  path: Assets/Brick Project Studio/_BPS Basic Assets/_Prefabs/Base Scene/BA_Concrete Plane.prefab
  artifactKey: Guid(0a39e6bc93e859145a2f868ff0277c31) Importer(815301076,1909f56bfc062723c751e8b465ee728b)
Start importing Assets/Brick Project Studio/_BPS Basic Assets/_Prefabs/Base Scene/BA_Concrete Plane.prefab using Guid(0a39e6bc93e859145a2f868ff0277c31) Importer(815301076,1909f56bfc062723c751e8b465ee728b) [PhysX] Initialized MultithreadedTaskDispatcher with 24 workers.
[PhysX] Initialized MultithreadedTaskDispatcher with 24 workers.
 -> (artifact id: '3458da9892f66c9866d424d18716a476') in 0.024965 seconds
Number of updated asset objects reloaded before import = 0
Number of asset objects unloaded after import = 10
========================================================================
Received Import Request.
  Time since last request: 0.000016 seconds.
  path: Assets/Brick Project Studio/_BPS Basic Assets/_Prefabs/Basic Asset/BA Build Kit/Interior/Int_01/Int_BA_01_Filler_03.prefab
  artifactKey: Guid(5d67674c5abd5e74eb23b8e2a1e01d7e) Importer(815301076,1909f56bfc062723c751e8b465ee728b)
Start importing Assets/Brick Project Studio/_BPS Basic Assets/_Prefabs/Basic Asset/BA Build Kit/Interior/Int_01/Int_BA_01_Filler_03.prefab using Guid(5d67674c5abd5e74eb23b8e2a1e01d7e) Importer(815301076,1909f56bfc062723c751e8b465ee728b) [PhysX] Initialized MultithreadedTaskDispatcher with 24 workers.
[PhysX] Initialized MultithreadedTaskDispatcher with 24 workers.
 -> (artifact id: 'dab2b8a7a1c9f1f5ec7b8aeb75b29d79') in 0.016845 seconds
Number of updated asset objects reloaded before import = 0
Number of asset objects unloaded after import = 9
========================================================================
Received Import Request.
  Time since last request: 0.000020 seconds.
  path: Assets/Brick Project Studio/_BPS Basic Assets/_Prefabs/Restroom/RR Build Kit/Walls/Int_RR_01_pillar_1x1.prefab
  artifactKey: Guid(4da894abfa482cf43b36780ecf3abd44) Importer(815301076,1909f56bfc062723c751e8b465ee728b)
Start importing Assets/Brick Project Studio/_BPS Basic Assets/_Prefabs/Restroom/RR Build Kit/Walls/Int_RR_01_pillar_1x1.prefab using Guid(4da894abfa482cf43b36780ecf3abd44) Importer(815301076,1909f56bfc062723c751e8b465ee728b) [PhysX] Initialized MultithreadedTaskDispatcher with 24 workers.
[PhysX] Initialized MultithreadedTaskDispatcher with 24 workers.
 -> (artifact id: 'c56350502019a2e572e33a0ce460b5af') in 0.017342 seconds
Number of updated asset objects reloaded before import = 0
Number of asset objects unloaded after import = 11
========================================================================
Received Import Request.
  Time since last request: 0.000016 seconds.
  path: Assets/Brick Project Studio/Fast Food Restaurant Kit/_Prefabs/Fast Food Build Kit/Floors Walls Ceiling Doors/Int_FFK_01_Wall_Double_01.prefab
  artifactKey: Guid(edd93407c37e4eb4d853936a7d476ba9) Importer(815301076,1909f56bfc062723c751e8b465ee728b)
Start importing Assets/Brick Project Studio/Fast Food Restaurant Kit/_Prefabs/Fast Food Build Kit/Floors Walls Ceiling Doors/Int_FFK_01_Wall_Double_01.prefab using Guid(edd93407c37e4eb4d853936a7d476ba9) Importer(815301076,1909f56bfc062723c751e8b465ee728b) [PhysX] Initialized MultithreadedTaskDispatcher with 24 workers.
[PhysX] Initialized MultithreadedTaskDispatcher with 24 workers.
 -> (artifact id: '97c73b334b0a70e8396fa767a5659f8f') in 0.017882 seconds
Number of updated asset objects reloaded before import = 0
Number of asset objects unloaded after import = 11
========================================================================
Received Import Request.
  Time since last request: 0.000016 seconds.
  path: Assets/Brick Project Studio/_BPS Basic Assets/_Prefabs/Basic Asset/BA Build Kit/Interior/Doors Frames/Int_BA_Door_01.prefab
  artifactKey: Guid(62bd457adfa663b4b8de2903bb4c8006) Importer(815301076,1909f56bfc062723c751e8b465ee728b)
Start importing Assets/Brick Project Studio/_BPS Basic Assets/_Prefabs/Basic Asset/BA Build Kit/Interior/Doors Frames/Int_BA_Door_01.prefab using Guid(62bd457adfa663b4b8de2903bb4c8006) Importer(815301076,1909f56bfc062723c751e8b465ee728b) [PhysX] Initialized MultithreadedTaskDispatcher with 24 workers.
[PhysX] Initialized MultithreadedTaskDispatcher with 24 workers.
 -> (artifact id: '03c1ab0c698605480a72257de05e2c45') in 0.017214 seconds
Number of updated asset objects reloaded before import = 0
Number of asset objects unloaded after import = 39
========================================================================
Received Import Request.
  Time since last request: 0.000018 seconds.
  path: Assets/Brick Project Studio/_BPS Basic Assets/_Prefabs/Basic Asset/BA Build Kit/Interior/Int_01/Int_BA_01_Floor_01.prefab
  artifactKey: Guid(44c2c1ab745c05740b134b9f0487d99b) Importer(815301076,1909f56bfc062723c751e8b465ee728b)
Start importing Assets/Brick Project Studio/_BPS Basic Assets/_Prefabs/Basic Asset/BA Build Kit/Interior/Int_01/Int_BA_01_Floor_01.prefab using Guid(44c2c1ab745c05740b134b9f0487d99b) Importer(815301076,1909f56bfc062723c751e8b465ee728b) [PhysX] Initialized MultithreadedTaskDispatcher with 24 workers.
[PhysX] Initialized MultithreadedTaskDispatcher with 24 workers.
 -> (artifact id: '19dbfb2081b3cd372ef21b0ea41970de') in 0.016939 seconds
Number of updated asset objects reloaded before import = 0
Number of asset objects unloaded after import = 10
========================================================================
Received Import Request.
  Time since last request: 0.000020 seconds.
  path: Assets/Brick Project Studio/Fast Food Restaurant Kit/_Prefabs/Fast Food Build Kit/Divider/FFK_Divider_02_02_01.prefab
  artifactKey: Guid(654e2b6c11bc26c4a835d27cfb2b015a) Importer(815301076,1909f56bfc062723c751e8b465ee728b)
Start importing Assets/Brick Project Studio/Fast Food Restaurant Kit/_Prefabs/Fast Food Build Kit/Divider/FFK_Divider_02_02_01.prefab using Guid(654e2b6c11bc26c4a835d27cfb2b015a) Importer(815301076,1909f56bfc062723c751e8b465ee728b) [PhysX] Initialized MultithreadedTaskDispatcher with 24 workers.
[PhysX] Initialized MultithreadedTaskDispatcher with 24 workers.
 -> (artifact id: 'b9e40e65a44cb68e0b5467626d15c3b9') in 0.017321 seconds
Number of updated asset objects reloaded before import = 0
Number of asset objects unloaded after import = 11
========================================================================
Received Import Request.
  Time since last request: 0.000022 seconds.
  path: Assets/Brick Project Studio/_BPS Basic Assets/_Prefabs/Basic Asset/BA Build Kit/Interior/Int_01/Int_BA_01_Pillar_2x2.prefab
  artifactKey: Guid(fff70e8f691f38d41bbe035d6dc641df) Importer(815301076,1909f56bfc062723c751e8b465ee728b)
Start importing Assets/Brick Project Studio/_BPS Basic Assets/_Prefabs/Basic Asset/BA Build Kit/Interior/Int_01/Int_BA_01_Pillar_2x2.prefab using Guid(fff70e8f691f38d41bbe035d6dc641df) Importer(815301076,1909f56bfc062723c751e8b465ee728b) [PhysX] Initialized MultithreadedTaskDispatcher with 24 workers.
[PhysX] Initialized MultithreadedTaskDispatcher with 24 workers.
 -> (artifact id: '7246c05e075668fe27bcac9006fc4aea') in 0.019006 seconds
Number of updated asset objects reloaded before import = 0
Number of asset objects unloaded after import = 10
========================================================================
Received Import Request.
  Time since last request: 0.000025 seconds.
  path: Assets/Brick Project Studio/Fast Food Restaurant Kit/_Prefabs/Fast Food Build Kit/Divider/FFK_Divider_01_02_01.prefab
  artifactKey: Guid(725d9424d7c52bd4583d5d1f365db101) Importer(815301076,1909f56bfc062723c751e8b465ee728b)
Start importing Assets/Brick Project Studio/Fast Food Restaurant Kit/_Prefabs/Fast Food Build Kit/Divider/FFK_Divider_01_02_01.prefab using Guid(725d9424d7c52bd4583d5d1f365db101) Importer(815301076,1909f56bfc062723c751e8b465ee728b) [PhysX] Initialized MultithreadedTaskDispatcher with 24 workers.
[PhysX] Initialized MultithreadedTaskDispatcher with 24 workers.
 -> (artifact id: '34dc7f10803144095f34c07a8e46ef16') in 0.016674 seconds
Number of updated asset objects reloaded before import = 0
Number of asset objects unloaded after import = 18
========================================================================
Received Import Request.
  Time since last request: 0.000025 seconds.
  path: Assets/Brick Project Studio/Fast Food Restaurant Kit/_Prefabs/Fast Food Build Kit/Floors Walls Ceiling Doors/Int_FFK_01_Pillar_1x1.prefab
  artifactKey: Guid(daf771e386ae656448a07b80e089a424) Importer(815301076,1909f56bfc062723c751e8b465ee728b)
Start importing Assets/Brick Project Studio/Fast Food Restaurant Kit/_Prefabs/Fast Food Build Kit/Floors Walls Ceiling Doors/Int_FFK_01_Pillar_1x1.prefab using Guid(daf771e386ae656448a07b80e089a424) Importer(815301076,1909f56bfc062723c751e8b465ee728b) [PhysX] Initialized MultithreadedTaskDispatcher with 24 workers.
[PhysX] Initialized MultithreadedTaskDispatcher with 24 workers.
 -> (artifact id: 'b1da68445a02ecbf8c0aeb284be3a601') in 0.017260 seconds
Number of updated asset objects reloaded before import = 0
Number of asset objects unloaded after import = 11
========================================================================
Received Import Request.
  Time since last request: 0.000018 seconds.
  path: Assets/Brick Project Studio/Fast Food Restaurant Kit/_Prefabs/Fast Food Build Kit/Floors Walls Ceiling Doors/Int_FFK_01_Filler_01.prefab
  artifactKey: Guid(bc85d9e93196bdd40b9837645cce2337) Importer(815301076,1909f56bfc062723c751e8b465ee728b)
Start importing Assets/Brick Project Studio/Fast Food Restaurant Kit/_Prefabs/Fast Food Build Kit/Floors Walls Ceiling Doors/Int_FFK_01_Filler_01.prefab using Guid(bc85d9e93196bdd40b9837645cce2337) Importer(815301076,1909f56bfc062723c751e8b465ee728b) [PhysX] Initialized MultithreadedTaskDispatcher with 24 workers.
[PhysX] Initialized MultithreadedTaskDispatcher with 24 workers.
 -> (artifact id: 'c8f5444d7abeeae741e2f109bfa8e1e8') in 0.020207 seconds
Number of updated asset objects reloaded before import = 0
Number of asset objects unloaded after import = 10
========================================================================
Received Import Request.
  Time since last request: 0.000013 seconds.
  path: Assets/Brick Project Studio/_BPS Basic Assets/_Prefabs/Basic Asset/BA Build Kit/Interior/Int_01/Int_BA_01_Pillar_1x1.prefab
  artifactKey: Guid(736096cdbd0f7f34cb9e8fdc25987b1c) Importer(815301076,1909f56bfc062723c751e8b465ee728b)
Start importing Assets/Brick Project Studio/_BPS Basic Assets/_Prefabs/Basic Asset/BA Build Kit/Interior/Int_01/Int_BA_01_Pillar_1x1.prefab using Guid(736096cdbd0f7f34cb9e8fdc25987b1c) Importer(815301076,1909f56bfc062723c751e8b465ee728b) [PhysX] Initialized MultithreadedTaskDispatcher with 24 workers.
[PhysX] Initialized MultithreadedTaskDispatcher with 24 workers.
 -> (artifact id: 'f0f229c5138bdaf1384567390cc21406') in 0.014550 seconds
Number of updated asset objects reloaded before import = 0
Number of asset objects unloaded after import = 10
========================================================================
Received Import Request.
  Time since last request: 0.000017 seconds.
  path: Assets/Brick Project Studio/_BPS Basic Assets/_Prefabs/Basic Asset/BA Build Kit/Interior/Int_01/Int_BA_01_Pillar_4x4.prefab
  artifactKey: Guid(c83e0dcf64994e249a7357b1eb31da5a) Importer(815301076,1909f56bfc062723c751e8b465ee728b)
Start importing Assets/Brick Project Studio/_BPS Basic Assets/_Prefabs/Basic Asset/BA Build Kit/Interior/Int_01/Int_BA_01_Pillar_4x4.prefab using Guid(c83e0dcf64994e249a7357b1eb31da5a) Importer(815301076,1909f56bfc062723c751e8b465ee728b) [PhysX] Initialized MultithreadedTaskDispatcher with 24 workers.
[PhysX] Initialized MultithreadedTaskDispatcher with 24 workers.
 -> (artifact id: 'e3af3dd731a02bed5852dcc24abc85a8') in 0.017241 seconds
Number of updated asset objects reloaded before import = 0
Number of asset objects unloaded after import = 10
========================================================================
Received Import Request.
  Time since last request: 0.809358 seconds.
  path: Assets/Brick Project Studio/_BPS Basic Assets/_Prefabs/Restroom/RR Build Kit/Walls/Int_RR_01_pillar_3x3.prefab
  artifactKey: Guid(02f55a24f89f19d4083c38a6fd760a46) Importer(815301076,1909f56bfc062723c751e8b465ee728b)
Start importing Assets/Brick Project Studio/_BPS Basic Assets/_Prefabs/Restroom/RR Build Kit/Walls/Int_RR_01_pillar_3x3.prefab using Guid(02f55a24f89f19d4083c38a6fd760a46) Importer(815301076,1909f56bfc062723c751e8b465ee728b) [PhysX] Initialized MultithreadedTaskDispatcher with 24 workers.
[PhysX] Initialized MultithreadedTaskDispatcher with 24 workers.
 -> (artifact id: '35627baca2f4a417b6bd9f654747da87') in 0.016472 seconds
Number of updated asset objects reloaded before import = 0
Number of asset objects unloaded after import = 11
========================================================================
Received Import Request.
  Time since last request: 0.000012 seconds.
  path: Assets/Brick Project Studio/_BPS Basic Assets/_Prefabs/Restroom/Fixtures/RR_UrinalDivider_01.prefab
  artifactKey: Guid(2af99c6a575291740aa769a08c524aa6) Importer(815301076,1909f56bfc062723c751e8b465ee728b)
Start importing Assets/Brick Project Studio/_BPS Basic Assets/_Prefabs/Restroom/Fixtures/RR_UrinalDivider_01.prefab using Guid(2af99c6a575291740aa769a08c524aa6) Importer(815301076,1909f56bfc062723c751e8b465ee728b) [PhysX] Initialized MultithreadedTaskDispatcher with 24 workers.
[PhysX] Initialized MultithreadedTaskDispatcher with 24 workers.
 -> (artifact id: 'ba08e4ca8940e854ba1386fc89551e86') in 0.013359 seconds
Number of updated asset objects reloaded before import = 0
Number of asset objects unloaded after import = 18
========================================================================
Received Import Request.
  Time since last request: 0.041837 seconds.
  path: Assets/Brick Project Studio/_BPS Basic Assets/_Prefabs/Fire/Small Flame.prefab
  artifactKey: Guid(b62dfcfd3c5f1934aa61c3c462ee104a) Importer(815301076,1909f56bfc062723c751e8b465ee728b)
Start importing Assets/Brick Project Studio/_BPS Basic Assets/_Prefabs/Fire/Small Flame.prefab using Guid(b62dfcfd3c5f1934aa61c3c462ee104a) Importer(815301076,1909f56bfc062723c751e8b465ee728b) [PhysX] Initialized MultithreadedTaskDispatcher with 24 workers.
[PhysX] Initialized MultithreadedTaskDispatcher with 24 workers.
 -> (artifact id: 'e0a8eea8b829f419bdaed863506ba0d8') in 0.032104 seconds
Number of updated asset objects reloaded before import = 0
Number of asset objects unloaded after import = 25
========================================================================
Received Import Request.
  Time since last request: 31.901016 seconds.
  path: Packages/com.unity.visualscripting/Editor/VisualScripting.Core/IconMap/AnimatorMessageListener@32x.png
  artifactKey: Guid(9059e055aa673b3469a5c2896c0b8fb5) Importer(815301076,1909f56bfc062723c751e8b465ee728b)
Start importing Packages/com.unity.visualscripting/Editor/VisualScripting.Core/IconMap/AnimatorMessageListener@32x.png using Guid(9059e055aa673b3469a5c2896c0b8fb5) Importer(815301076,1909f56bfc062723c751e8b465ee728b) [PhysX] Initialized MultithreadedTaskDispatcher with 24 workers.
[PhysX] Initialized MultithreadedTaskDispatcher with 24 workers.
 -> (artifact id: 'c5616417ba22f13a299ec86c5bfba301') in 0.016361 seconds
Number of updated asset objects reloaded before import = 0
Number of asset objects unloaded after import = 2
========================================================================
Received Import Request.
  Time since last request: 0.000338 seconds.
  path: Packages/com.unity.collab-proxy/Editor/PlasticSCM/Assets/Images/d_buttonssosigninemail@2x.png
  artifactKey: Guid(144aa74618b85974a9a50f612c2fa8fd) Importer(815301076,1909f56bfc062723c751e8b465ee728b)
Start importing Packages/com.unity.collab-proxy/Editor/PlasticSCM/Assets/Images/d_buttonssosigninemail@2x.png using Guid(144aa74618b85974a9a50f612c2fa8fd) Importer(815301076,1909f56bfc062723c751e8b465ee728b) [PhysX] Initialized MultithreadedTaskDispatcher with 24 workers.
[PhysX] Initialized MultithreadedTaskDispatcher with 24 workers.
 -> (artifact id: '7773df3e46863e573172821e250240fb') in 0.010011 seconds
Number of updated asset objects reloaded before import = 0
Number of asset objects unloaded after import = 2
========================================================================
Received Import Request.
  Time since last request: 0.000529 seconds.
  path: Packages/com.unity.collab-proxy/Editor/PlasticSCM/Assets/Images/d_iconaddedlocal@2x.png
  artifactKey: Guid(02800fb9cff14da47a04572790384d8b) Importer(815301076,1909f56bfc062723c751e8b465ee728b)
Start importing Packages/com.unity.collab-proxy/Editor/PlasticSCM/Assets/Images/d_iconaddedlocal@2x.png using Guid(02800fb9cff14da47a04572790384d8b) Importer(815301076,1909f56bfc062723c751e8b465ee728b) [PhysX] Initialized MultithreadedTaskDispatcher with 24 workers.
[PhysX] Initialized MultithreadedTaskDispatcher with 24 workers.
 -> (artifact id: 'ce89e5224a6bae37f735628d795b75f2') in 0.008096 seconds
Number of updated asset objects reloaded before import = 0
Number of asset objects unloaded after import = 2
========================================================================
Received Import Request.
  Time since last request: 0.002550 seconds.
  path: Packages/com.unity.collab-proxy/Editor/PlasticSCM/Assets/Images/d_iconcheckedoutlocaloverlay@2x.png
  artifactKey: Guid(8d98ab6168c3e91439339f1908b8fe97) Importer(815301076,1909f56bfc062723c751e8b465ee728b)
Start importing Packages/com.unity.collab-proxy/Editor/PlasticSCM/Assets/Images/d_iconcheckedoutlocaloverlay@2x.png using Guid(8d98ab6168c3e91439339f1908b8fe97) Importer(815301076,1909f56bfc062723c751e8b465ee728b) [PhysX] Initialized MultithreadedTaskDispatcher with 24 workers.
[PhysX] Initialized MultithreadedTaskDispatcher with 24 workers.
 -> (artifact id: 'ac4193727daeefbd5ba18ec6bf4d6783') in 0.008969 seconds
Number of updated asset objects reloaded before import = 0
Number of asset objects unloaded after import = 2
========================================================================
Received Import Request.
  Time since last request: 0.001702 seconds.
  path: Packages/com.unity.collab-proxy/Editor/PlasticSCM/Assets/Images/d_iconconflictedoverlay@2x.png
  artifactKey: Guid(a3ced8f7044b9de4787602a9e9b20ea7) Importer(815301076,1909f56bfc062723c751e8b465ee728b)
Start importing Packages/com.unity.collab-proxy/Editor/PlasticSCM/Assets/Images/d_iconconflictedoverlay@2x.png using Guid(a3ced8f7044b9de4787602a9e9b20ea7) Importer(815301076,1909f56bfc062723c751e8b465ee728b) [PhysX] Initialized MultithreadedTaskDispatcher with 24 workers.
[PhysX] Initialized MultithreadedTaskDispatcher with 24 workers.
 -> (artifact id: '9559811ddecade1d9c1184967b29a92e') in 0.007765 seconds
Number of updated asset objects reloaded before import = 0
Number of asset objects unloaded after import = 2
========================================================================
Received Import Request.
  Time since last request: 0.002648 seconds.
  path: Packages/com.unity.collab-proxy/Editor/PlasticSCM/Assets/Images/d_icondeletedremote@2x.png
  artifactKey: Guid(626b9cddb29049e4cac50cd87b419945) Importer(815301076,1909f56bfc062723c751e8b465ee728b)
Start importing Packages/com.unity.collab-proxy/Editor/PlasticSCM/Assets/Images/d_icondeletedremote@2x.png using Guid(626b9cddb29049e4cac50cd87b419945) Importer(815301076,1909f56bfc062723c751e8b465ee728b) [PhysX] Initialized MultithreadedTaskDispatcher with 24 workers.
[PhysX] Initialized MultithreadedTaskDispatcher with 24 workers.
 -> (artifact id: 'f899d8798a62c84775ebe17a2c0d765f') in 0.007534 seconds
Number of updated asset objects reloaded before import = 0
Number of asset objects unloaded after import = 2
========================================================================
Received Import Request.
  Time since last request: 0.003033 seconds.
  path: Packages/com.unity.collab-proxy/Editor/PlasticSCM/Assets/Images/d_iconinviteusers@2x.png
  artifactKey: Guid(2b9bf8ec5d54fe249ac9e20979ccd42c) Importer(815301076,1909f56bfc062723c751e8b465ee728b)
Start importing Packages/com.unity.collab-proxy/Editor/PlasticSCM/Assets/Images/d_iconinviteusers@2x.png using Guid(2b9bf8ec5d54fe249ac9e20979ccd42c) Importer(815301076,1909f56bfc062723c751e8b465ee728b) [PhysX] Initialized MultithreadedTaskDispatcher with 24 workers.
[PhysX] Initialized MultithreadedTaskDispatcher with 24 workers.
 -> (artifact id: '6815801d30413e757ac551af8bb61be7') in 0.016140 seconds
Number of updated asset objects reloaded before import = 0
Number of asset objects unloaded after import = 3
========================================================================
Received Import Request.
  Time since last request: 0.002885 seconds.
  path: Packages/com.unity.collab-proxy/Editor/PlasticSCM/Assets/Images/d_iconoutofsyncoverlay@2x.png
  artifactKey: Guid(4d7e6e570e9d65a4c9a994783a0652e2) Importer(815301076,1909f56bfc062723c751e8b465ee728b)
Start importing Packages/com.unity.collab-proxy/Editor/PlasticSCM/Assets/Images/d_iconoutofsyncoverlay@2x.png using Guid(4d7e6e570e9d65a4c9a994783a0652e2) Importer(815301076,1909f56bfc062723c751e8b465ee728b) [PhysX] Initialized MultithreadedTaskDispatcher with 24 workers.
[PhysX] Initialized MultithreadedTaskDispatcher with 24 workers.
 -> (artifact id: '49cce23e9dcfd7bc966df1c581876a8c') in 0.008287 seconds
Number of updated asset objects reloaded before import = 0
Number of asset objects unloaded after import = 2
========================================================================
Received Import Request.
  Time since last request: 0.002202 seconds.
  path: Packages/com.unity.collab-proxy/Editor/PlasticSCM/Assets/Images/d_iconplasticview@2x.png
  artifactKey: Guid(3168140d6f409d0448447f18568d9482) Importer(815301076,1909f56bfc062723c751e8b465ee728b)
Start importing Packages/com.unity.collab-proxy/Editor/PlasticSCM/Assets/Images/d_iconplasticview@2x.png using Guid(3168140d6f409d0448447f18568d9482) Importer(815301076,1909f56bfc062723c751e8b465ee728b) [PhysX] Initialized MultithreadedTaskDispatcher with 24 workers.
[PhysX] Initialized MultithreadedTaskDispatcher with 24 workers.
 -> (artifact id: '96402f9a23cb9bca78eeb9c6314ba546') in 0.008974 seconds
Number of updated asset objects reloaded before import = 0
Number of asset objects unloaded after import = 2
========================================================================
Received Import Request.
  Time since last request: 0.001739 seconds.
  path: Packages/com.unity.collab-proxy/Editor/PlasticSCM/Assets/Images/d_iconundo@2x.png
  artifactKey: Guid(6d6088174bb906b49ad8428526ee337b) Importer(815301076,1909f56bfc062723c751e8b465ee728b)
Start importing Packages/com.unity.collab-proxy/Editor/PlasticSCM/Assets/Images/d_iconundo@2x.png using Guid(6d6088174bb906b49ad8428526ee337b) Importer(815301076,1909f56bfc062723c751e8b465ee728b) [PhysX] Initialized MultithreadedTaskDispatcher with 24 workers.
[PhysX] Initialized MultithreadedTaskDispatcher with 24 workers.
 -> (artifact id: '13d078ce11cf582dcb50236606f5a6e5') in 0.008389 seconds
Number of updated asset objects reloaded before import = 0
Number of asset objects unloaded after import = 2
========================================================================
Received Import Request.
  Time since last request: 0.002244 seconds.
  path: Packages/com.unity.collab-proxy/Editor/PlasticSCM/Assets/Images/d_refresh@2x.png
  artifactKey: Guid(602b72d4617c3694aa94419fc1b68e04) Importer(815301076,1909f56bfc062723c751e8b465ee728b)
Start importing Packages/com.unity.collab-proxy/Editor/PlasticSCM/Assets/Images/d_refresh@2x.png using Guid(602b72d4617c3694aa94419fc1b68e04) Importer(815301076,1909f56bfc062723c751e8b465ee728b) [PhysX] Initialized MultithreadedTaskDispatcher with 24 workers.
[PhysX] Initialized MultithreadedTaskDispatcher with 24 workers.
 -> (artifact id: '09ce465b695b0324e9c45bcc1b9b023e') in 0.008627 seconds
Number of updated asset objects reloaded before import = 0
Number of asset objects unloaded after import = 2
========================================================================
Received Import Request.
  Time since last request: 0.001939 seconds.
  path: Packages/com.unity.collab-proxy/Editor/PlasticSCM/Assets/Images/d_step2@2x.png
  artifactKey: Guid(cdb88fdb0cf46b244a667edaff21c7df) Importer(815301076,1909f56bfc062723c751e8b465ee728b)
Start importing Packages/com.unity.collab-proxy/Editor/PlasticSCM/Assets/Images/d_step2@2x.png using Guid(cdb88fdb0cf46b244a667edaff21c7df) Importer(815301076,1909f56bfc062723c751e8b465ee728b) [PhysX] Initialized MultithreadedTaskDispatcher with 24 workers.
[PhysX] Initialized MultithreadedTaskDispatcher with 24 workers.
 -> (artifact id: '25d83f3a0c881190bd1dfa6748f6295a') in 0.007950 seconds
Number of updated asset objects reloaded before import = 0
Number of asset objects unloaded after import = 2
========================================================================
Received Import Request.
  Time since last request: 0.003050 seconds.
  path: Packages/com.unity.timeline/Editor/StyleSheets/Images/Icons/d_TimelineEditModeMixOFF.png
  artifactKey: Guid(39d9575ed0465354cb02b69ea18526de) Importer(815301076,1909f56bfc062723c751e8b465ee728b)
Start importing Packages/com.unity.timeline/Editor/StyleSheets/Images/Icons/d_TimelineEditModeMixOFF.png using Guid(39d9575ed0465354cb02b69ea18526de) Importer(815301076,1909f56bfc062723c751e8b465ee728b) [PhysX] Initialized MultithreadedTaskDispatcher with 24 workers.
[PhysX] Initialized MultithreadedTaskDispatcher with 24 workers.
 -> (artifact id: '1c3b0279fbe825575e142a3c2ffd41ca') in 0.008350 seconds
Number of updated asset objects reloaded before import = 0
Number of asset objects unloaded after import = 2
========================================================================
Received Import Request.
  Time since last request: 0.002412 seconds.
  path: Packages/com.unity.timeline/Editor/StyleSheets/Images/Icons/d_TrackAvatarButtonEnabled@2x.png
  artifactKey: Guid(fd12dbe3b63ae464f824b4a74c0e1766) Importer(815301076,1909f56bfc062723c751e8b465ee728b)
Start importing Packages/com.unity.timeline/Editor/StyleSheets/Images/Icons/d_TrackAvatarButtonEnabled@2x.png using Guid(fd12dbe3b63ae464f824b4a74c0e1766) Importer(815301076,1909f56bfc062723c751e8b465ee728b) [PhysX] Initialized MultithreadedTaskDispatcher with 24 workers.
[PhysX] Initialized MultithreadedTaskDispatcher with 24 workers.
 -> (artifact id: '216d78589c7e8a6e5a9ac0a5c09d4844') in 0.008749 seconds
Number of updated asset objects reloaded before import = 0
Number of asset objects unloaded after import = 2
========================================================================
Received Import Request.
  Time since last request: 0.001365 seconds.
  path: Packages/com.unity.timeline/Editor/StyleSheets/Images/Icons/d_TrackLockButtonDisabled@2x.png
  artifactKey: Guid(6f0b77e050cdb12478ed9514b3a0e40e) Importer(815301076,1909f56bfc062723c751e8b465ee728b)
Start importing Packages/com.unity.timeline/Editor/StyleSheets/Images/Icons/d_TrackLockButtonDisabled@2x.png using Guid(6f0b77e050cdb12478ed9514b3a0e40e) Importer(815301076,1909f56bfc062723c751e8b465ee728b) [PhysX] Initialized MultithreadedTaskDispatcher with 24 workers.
[PhysX] Initialized MultithreadedTaskDispatcher with 24 workers.
 -> (artifact id: '026ffe9aa78231cee1ee794d4731018f') in 0.008364 seconds
Number of updated asset objects reloaded before import = 0
Number of asset objects unloaded after import = 2
========================================================================
Received Import Request.
  Time since last request: 0.002159 seconds.
  path: Packages/com.unity.timeline/Editor/StyleSheets/Images/Icons/d_TrackMarkerButtonEnabled@2x.png
  artifactKey: Guid(6192986415256ca47a97a97507406f5e) Importer(815301076,1909f56bfc062723c751e8b465ee728b)
Start importing Packages/com.unity.timeline/Editor/StyleSheets/Images/Icons/d_TrackMarkerButtonEnabled@2x.png using Guid(6192986415256ca47a97a97507406f5e) Importer(815301076,1909f56bfc062723c751e8b465ee728b) [PhysX] Initialized MultithreadedTaskDispatcher with 24 workers.
[PhysX] Initialized MultithreadedTaskDispatcher with 24 workers.
 -> (artifact id: '1a4c752f3e9dddc3dec88cc50188481f') in 0.008399 seconds
Number of updated asset objects reloaded before import = 0
Number of asset objects unloaded after import = 2
========================================================================
Received Import Request.
  Time since last request: 0.002642 seconds.
  path: Packages/com.unity.timeline/Editor/StyleSheets/Images/Icons/d_TrackRecordButtonDisabled@2x.png
  artifactKey: Guid(db15c78579dee4a4db85f392634c8ecc) Importer(815301076,1909f56bfc062723c751e8b465ee728b)
Start importing Packages/com.unity.timeline/Editor/StyleSheets/Images/Icons/d_TrackRecordButtonDisabled@2x.png using Guid(db15c78579dee4a4db85f392634c8ecc) Importer(815301076,1909f56bfc062723c751e8b465ee728b) [PhysX] Initialized MultithreadedTaskDispatcher with 24 workers.
[PhysX] Initialized MultithreadedTaskDispatcher with 24 workers.
 -> (artifact id: 'b7e36a3c859b86e23e964907fb314f98') in 0.008408 seconds
Number of updated asset objects reloaded before import = 0
Number of asset objects unloaded after import = 2
========================================================================
Received Import Request.
  Time since last request: 0.003257 seconds.
  path: Packages/com.unity.collab-proxy/Editor/PlasticSCM/Assets/Layouts/DownloadPlasticExeDialog.uxml
  artifactKey: Guid(3da0c7cf51d8e4b40a5af55a4ca63e4e) Importer(815301076,1909f56bfc062723c751e8b465ee728b)
Start importing Packages/com.unity.collab-proxy/Editor/PlasticSCM/Assets/Layouts/DownloadPlasticExeDialog.uxml using Guid(3da0c7cf51d8e4b40a5af55a4ca63e4e) Importer(815301076,1909f56bfc062723c751e8b465ee728b) [PhysX] Initialized MultithreadedTaskDispatcher with 24 workers.
 -> (artifact id: '64bc4fa7aa658bb3d41a0f9d70ae907b') in 0.004468 seconds
Number of updated asset objects reloaded before import = 0
Number of asset objects unloaded after import = 2
========================================================================
Received Import Request.
  Time since last request: 0.260647 seconds.
  path: Packages/com.unity.postprocessing/PostProcessing/Shaders/xRLib.hlsl
  artifactKey: Guid(981a66a12fced7a45b3c106b67167ab5) Importer(815301076,1909f56bfc062723c751e8b465ee728b)
Start importing Packages/com.unity.postprocessing/PostProcessing/Shaders/xRLib.hlsl using Guid(981a66a12fced7a45b3c106b67167ab5) Importer(815301076,1909f56bfc062723c751e8b465ee728b) [PhysX] Initialized MultithreadedTaskDispatcher with 24 workers.
 -> (artifact id: '7698e413030c4c7c23261fa5cd9f1391') in 0.000805 seconds
Number of updated asset objects reloaded before import = 0
Number of asset objects unloaded after import = 1
========================================================================
Received Prepare
Caller must complete domain reload
Begin MonoManager ReloadAssembly
- Loaded All Assemblies, in  0.520 seconds
Native extension for WindowsStandalone target not found
Native extension for Android target not found
[Package Manager] Server::EnsureServerProcessIsRunning -- launch failed, reason: Unity was launched with the -noUpm command-line argument
[Package Manager] UpmClient::Send -- Unable to send message (not connected to UPM process).
[Package Manager] Cannot connect to Unity Package Manager local server
Mono: successfully reloaded assembly
- Finished resetting the current domain, in  0.879 seconds
Domain Reload Profiling: 1397ms
	BeginReloadAssembly (176ms)
		ExecutionOrderSort (0ms)
		DisableScriptedObjects (5ms)
		BackupInstance (0ms)
		ReleaseScriptingObjects (0ms)
		CreateAndSetChildDomain (44ms)
	RebuildCommonClasses (36ms)
	RebuildNativeTypeToScriptingClass (13ms)
	initialDomainReloadingComplete (33ms)
	LoadAllAssembliesAndSetupDomain (259ms)
		LoadAssemblies (335ms)
		RebuildTransferFunctionScriptingTraits (0ms)
		AnalyzeDomain (19ms)
			TypeCache.Refresh (10ms)
				TypeCache.ScanAssembly (0ms)
			ScanForSourceGeneratedMonoScriptInfo (0ms)
			ResolveRequiredComponents (8ms)
	FinalizeReload (879ms)
		ReleaseScriptCaches (0ms)
		RebuildScriptCaches (0ms)
		SetupLoadedEditorAssemblies (322ms)
			LogAssemblyErrors (0ms)
			InitializePlatformSupportModulesInManaged (16ms)
			SetLoadedEditorAssemblies (2ms)
			RefreshPlugins (0ms)
			BeforeProcessingInitializeOnLoad (42ms)
			ProcessInitializeOnLoadAttributes (237ms)
			ProcessInitializeOnLoadMethodAttributes (21ms)
			AfterProcessingInitializeOnLoad (3ms)
			EditorAssembliesLoaded (0ms)
		ExecutionOrderSort2 (0ms)
		AwakeInstancesAfterBackupRestoration (5ms)
Refreshing native plugins compatible for Editor in 2.64 ms, found 3 plugins.
Preloading 0 native plugins for Editor in 0.00 ms.
Unloading 3227 Unused Serialized files (Serialized files now loaded: 0)
Unloading 26 unused Assets / (1.8 MB). Loaded Objects now: 3783.
Memory consumption went from 133.2 MB to 131.4 MB.
Total: 2.982100 ms (FindLiveObjects: 0.196000 ms CreateObjectMapping: 0.073400 ms MarkObjects: 2.352900 ms  DeleteObjects: 0.358700 ms)

Prepare: number of updated asset objects reloaded= 0
AssetImportParameters requested are different than current active one (requested -> active):
  custom:container-demuxer-ogg: 62fdf1f143b41e24485cea50d1cbac27 -> 
  custom:video-codec-MediaFoundation-h265: 746d11721c4dcdbdad8f713fa42b33f4 -> 
  custom:video-decoder-ogg-theora: a1e56fd34408186e4bbccfd4996cb3dc -> 
  custom:framework-win-MediaFoundation: 216162199b28c13a410421893ffa2e32 -> 
  custom:CustomObjectIndexerAttribute: 9a22284fe3817be447336de3de66b15e -> 
  custom:container-demuxer-webm: 4f35f7cbe854078d1ac9338744f61a02 -> 
  custom:container-muxer-webm: aa71ff27fc2769a1b78a27578f13a17b -> 
  custom:video-decoder-webm-vp8: 9c59270c3fd7afecdb556c50c9e8de78 -> 
  custom:SearchIndexIgnoredProperties: e643bd26f0fe6173181afceb89e7c659 -> 
  custom:AudioImporter_EditorPlatform: d09bf68614088b80899f8185d706f6e7 -> 
  custom:video-encoder-webm-vp8: eb34c28f22e8b96e1ab97ce403110664 -> 
  custom:audio-decoder-ogg-vorbis: bf7c407c2cedff20999df2af8eb42d56 -> 
  custom:audio-encoder-webm-vorbis: bf7c407c2cedff20999df2af8eb42d56 -> 
========================================================================
Received Prepare
Caller must complete domain reload
Begin MonoManager ReloadAssembly
- Loaded All Assemblies, in  0.271 seconds
Native extension for WindowsStandalone target not found
Native extension for Android target not found
[Package Manager] Server::EnsureServerProcessIsRunning -- launch failed, reason: Unity was launched with the -noUpm command-line argument
[Package Manager] UpmClient::Send -- Unable to send message (not connected to UPM process).
[Package Manager] Cannot connect to Unity Package Manager local server
Mono: successfully reloaded assembly
- Finished resetting the current domain, in  0.584 seconds
Domain Reload Profiling: 853ms
	BeginReloadAssembly (102ms)
		ExecutionOrderSort (0ms)
		DisableScriptedObjects (3ms)
		BackupInstance (0ms)
		ReleaseScriptingObjects (0ms)
		CreateAndSetChildDomain (18ms)
	RebuildCommonClasses (20ms)
	RebuildNativeTypeToScriptingClass (6ms)
	initialDomainReloadingComplete (17ms)
	LoadAllAssembliesAndSetupDomain (124ms)
		LoadAssemblies (173ms)
		RebuildTransferFunctionScriptingTraits (0ms)
		AnalyzeDomain (9ms)
			TypeCache.Refresh (4ms)
				TypeCache.ScanAssembly (0ms)
			ScanForSourceGeneratedMonoScriptInfo (0ms)
			ResolveRequiredComponents (4ms)
	FinalizeReload (584ms)
		ReleaseScriptCaches (0ms)
		RebuildScriptCaches (0ms)
		SetupLoadedEditorAssemblies (316ms)
			LogAssemblyErrors (0ms)
			InitializePlatformSupportModulesInManaged (19ms)
			SetLoadedEditorAssemblies (2ms)
			RefreshPlugins (0ms)
			BeforeProcessingInitializeOnLoad (40ms)
			ProcessInitializeOnLoadAttributes (235ms)
			ProcessInitializeOnLoadMethodAttributes (17ms)
			AfterProcessingInitializeOnLoad (3ms)
			EditorAssembliesLoaded (0ms)
		ExecutionOrderSort2 (0ms)
		AwakeInstancesAfterBackupRestoration (5ms)
Refreshing native plugins compatible for Editor in 2.65 ms, found 3 plugins.
Preloading 0 native plugins for Editor in 0.00 ms.
Unloading 3227 Unused Serialized files (Serialized files now loaded: 0)
Unloading 25 unused Assets / (1.8 MB). Loaded Objects now: 3786.
Memory consumption went from 133.2 MB to 131.4 MB.
Total: 3.141600 ms (FindLiveObjects: 0.197700 ms CreateObjectMapping: 0.076800 ms MarkObjects: 2.569300 ms  DeleteObjects: 0.296400 ms)

Prepare: number of updated asset objects reloaded= 0
AssetImportParameters requested are different than current active one (requested -> active):
  custom:container-demuxer-ogg: 62fdf1f143b41e24485cea50d1cbac27 -> 
  custom:video-codec-MediaFoundation-h265: 746d11721c4dcdbdad8f713fa42b33f4 -> 
  custom:video-decoder-ogg-theora: a1e56fd34408186e4bbccfd4996cb3dc -> 
  custom:framework-win-MediaFoundation: 216162199b28c13a410421893ffa2e32 -> 
  custom:CustomObjectIndexerAttribute: 9a22284fe3817be447336de3de66b15e -> 
  custom:container-demuxer-webm: 4f35f7cbe854078d1ac9338744f61a02 -> 
  custom:container-muxer-webm: aa71ff27fc2769a1b78a27578f13a17b -> 
  custom:video-decoder-webm-vp8: 9c59270c3fd7afecdb556c50c9e8de78 -> 
  custom:SearchIndexIgnoredProperties: e643bd26f0fe6173181afceb89e7c659 -> 
  custom:AudioImporter_EditorPlatform: d09bf68614088b80899f8185d706f6e7 -> 
  custom:video-encoder-webm-vp8: eb34c28f22e8b96e1ab97ce403110664 -> 
  custom:audio-decoder-ogg-vorbis: bf7c407c2cedff20999df2af8eb42d56 -> 
  custom:audio-encoder-webm-vorbis: bf7c407c2cedff20999df2af8eb42d56 -> 
========================================================================
Received Import Request.
  Time since last request: 2322.263823 seconds.
  path: Assets/XR
  artifactKey: Guid(ab06af40e56746f488ebfdfe31cec38f) Importer(815301076,1909f56bfc062723c751e8b465ee728b)
Start importing Assets/XR using Guid(ab06af40e56746f488ebfdfe31cec38f) Importer(815301076,1909f56bfc062723c751e8b465ee728b) [PhysX] Initialized MultithreadedTaskDispatcher with 24 workers.
 -> (artifact id: '25a9d7e25c43b091d3b0c3e5b59ab738') in 0.009102 seconds
Number of updated asset objects reloaded before import = 0
Number of asset objects unloaded after import = 0
========================================================================
Received Import Request.
  Time since last request: 0.037904 seconds.
  path: Assets/XR/XRGeneralSettings.asset
  artifactKey: Guid(1a4c68ca72a83449f938d669337cb305) Importer(815301076,1909f56bfc062723c751e8b465ee728b)
Start importing Assets/XR/XRGeneralSettings.asset using Guid(1a4c68ca72a83449f938d669337cb305) Importer(815301076,1909f56bfc062723c751e8b465ee728b) [PhysX] Initialized MultithreadedTaskDispatcher with 24 workers.
 -> (artifact id: 'a77f9a6432b75c3dc9a5917749462c97') in 0.003014 seconds
Number of updated asset objects reloaded before import = 0
Number of asset objects unloaded after import = 9
========================================================================
Received Import Request.
  Time since last request: 9.199353 seconds.
  path: Assets/XRI
  artifactKey: Guid(80d3e06aeef13854cab649d5922a2d1b) Importer(815301076,1909f56bfc062723c751e8b465ee728b)
Start importing Assets/XRI using Guid(80d3e06aeef13854cab649d5922a2d1b) Importer(815301076,1909f56bfc062723c751e8b465ee728b) [PhysX] Initialized MultithreadedTaskDispatcher with 24 workers.
 -> (artifact id: '0670a5ad38ce72ffd50c81ac386b3c67') in 0.000409 seconds
Number of updated asset objects reloaded before import = 0
Number of asset objects unloaded after import = 0
========================================================================
Received Import Request.
  Time since last request: 0.923344 seconds.
  path: Assets/XRI/Settings
  artifactKey: Guid(70f89941d930be849a262e603f98e3ef) Importer(815301076,1909f56bfc062723c751e8b465ee728b)
Start importing Assets/XRI/Settings using Guid(70f89941d930be849a262e603f98e3ef) Importer(815301076,1909f56bfc062723c751e8b465ee728b) [PhysX] Initialized MultithreadedTaskDispatcher with 24 workers.
 -> (artifact id: '340641a98427e20957fc8c91585980e4') in 0.000440 seconds
Number of updated asset objects reloaded before import = 0
Number of asset objects unloaded after import = 0
========================================================================
Received Import Request.
  Time since last request: 0.076791 seconds.
  path: Assets/XRI/Settings/XRInteractionEditorSettings.asset
  artifactKey: Guid(6f9d97661ed1b724ab50d66fe4b0c37b) Importer(815301076,1909f56bfc062723c751e8b465ee728b)
Start importing Assets/XRI/Settings/XRInteractionEditorSettings.asset using Guid(6f9d97661ed1b724ab50d66fe4b0c37b) Importer(815301076,1909f56bfc062723c751e8b465ee728b) [PhysX] Initialized MultithreadedTaskDispatcher with 24 workers.
 -> (artifact id: 'b62cbd1a05211c78fd5ccc9d5f54bae8') in 0.000895 seconds
Number of updated asset objects reloaded before import = 0
Number of asset objects unloaded after import = 1
========================================================================
Received Import Request.
  Time since last request: 20.792990 seconds.
  path: Assets/Brick Project Studio/_BPS Basic Assets/_Prefabs/Basic Asset/BA Build Kit/Exterior/Ext_BA_Door Frame_01.prefab
  artifactKey: Guid(680503713abcfb149bae4f505b6c449c) Importer(815301076,1909f56bfc062723c751e8b465ee728b)
Start importing Assets/Brick Project Studio/_BPS Basic Assets/_Prefabs/Basic Asset/BA Build Kit/Exterior/Ext_BA_Door Frame_01.prefab using Guid(680503713abcfb149bae4f505b6c449c) Importer(815301076,1909f56bfc062723c751e8b465ee728b) [PhysX] Initialized MultithreadedTaskDispatcher with 24 workers.
 -> (artifact id: 'f4876e87e66b5aabb8d3642d7ffa4f37') in 0.000474 seconds
Number of updated asset objects reloaded before import = 0
Number of asset objects unloaded after import = 0
========================================================================
Received Import Request.
  Time since last request: 0.000721 seconds.
  path: Assets/Brick Project Studio/_BPS Basic Assets/Common/Textures/Fire/Fire_Texture_01.tga
  artifactKey: Guid(719670e2fe4d8e74da570025f16a5f07) Importer(815301076,1909f56bfc062723c751e8b465ee728b)
Start importing Assets/Brick Project Studio/_BPS Basic Assets/Common/Textures/Fire/Fire_Texture_01.tga using Guid(719670e2fe4d8e74da570025f16a5f07) Importer(815301076,1909f56bfc062723c751e8b465ee728b) [PhysX] Initialized MultithreadedTaskDispatcher with 24 workers.
[PhysX] Initialized MultithreadedTaskDispatcher with 24 workers.
 -> (artifact id: 'd013473d95b18133e6c2fa09a63b8ffd') in 0.034463 seconds
Number of updated asset objects reloaded before import = 0
Number of asset objects unloaded after import = 2
========================================================================
Received Import Request.
  Time since last request: 0.000013 seconds.
  path: Assets/Brick Project Studio/_BPS Basic Assets/Common/Textures/Fire/Fire_Texture_02_ADD.tga
  artifactKey: Guid(e3fbc8a570c365347b4caff594f25a12) Importer(815301076,1909f56bfc062723c751e8b465ee728b)
Start importing Assets/Brick Project Studio/_BPS Basic Assets/Common/Textures/Fire/Fire_Texture_02_ADD.tga using Guid(e3fbc8a570c365347b4caff594f25a12) Importer(815301076,1909f56bfc062723c751e8b465ee728b) [PhysX] Initialized MultithreadedTaskDispatcher with 24 workers.
[PhysX] Initialized MultithreadedTaskDispatcher with 24 workers.
 -> (artifact id: '06c547a7bce4478adf072e0a87760f9d') in 0.006096 seconds
Number of updated asset objects reloaded before import = 0
Number of asset objects unloaded after import = 2
========================================================================
Received Import Request.
  Time since last request: 0.000025 seconds.
  path: Assets/Brick Project Studio/_BPS Basic Assets/_Prefabs/Basic Asset/BA Build Kit/IntExt/IntExt_BA_GlassFrameDoor_01.prefab
  artifactKey: Guid(eaaaafd5975a5d544a3d11507b3670ec) Importer(815301076,1909f56bfc062723c751e8b465ee728b)
Start importing Assets/Brick Project Studio/_BPS Basic Assets/_Prefabs/Basic Asset/BA Build Kit/IntExt/IntExt_BA_GlassFrameDoor_01.prefab using Guid(eaaaafd5975a5d544a3d11507b3670ec) Importer(815301076,1909f56bfc062723c751e8b465ee728b) [PhysX] Initialized MultithreadedTaskDispatcher with 24 workers.
 -> (artifact id: '5091df63d09a6ae2c30e4de8f970d280') in 0.000432 seconds
Number of updated asset objects reloaded before import = 0
Number of asset objects unloaded after import = 0
========================================================================
Received Import Request.
  Time since last request: 0.682149 seconds.
  path: Assets/Brick Project Studio/_BPS Basic Assets/_Prefabs/Restroom/RR Build Kit/Doors/Int_RR_DoorFrame_01_Unisex.prefab
  artifactKey: Guid(5f635d348fad9f742a95c45e8aceda58) Importer(815301076,1909f56bfc062723c751e8b465ee728b)
Start importing Assets/Brick Project Studio/_BPS Basic Assets/_Prefabs/Restroom/RR Build Kit/Doors/Int_RR_DoorFrame_01_Unisex.prefab using Guid(5f635d348fad9f742a95c45e8aceda58) Importer(815301076,1909f56bfc062723c751e8b465ee728b) [PhysX] Initialized MultithreadedTaskDispatcher with 24 workers.
 -> (artifact id: 'f8aee51c22d2eebf838b146443747164') in 0.000438 seconds
Number of updated asset objects reloaded before import = 0
Number of asset objects unloaded after import = 0
========================================================================
Received Import Request.
  Time since last request: 0.000011 seconds.
  path: Assets/XR/Loaders/Open XR Loader No Pre Init.asset
  artifactKey: Guid(b95054c657380c840a65b692a1bc899c) Importer(815301076,1909f56bfc062723c751e8b465ee728b)
Start importing Assets/XR/Loaders/Open XR Loader No Pre Init.asset using Guid(b95054c657380c840a65b692a1bc899c) Importer(815301076,1909f56bfc062723c751e8b465ee728b) [PhysX] Initialized MultithreadedTaskDispatcher with 24 workers.
 -> (artifact id: '966931187c8bfb70e5418551af331e71') in 0.000568 seconds
Number of updated asset objects reloaded before import = 0
Number of asset objects unloaded after import = 1
========================================================================
Received Import Request.
  Time since last request: 0.000061 seconds.
  path: Assets/XR/Settings/Open XR Package Settings.asset
  artifactKey: Guid(a9a6963505ddf7f4d886008c6dc86122) Importer(815301076,1909f56bfc062723c751e8b465ee728b)
Start importing Assets/XR/Settings/Open XR Package Settings.asset using Guid(a9a6963505ddf7f4d886008c6dc86122) Importer(815301076,1909f56bfc062723c751e8b465ee728b) [PhysX] Initialized MultithreadedTaskDispatcher with 24 workers.
 -> (artifact id: '8c16a1e10809f82efdbba9b1d16015ef') in 0.007726 seconds
Number of updated asset objects reloaded before import = 0
Number of asset objects unloaded after import = 93
========================================================================
Received Import Request.
  Time since last request: 29.774636 seconds.
  path: Assets/XRI/Settings/Resources
  artifactKey: Guid(82fd2d654b9360840a858c235aa016ef) Importer(815301076,1909f56bfc062723c751e8b465ee728b)
Start importing Assets/XRI/Settings/Resources using Guid(82fd2d654b9360840a858c235aa016ef) Importer(815301076,1909f56bfc062723c751e8b465ee728b) [PhysX] Initialized MultithreadedTaskDispatcher with 24 workers.
 -> (artifact id: '97e3410d82efac3221677d36d36a9103') in 0.000343 seconds
Number of updated asset objects reloaded before import = 0
Number of asset objects unloaded after import = 0
========================================================================
Received Import Request.
  Time since last request: 0.060397 seconds.
  path: Assets/XRI/Settings/Resources/InteractionLayerSettings.asset
  artifactKey: Guid(a111ee21f5eb31840bdc200167fc868b) Importer(815301076,1909f56bfc062723c751e8b465ee728b)
Start importing Assets/XRI/Settings/Resources/InteractionLayerSettings.asset using Guid(a111ee21f5eb31840bdc200167fc868b) Importer(815301076,1909f56bfc062723c751e8b465ee728b) [PhysX] Initialized MultithreadedTaskDispatcher with 24 workers.
 -> (artifact id: '4c3e6a1d5aef99442f717e3c0629e8c2') in 0.000827 seconds
Number of updated asset objects reloaded before import = 0
Number of asset objects unloaded after import = 1
========================================================================
Received Import Request.
  Time since last request: 68.620458 seconds.
  path: Assets/XR/Settings
  artifactKey: Guid(e46a7475b581f492b93350cfd49fe84c) Importer(815301076,1909f56bfc062723c751e8b465ee728b)
Start importing Assets/XR/Settings using Guid(e46a7475b581f492b93350cfd49fe84c) Importer(815301076,1909f56bfc062723c751e8b465ee728b) [PhysX] Initialized MultithreadedTaskDispatcher with 24 workers.
 -> (artifact id: 'c56b035a3c38e7402d84f4f9c8bd069d') in 0.000360 seconds
Number of updated asset objects reloaded before import = 0
Number of asset objects unloaded after import = 0
========================================================================
Received Import Request.
  Time since last request: 0.121227 seconds.
  path: Assets/XR/Settings/Oculus Settings.asset
  artifactKey: Guid(bfa1182bd221b4ca89619141f66f1260) Importer(815301076,1909f56bfc062723c751e8b465ee728b)
Start importing Assets/XR/Settings/Oculus Settings.asset using Guid(bfa1182bd221b4ca89619141f66f1260) Importer(815301076,1909f56bfc062723c751e8b465ee728b) [PhysX] Initialized MultithreadedTaskDispatcher with 24 workers.
 -> (artifact id: '38903077e8f914c8d7e1995d9893413f') in 0.000743 seconds
Number of updated asset objects reloaded before import = 0
Number of asset objects unloaded after import = 1
========================================================================
Received Import Request.
  Time since last request: 42.366175 seconds.
  path: Assets/XR Origin (XR Rig).prefab
  artifactKey: Guid(f6336ac4ac8b4d34bc5072418cdc62a0) Importer(815301076,1909f56bfc062723c751e8b465ee728b)
Start importing Assets/XR Origin (XR Rig).prefab using Guid(f6336ac4ac8b4d34bc5072418cdc62a0) Importer(815301076,1909f56bfc062723c751e8b465ee728b) [PhysX] Initialized MultithreadedTaskDispatcher with 24 workers.
 -> (artifact id: '37751936d49d3411fb98c1a1b5609b94') in 0.006492 seconds
Number of updated asset objects reloaded before import = 0
Number of asset objects unloaded after import = 123
========================================================================
Received Prepare
Caller must complete domain reload
Begin MonoManager ReloadAssembly
- Loaded All Assemblies, in  0.266 seconds
Native extension for WindowsStandalone target not found
Native extension for Android target not found
[Package Manager] Server::EnsureServerProcessIsRunning -- launch failed, reason: Unity was launched with the -noUpm command-line argument
[Package Manager] UpmClient::Send -- Unable to send message (not connected to UPM process).
[Package Manager] Cannot connect to Unity Package Manager local server
Mono: successfully reloaded assembly
- Finished resetting the current domain, in  0.577 seconds
Domain Reload Profiling: 842ms
	BeginReloadAssembly (92ms)
		ExecutionOrderSort (0ms)
		DisableScriptedObjects (2ms)
		BackupInstance (0ms)
		ReleaseScriptingObjects (0ms)
		CreateAndSetChildDomain (19ms)
	RebuildCommonClasses (20ms)
	RebuildNativeTypeToScriptingClass (8ms)
	initialDomainReloadingComplete (17ms)
	LoadAllAssembliesAndSetupDomain (128ms)
		LoadAssemblies (168ms)
		RebuildTransferFunctionScriptingTraits (0ms)
		AnalyzeDomain (9ms)
			TypeCache.Refresh (4ms)
				TypeCache.ScanAssembly (0ms)
			ScanForSourceGeneratedMonoScriptInfo (0ms)
			ResolveRequiredComponents (3ms)
	FinalizeReload (578ms)
		ReleaseScriptCaches (0ms)
		RebuildScriptCaches (0ms)
		SetupLoadedEditorAssemblies (313ms)
			LogAssemblyErrors (0ms)
			InitializePlatformSupportModulesInManaged (15ms)
			SetLoadedEditorAssemblies (3ms)
			RefreshPlugins (0ms)
			BeforeProcessingInitializeOnLoad (36ms)
			ProcessInitializeOnLoadAttributes (238ms)
			ProcessInitializeOnLoadMethodAttributes (17ms)
			AfterProcessingInitializeOnLoad (4ms)
			EditorAssembliesLoaded (0ms)
		ExecutionOrderSort2 (0ms)
		AwakeInstancesAfterBackupRestoration (5ms)
Refreshing native plugins compatible for Editor in 2.70 ms, found 3 plugins.
Preloading 0 native plugins for Editor in 0.00 ms.
Unloading 3227 Unused Serialized files (Serialized files now loaded: 0)
Unloading 25 unused Assets / (1.8 MB). Loaded Objects now: 3790.
Memory consumption went from 133.3 MB to 131.5 MB.
Total: 3.040200 ms (FindLiveObjects: 0.217700 ms CreateObjectMapping: 0.072200 ms MarkObjects: 2.410800 ms  DeleteObjects: 0.338000 ms)

Prepare: number of updated asset objects reloaded= 0
AssetImportParameters requested are different than current active one (requested -> active):
  custom:container-demuxer-ogg: 62fdf1f143b41e24485cea50d1cbac27 -> 
  custom:video-codec-MediaFoundation-h265: 746d11721c4dcdbdad8f713fa42b33f4 -> 
  custom:video-decoder-ogg-theora: a1e56fd34408186e4bbccfd4996cb3dc -> 
  custom:framework-win-MediaFoundation: 216162199b28c13a410421893ffa2e32 -> 
  custom:CustomObjectIndexerAttribute: 9a22284fe3817be447336de3de66b15e -> 
  custom:container-demuxer-webm: 4f35f7cbe854078d1ac9338744f61a02 -> 
  custom:container-muxer-webm: aa71ff27fc2769a1b78a27578f13a17b -> 
  custom:video-decoder-webm-vp8: 9c59270c3fd7afecdb556c50c9e8de78 -> 
  custom:SearchIndexIgnoredProperties: e643bd26f0fe6173181afceb89e7c659 -> 
  custom:AudioImporter_EditorPlatform: d09bf68614088b80899f8185d706f6e7 -> 
  custom:video-encoder-webm-vp8: eb34c28f22e8b96e1ab97ce403110664 -> 
  custom:audio-decoder-ogg-vorbis: bf7c407c2cedff20999df2af8eb42d56 -> 
  custom:audio-encoder-webm-vorbis: bf7c407c2cedff20999df2af8eb42d56 -> 
========================================================================
Received Import Request.
  Time since last request: 71.210245 seconds.
  path: Assets/Brick Project Studio/_BPS Basic Assets/_Prefabs/Basic Asset/BA Build Kit/Exterior/Ext_BA_Door Frame_01.prefab
  artifactKey: Guid(680503713abcfb149bae4f505b6c449c) Importer(815301076,1909f56bfc062723c751e8b465ee728b)
Start importing Assets/Brick Project Studio/_BPS Basic Assets/_Prefabs/Basic Asset/BA Build Kit/Exterior/Ext_BA_Door Frame_01.prefab using Guid(680503713abcfb149bae4f505b6c449c) Importer(815301076,1909f56bfc062723c751e8b465ee728b) [PhysX] Initialized MultithreadedTaskDispatcher with 24 workers.
 -> (artifact id: 'f4876e87e66b5aabb8d3642d7ffa4f37') in 0.012902 seconds
Number of updated asset objects reloaded before import = 0
Number of asset objects unloaded after import = 0
========================================================================
Received Import Request.
  Time since last request: 0.000026 seconds.
  path: Assets/Brick Project Studio/_BPS Basic Assets/_Prefabs/Basic Asset/BA Build Kit/IntExt/IntExt_BA_GlassFrameDoor_01.prefab
  artifactKey: Guid(eaaaafd5975a5d544a3d11507b3670ec) Importer(815301076,1909f56bfc062723c751e8b465ee728b)
Start importing Assets/Brick Project Studio/_BPS Basic Assets/_Prefabs/Basic Asset/BA Build Kit/IntExt/IntExt_BA_GlassFrameDoor_01.prefab using Guid(eaaaafd5975a5d544a3d11507b3670ec) Importer(815301076,1909f56bfc062723c751e8b465ee728b) [PhysX] Initialized MultithreadedTaskDispatcher with 24 workers.
 -> (artifact id: '5091df63d09a6ae2c30e4de8f970d280') in 0.000633 seconds
Number of updated asset objects reloaded before import = 0
Number of asset objects unloaded after import = 0
========================================================================
Received Prepare
Caller must complete domain reload
Begin MonoManager ReloadAssembly
- Loaded All Assemblies, in  0.259 seconds
Native extension for WindowsStandalone target not found
Native extension for Android target not found
[Package Manager] Server::EnsureServerProcessIsRunning -- launch failed, reason: Unity was launched with the -noUpm command-line argument
[Package Manager] UpmClient::Send -- Unable to send message (not connected to UPM process).
[Package Manager] Cannot connect to Unity Package Manager local server
Mono: successfully reloaded assembly
- Finished resetting the current domain, in  0.560 seconds
Domain Reload Profiling: 817ms
	BeginReloadAssembly (92ms)
		ExecutionOrderSort (0ms)
		DisableScriptedObjects (2ms)
		BackupInstance (0ms)
		ReleaseScriptingObjects (0ms)
		CreateAndSetChildDomain (18ms)
	RebuildCommonClasses (19ms)
	RebuildNativeTypeToScriptingClass (6ms)
	initialDomainReloadingComplete (16ms)
	LoadAllAssembliesAndSetupDomain (123ms)
		LoadAssemblies (164ms)
		RebuildTransferFunctionScriptingTraits (0ms)
		AnalyzeDomain (9ms)
			TypeCache.Refresh (4ms)
				TypeCache.ScanAssembly (0ms)
			ScanForSourceGeneratedMonoScriptInfo (0ms)
			ResolveRequiredComponents (3ms)
	FinalizeReload (560ms)
		ReleaseScriptCaches (0ms)
		RebuildScriptCaches (0ms)
		SetupLoadedEditorAssemblies (305ms)
			LogAssemblyErrors (0ms)
			InitializePlatformSupportModulesInManaged (15ms)
			SetLoadedEditorAssemblies (2ms)
			RefreshPlugins (0ms)
			BeforeProcessingInitializeOnLoad (38ms)
			ProcessInitializeOnLoadAttributes (232ms)
			ProcessInitializeOnLoadMethodAttributes (14ms)
			AfterProcessingInitializeOnLoad (3ms)
			EditorAssembliesLoaded (0ms)
		ExecutionOrderSort2 (0ms)
		AwakeInstancesAfterBackupRestoration (4ms)
Refreshing native plugins compatible for Editor in 2.29 ms, found 3 plugins.
Preloading 0 native plugins for Editor in 0.00 ms.
Unloading 3227 Unused Serialized files (Serialized files now loaded: 0)
Unloading 25 unused Assets / (1.8 MB). Loaded Objects now: 3793.
Memory consumption went from 133.3 MB to 131.5 MB.
Total: 3.865800 ms (FindLiveObjects: 0.261300 ms CreateObjectMapping: 0.103900 ms MarkObjects: 3.157800 ms  DeleteObjects: 0.341500 ms)

Prepare: number of updated asset objects reloaded= 0
AssetImportParameters requested are different than current active one (requested -> active):
  custom:container-demuxer-ogg: 62fdf1f143b41e24485cea50d1cbac27 -> 
  custom:video-codec-MediaFoundation-h265: 746d11721c4dcdbdad8f713fa42b33f4 -> 
  custom:video-decoder-ogg-theora: a1e56fd34408186e4bbccfd4996cb3dc -> 
  custom:framework-win-MediaFoundation: 216162199b28c13a410421893ffa2e32 -> 
  custom:CustomObjectIndexerAttribute: 9a22284fe3817be447336de3de66b15e -> 
  custom:container-demuxer-webm: 4f35f7cbe854078d1ac9338744f61a02 -> 
  custom:container-muxer-webm: aa71ff27fc2769a1b78a27578f13a17b -> 
  custom:video-decoder-webm-vp8: 9c59270c3fd7afecdb556c50c9e8de78 -> 
  custom:SearchIndexIgnoredProperties: e643bd26f0fe6173181afceb89e7c659 -> 
  custom:AudioImporter_EditorPlatform: d09bf68614088b80899f8185d706f6e7 -> 
  custom:video-encoder-webm-vp8: eb34c28f22e8b96e1ab97ce403110664 -> 
  custom:audio-decoder-ogg-vorbis: bf7c407c2cedff20999df2af8eb42d56 -> 
  custom:audio-encoder-webm-vorbis: bf7c407c2cedff20999df2af8eb42d56 -> 
========================================================================
Received Prepare
Caller must complete domain reload
Begin MonoManager ReloadAssembly
- Loaded All Assemblies, in  0.255 seconds
Native extension for WindowsStandalone target not found
Native extension for Android target not found
[Package Manager] Server::EnsureServerProcessIsRunning -- launch failed, reason: Unity was launched with the -noUpm command-line argument
[Package Manager] UpmClient::Send -- Unable to send message (not connected to UPM process).
[Package Manager] Cannot connect to Unity Package Manager local server
Mono: successfully reloaded assembly
- Finished resetting the current domain, in  0.571 seconds
Domain Reload Profiling: 825ms
	BeginReloadAssembly (88ms)
		ExecutionOrderSort (0ms)
		DisableScriptedObjects (2ms)
		BackupInstance (0ms)
		ReleaseScriptingObjects (0ms)
		CreateAndSetChildDomain (17ms)
	RebuildCommonClasses (18ms)
	RebuildNativeTypeToScriptingClass (6ms)
	initialDomainReloadingComplete (16ms)
	LoadAllAssembliesAndSetupDomain (125ms)
		LoadAssemblies (164ms)
		RebuildTransferFunctionScriptingTraits (0ms)
		AnalyzeDomain (9ms)
			TypeCache.Refresh (4ms)
				TypeCache.ScanAssembly (0ms)
			ScanForSourceGeneratedMonoScriptInfo (0ms)
			ResolveRequiredComponents (3ms)
	FinalizeReload (571ms)
		ReleaseScriptCaches (0ms)
		RebuildScriptCaches (0ms)
		SetupLoadedEditorAssemblies (313ms)
			LogAssemblyErrors (0ms)
			InitializePlatformSupportModulesInManaged (14ms)
			SetLoadedEditorAssemblies (2ms)
			RefreshPlugins (0ms)
			BeforeProcessingInitializeOnLoad (39ms)
			ProcessInitializeOnLoadAttributes (242ms)
			ProcessInitializeOnLoadMethodAttributes (14ms)
			AfterProcessingInitializeOnLoad (3ms)
			EditorAssembliesLoaded (0ms)
		ExecutionOrderSort2 (0ms)
		AwakeInstancesAfterBackupRestoration (4ms)
Refreshing native plugins compatible for Editor in 2.67 ms, found 3 plugins.
Preloading 0 native plugins for Editor in 0.00 ms.
Unloading 3227 Unused Serialized files (Serialized files now loaded: 0)
Unloading 25 unused Assets / (1.8 MB). Loaded Objects now: 3796.
Memory consumption went from 133.3 MB to 131.5 MB.
Total: 3.156400 ms (FindLiveObjects: 0.211500 ms CreateObjectMapping: 0.098400 ms MarkObjects: 2.479800 ms  DeleteObjects: 0.365100 ms)

Prepare: number of updated asset objects reloaded= 0
AssetImportParameters requested are different than current active one (requested -> active):
  custom:container-demuxer-ogg: 62fdf1f143b41e24485cea50d1cbac27 -> 
  custom:video-codec-MediaFoundation-h265: 746d11721c4dcdbdad8f713fa42b33f4 -> 
  custom:video-decoder-ogg-theora: a1e56fd34408186e4bbccfd4996cb3dc -> 
  custom:framework-win-MediaFoundation: 216162199b28c13a410421893ffa2e32 -> 
  custom:CustomObjectIndexerAttribute: 9a22284fe3817be447336de3de66b15e -> 
  custom:container-demuxer-webm: 4f35f7cbe854078d1ac9338744f61a02 -> 
  custom:container-muxer-webm: aa71ff27fc2769a1b78a27578f13a17b -> 
  custom:video-decoder-webm-vp8: 9c59270c3fd7afecdb556c50c9e8de78 -> 
  custom:SearchIndexIgnoredProperties: e643bd26f0fe6173181afceb89e7c659 -> 
  custom:AudioImporter_EditorPlatform: d09bf68614088b80899f8185d706f6e7 -> 
  custom:video-encoder-webm-vp8: eb34c28f22e8b96e1ab97ce403110664 -> 
  custom:audio-decoder-ogg-vorbis: bf7c407c2cedff20999df2af8eb42d56 -> 
  custom:audio-encoder-webm-vorbis: bf7c407c2cedff20999df2af8eb42d56 -> 
========================================================================
Received Prepare
Caller must complete domain reload
Begin MonoManager ReloadAssembly
- Loaded All Assemblies, in  0.265 seconds
Native extension for WindowsStandalone target not found
Native extension for Android target not found
[Package Manager] Server::EnsureServerProcessIsRunning -- launch failed, reason: Unity was launched with the -noUpm command-line argument
[Package Manager] UpmClient::Send -- Unable to send message (not connected to UPM process).
[Package Manager] Cannot connect to Unity Package Manager local server
Mono: successfully reloaded assembly
- Finished resetting the current domain, in  0.585 seconds
Domain Reload Profiling: 850ms
	BeginReloadAssembly (95ms)
		ExecutionOrderSort (0ms)
		DisableScriptedObjects (2ms)
		BackupInstance (0ms)
		ReleaseScriptingObjects (0ms)
		CreateAndSetChildDomain (18ms)
	RebuildCommonClasses (19ms)
	RebuildNativeTypeToScriptingClass (7ms)
	initialDomainReloadingComplete (16ms)
	LoadAllAssembliesAndSetupDomain (127ms)
		LoadAssemblies (171ms)
		RebuildTransferFunctionScriptingTraits (0ms)
		AnalyzeDomain (9ms)
			TypeCache.Refresh (4ms)
				TypeCache.ScanAssembly (0ms)
			ScanForSourceGeneratedMonoScriptInfo (0ms)
			ResolveRequiredComponents (4ms)
	FinalizeReload (586ms)
		ReleaseScriptCaches (0ms)
		RebuildScriptCaches (0ms)
		SetupLoadedEditorAssemblies (304ms)
			LogAssemblyErrors (0ms)
			InitializePlatformSupportModulesInManaged (18ms)
			SetLoadedEditorAssemblies (3ms)
			RefreshPlugins (0ms)
			BeforeProcessingInitializeOnLoad (37ms)
			ProcessInitializeOnLoadAttributes (229ms)
			ProcessInitializeOnLoadMethodAttributes (14ms)
			AfterProcessingInitializeOnLoad (3ms)
			EditorAssembliesLoaded (0ms)
		ExecutionOrderSort2 (0ms)
		AwakeInstancesAfterBackupRestoration (5ms)
Refreshing native plugins compatible for Editor in 2.91 ms, found 3 plugins.
Preloading 0 native plugins for Editor in 0.00 ms.
Unloading 3227 Unused Serialized files (Serialized files now loaded: 0)
Unloading 25 unused Assets / (1.8 MB). Loaded Objects now: 3799.
Memory consumption went from 133.3 MB to 131.5 MB.
Total: 5.237600 ms (FindLiveObjects: 0.227100 ms CreateObjectMapping: 0.094300 ms MarkObjects: 4.615500 ms  DeleteObjects: 0.299400 ms)

Prepare: number of updated asset objects reloaded= 0
AssetImportParameters requested are different than current active one (requested -> active):
  custom:container-demuxer-ogg: 62fdf1f143b41e24485cea50d1cbac27 -> 
  custom:video-codec-MediaFoundation-h265: 746d11721c4dcdbdad8f713fa42b33f4 -> 
  custom:video-decoder-ogg-theora: a1e56fd34408186e4bbccfd4996cb3dc -> 
  custom:framework-win-MediaFoundation: 216162199b28c13a410421893ffa2e32 -> 
  custom:CustomObjectIndexerAttribute: 9a22284fe3817be447336de3de66b15e -> 
  custom:container-demuxer-webm: 4f35f7cbe854078d1ac9338744f61a02 -> 
  custom:container-muxer-webm: aa71ff27fc2769a1b78a27578f13a17b -> 
  custom:video-decoder-webm-vp8: 9c59270c3fd7afecdb556c50c9e8de78 -> 
  custom:SearchIndexIgnoredProperties: e643bd26f0fe6173181afceb89e7c659 -> 
  custom:AudioImporter_EditorPlatform: d09bf68614088b80899f8185d706f6e7 -> 
  custom:video-encoder-webm-vp8: eb34c28f22e8b96e1ab97ce403110664 -> 
  custom:audio-decoder-ogg-vorbis: bf7c407c2cedff20999df2af8eb42d56 -> 
  custom:audio-encoder-webm-vorbis: bf7c407c2cedff20999df2af8eb42d56 -> 
========================================================================
Received Prepare
Caller must complete domain reload
Begin MonoManager ReloadAssembly
- Loaded All Assemblies, in  0.259 seconds
Native extension for WindowsStandalone target not found
Native extension for Android target not found
[Package Manager] Server::EnsureServerProcessIsRunning -- launch failed, reason: Unity was launched with the -noUpm command-line argument
[Package Manager] UpmClient::Send -- Unable to send message (not connected to UPM process).
[Package Manager] Cannot connect to Unity Package Manager local server
Mono: successfully reloaded assembly
- Finished resetting the current domain, in  0.596 seconds
Domain Reload Profiling: 854ms
	BeginReloadAssembly (91ms)
		ExecutionOrderSort (0ms)
		DisableScriptedObjects (2ms)
		BackupInstance (0ms)
		ReleaseScriptingObjects (0ms)
		CreateAndSetChildDomain (18ms)
	RebuildCommonClasses (19ms)
	RebuildNativeTypeToScriptingClass (6ms)
	initialDomainReloadingComplete (17ms)
	LoadAllAssembliesAndSetupDomain (125ms)
		LoadAssemblies (164ms)
		RebuildTransferFunctionScriptingTraits (0ms)
		AnalyzeDomain (9ms)
			TypeCache.Refresh (4ms)
				TypeCache.ScanAssembly (0ms)
			ScanForSourceGeneratedMonoScriptInfo (0ms)
			ResolveRequiredComponents (3ms)
	FinalizeReload (596ms)
		ReleaseScriptCaches (0ms)
		RebuildScriptCaches (0ms)
		SetupLoadedEditorAssemblies (307ms)
			LogAssemblyErrors (0ms)
			InitializePlatformSupportModulesInManaged (19ms)
			SetLoadedEditorAssemblies (3ms)
			RefreshPlugins (0ms)
			BeforeProcessingInitializeOnLoad (36ms)
			ProcessInitializeOnLoadAttributes (232ms)
			ProcessInitializeOnLoadMethodAttributes (13ms)
			AfterProcessingInitializeOnLoad (4ms)
			EditorAssembliesLoaded (0ms)
		ExecutionOrderSort2 (0ms)
		AwakeInstancesAfterBackupRestoration (5ms)
Refreshing native plugins compatible for Editor in 2.62 ms, found 3 plugins.
Preloading 0 native plugins for Editor in 0.00 ms.
Unloading 3227 Unused Serialized files (Serialized files now loaded: 0)
Unloading 25 unused Assets / (1.8 MB). Loaded Objects now: 3802.
Memory consumption went from 133.3 MB to 131.5 MB.
Total: 3.022800 ms (FindLiveObjects: 0.179100 ms CreateObjectMapping: 0.070800 ms MarkObjects: 2.459400 ms  DeleteObjects: 0.312300 ms)

Prepare: number of updated asset objects reloaded= 0
AssetImportParameters requested are different than current active one (requested -> active):
  custom:container-demuxer-ogg: 62fdf1f143b41e24485cea50d1cbac27 -> 
  custom:video-codec-MediaFoundation-h265: 746d11721c4dcdbdad8f713fa42b33f4 -> 
  custom:video-decoder-ogg-theora: a1e56fd34408186e4bbccfd4996cb3dc -> 
  custom:framework-win-MediaFoundation: 216162199b28c13a410421893ffa2e32 -> 
  custom:CustomObjectIndexerAttribute: 9a22284fe3817be447336de3de66b15e -> 
  custom:container-demuxer-webm: 4f35f7cbe854078d1ac9338744f61a02 -> 
  custom:container-muxer-webm: aa71ff27fc2769a1b78a27578f13a17b -> 
  custom:video-decoder-webm-vp8: 9c59270c3fd7afecdb556c50c9e8de78 -> 
  custom:SearchIndexIgnoredProperties: e643bd26f0fe6173181afceb89e7c659 -> 
  custom:AudioImporter_EditorPlatform: d09bf68614088b80899f8185d706f6e7 -> 
  custom:video-encoder-webm-vp8: eb34c28f22e8b96e1ab97ce403110664 -> 
  custom:audio-decoder-ogg-vorbis: bf7c407c2cedff20999df2af8eb42d56 -> 
  custom:audio-encoder-webm-vorbis: bf7c407c2cedff20999df2af8eb42d56 -> 
