Using pre-set license
Built from '2022.3/staging' branch; Version is '2022.3.42f1 (2dcb6a0abc42) revision 3001194'; Using compiler version '192829333'; Build Type 'Release'
OS: 'Windows 11  (10.0.22631) 64bit Professional' Language: 'en' Physical Memory: 65254 MB
BatchMode: 1, IsHumanControllingUs: 0, StartBugReporterOnCrash: 0, Is64bit: 1, IsPro: 1

COMMAND LINE ARGUMENTS:
C:\Program Files\Unity\Hub\Editor\2022.3.42f1\Editor\Unity.exe
-adb2
-batchMode
-noUpm
-name
AssetImportWorker2
-projectPath
C:/Users/user/Documents/SK23DG/Class1FinalProject/My project (1)
-logFile
Logs/AssetImportWorker2.log
-srvPort
57233
Successfully changed project path to: C:/Users/user/Documents/SK23DG/Class1FinalProject/My project (1)
C:/Users/user/Documents/SK23DG/Class1FinalProject/My project (1)
[UnityMemory] Configuration Parameters - Can be set up in boot.config
    "memorysetup-bucket-allocator-granularity=16"
    "memorysetup-bucket-allocator-bucket-count=8"
    "memorysetup-bucket-allocator-block-size=33554432"
    "memorysetup-bucket-allocator-block-count=8"
    "memorysetup-main-allocator-block-size=16777216"
    "memorysetup-thread-allocator-block-size=16777216"
    "memorysetup-gfx-main-allocator-block-size=16777216"
    "memorysetup-gfx-thread-allocator-block-size=16777216"
    "memorysetup-cache-allocator-block-size=4194304"
    "memorysetup-typetree-allocator-block-size=2097152"
    "memorysetup-profiler-bucket-allocator-granularity=16"
    "memorysetup-profiler-bucket-allocator-bucket-count=8"
    "memorysetup-profiler-bucket-allocator-block-size=33554432"
    "memorysetup-profiler-bucket-allocator-block-count=8"
    "memorysetup-profiler-allocator-block-size=16777216"
    "memorysetup-profiler-editor-allocator-block-size=1048576"
    "memorysetup-temp-allocator-size-main=16777216"
    "memorysetup-job-temp-allocator-block-size=2097152"
    "memorysetup-job-temp-allocator-block-size-background=1048576"
    "memorysetup-job-temp-allocator-reduction-small-platforms=262144"
    "memorysetup-allocator-temp-initial-block-size-main=262144"
    "memorysetup-allocator-temp-initial-block-size-worker=262144"
    "memorysetup-temp-allocator-size-background-worker=32768"
    "memorysetup-temp-allocator-size-job-worker=262144"
    "memorysetup-temp-allocator-size-preload-manager=33554432"
    "memorysetup-temp-allocator-size-nav-mesh-worker=65536"
    "memorysetup-temp-allocator-size-audio-worker=65536"
    "memorysetup-temp-allocator-size-cloud-worker=32768"
    "memorysetup-temp-allocator-size-gi-baking-worker=262144"
    "memorysetup-temp-allocator-size-gfx=262144"
Player connection [36308]  Target information:

Player connection [36308]  * "[IP] 192.168.50.44 [Port] 0 [Flags] 2 [Guid] 3955495245 [EditorId] 3955495245 [Version] 1048832 [Id] WindowsEditor(7,FIH-COM23a108) [Debug] 1 [PackageName] WindowsEditor [ProjectName] Editor" 

Player connection [36308] Host joined multi-casting on [225.0.0.222:54997]...
Player connection [36308] Host joined alternative multi-casting on [225.0.0.222:34997]...
[PhysX] Initialized MultithreadedTaskDispatcher with 24 workers.
Refreshing native plugins compatible for Editor in 7.85 ms, found 3 plugins.
Preloading 0 native plugins for Editor in 0.00 ms.
Initialize engine version: 2022.3.42f1 (2dcb6a0abc42)
[Subsystems] Discovering subsystems at path C:/Program Files/Unity/Hub/Editor/2022.3.42f1/Editor/Data/Resources/UnitySubsystems
[Subsystems] Discovering subsystems at path C:/Users/user/Documents/SK23DG/Class1FinalProject/My project (1)/Assets
GfxDevice: creating device client; threaded=0; jobified=0
Direct3D:
    Version:  Direct3D 11.0 [level 11.1]
    Renderer: NVIDIA GeForce RTX 3090 (ID=0x2204)
    Vendor:   NVIDIA
    VRAM:     24326 MB
    Driver:   32.0.15.6094
Initialize mono
Mono path[0] = 'C:/Program Files/Unity/Hub/Editor/2022.3.42f1/Editor/Data/Managed'
Mono path[1] = 'C:/Program Files/Unity/Hub/Editor/2022.3.42f1/Editor/Data/MonoBleedingEdge/lib/mono/unityjit-win32'
Mono config path = 'C:/Program Files/Unity/Hub/Editor/2022.3.42f1/Editor/Data/MonoBleedingEdge/etc'
Using monoOptions --debugger-agent=transport=dt_socket,embedding=1,server=y,suspend=n,address=127.0.0.1:56264
Begin MonoManager ReloadAssembly
Registering precompiled unity dll's ...
Register platform support module: C:/Program Files/Unity/Hub/Editor/2022.3.42f1/Editor/Data/PlaybackEngines/AndroidPlayer/UnityEditor.Android.Extensions.dll
Register platform support module: C:/Program Files/Unity/Hub/Editor/2022.3.42f1/Editor/Data/PlaybackEngines/WindowsStandaloneSupport/UnityEditor.WindowsStandalone.Extensions.dll
Registered in 0.003687 seconds.
- Loaded All Assemblies, in  0.225 seconds
Native extension for WindowsStandalone target not found
Native extension for Android target not found
Android Extension - Scanning For ADB Devices 215 ms
Mono: successfully reloaded assembly
- Finished resetting the current domain, in  0.431 seconds
Domain Reload Profiling: 655ms
	BeginReloadAssembly (70ms)
		ExecutionOrderSort (0ms)
		DisableScriptedObjects (0ms)
		BackupInstance (0ms)
		ReleaseScriptingObjects (0ms)
		CreateAndSetChildDomain (0ms)
	RebuildCommonClasses (21ms)
	RebuildNativeTypeToScriptingClass (6ms)
	initialDomainReloadingComplete (35ms)
	LoadAllAssembliesAndSetupDomain (92ms)
		LoadAssemblies (70ms)
		RebuildTransferFunctionScriptingTraits (0ms)
		AnalyzeDomain (90ms)
			TypeCache.Refresh (89ms)
				TypeCache.ScanAssembly (80ms)
			ScanForSourceGeneratedMonoScriptInfo (0ms)
			ResolveRequiredComponents (0ms)
	FinalizeReload (431ms)
		ReleaseScriptCaches (0ms)
		RebuildScriptCaches (0ms)
		SetupLoadedEditorAssemblies (401ms)
			LogAssemblyErrors (0ms)
			InitializePlatformSupportModulesInManaged (297ms)
			SetLoadedEditorAssemblies (2ms)
			RefreshPlugins (0ms)
			BeforeProcessingInitializeOnLoad (1ms)
			ProcessInitializeOnLoadAttributes (73ms)
			ProcessInitializeOnLoadMethodAttributes (28ms)
			AfterProcessingInitializeOnLoad (0ms)
			EditorAssembliesLoaded (0ms)
		ExecutionOrderSort2 (0ms)
		AwakeInstancesAfterBackupRestoration (0ms)
========================================================================
Worker process is ready to serve import requests
Caller must complete domain reload
Begin MonoManager ReloadAssembly
- Loaded All Assemblies, in  0.376 seconds
Native extension for WindowsStandalone target not found
Native extension for Android target not found
Package Manager log level set to [2]
[Package Manager] Server::EnsureServerProcessIsRunning -- launch failed, reason: Unity was launched with the -noUpm command-line argument
[Package Manager] UpmClient::Send -- Unable to send message (not connected to UPM process).
[Package Manager] Cannot connect to Unity Package Manager local server
Mono: successfully reloaded assembly
- Finished resetting the current domain, in  0.389 seconds
Domain Reload Profiling: 764ms
	BeginReloadAssembly (89ms)
		ExecutionOrderSort (0ms)
		DisableScriptedObjects (4ms)
		BackupInstance (0ms)
		ReleaseScriptingObjects (0ms)
		CreateAndSetChildDomain (14ms)
	RebuildCommonClasses (20ms)
	RebuildNativeTypeToScriptingClass (6ms)
	initialDomainReloadingComplete (27ms)
	LoadAllAssembliesAndSetupDomain (232ms)
		LoadAssemblies (171ms)
		RebuildTransferFunctionScriptingTraits (0ms)
		AnalyzeDomain (111ms)
			TypeCache.Refresh (96ms)
				TypeCache.ScanAssembly (86ms)
			ScanForSourceGeneratedMonoScriptInfo (11ms)
			ResolveRequiredComponents (3ms)
	FinalizeReload (389ms)
		ReleaseScriptCaches (0ms)
		RebuildScriptCaches (0ms)
		SetupLoadedEditorAssemblies (284ms)
			LogAssemblyErrors (0ms)
			InitializePlatformSupportModulesInManaged (15ms)
			SetLoadedEditorAssemblies (3ms)
			RefreshPlugins (0ms)
			BeforeProcessingInitializeOnLoad (35ms)
			ProcessInitializeOnLoadAttributes (215ms)
			ProcessInitializeOnLoadMethodAttributes (14ms)
			AfterProcessingInitializeOnLoad (3ms)
			EditorAssembliesLoaded (0ms)
		ExecutionOrderSort2 (0ms)
		AwakeInstancesAfterBackupRestoration (4ms)
Launched and connected shader compiler UnityShaderCompiler.exe after 0.05 seconds
Refreshing native plugins compatible for Editor in 2.30 ms, found 3 plugins.
Preloading 0 native plugins for Editor in 0.00 ms.
Unloading 3264 Unused Serialized files (Serialized files now loaded: 0)
Unloading 31 unused Assets / (1.8 MB). Loaded Objects now: 3726.
Memory consumption went from 140.1 MB to 138.3 MB.
Total: 4.213000 ms (FindLiveObjects: 0.180200 ms CreateObjectMapping: 0.080100 ms MarkObjects: 3.539900 ms  DeleteObjects: 0.411300 ms)

AssetImportParameters requested are different than current active one (requested -> active):
  custom:container-demuxer-ogg: 62fdf1f143b41e24485cea50d1cbac27 -> 
  custom:video-codec-MediaFoundation-h265: 746d11721c4dcdbdad8f713fa42b33f4 -> 
  custom:video-decoder-ogg-theora: a1e56fd34408186e4bbccfd4996cb3dc -> 
  custom:framework-win-MediaFoundation: 216162199b28c13a410421893ffa2e32 -> 
  custom:CustomObjectIndexerAttribute: 9a22284fe3817be447336de3de66b15e -> 
  custom:container-demuxer-webm: 4f35f7cbe854078d1ac9338744f61a02 -> 
  custom:container-muxer-webm: aa71ff27fc2769a1b78a27578f13a17b -> 
  custom:video-decoder-webm-vp8: 9c59270c3fd7afecdb556c50c9e8de78 -> 
  custom:SearchIndexIgnoredProperties: e643bd26f0fe6173181afceb89e7c659 -> 
  custom:AudioImporter_EditorPlatform: d09bf68614088b80899f8185d706f6e7 -> 
  custom:video-encoder-webm-vp8: eb34c28f22e8b96e1ab97ce403110664 -> 
  custom:audio-decoder-ogg-vorbis: bf7c407c2cedff20999df2af8eb42d56 -> 
  custom:audio-encoder-webm-vorbis: bf7c407c2cedff20999df2af8eb42d56 -> 
========================================================================
Received Import Request.
  Time since last request: 152844.695207 seconds.
  path: Assets/Movie title.jpg
  artifactKey: Guid(0cb9acfae66fef544806d5f7866935a8) Importer(2089858483,0ecaa5967403d082aa24f35e1b516d23)
Start importing Assets/Movie title.jpg using Guid(0cb9acfae66fef544806d5f7866935a8) Importer(2089858483,0ecaa5967403d082aa24f35e1b516d23) [PhysX] Initialized MultithreadedTaskDispatcher with 24 workers.
 -> (artifact id: 'be7774b8e77c35ad9d85af237aaea5e3') in 0.098051 seconds
Number of updated asset objects reloaded before import = 0
Number of asset objects unloaded after import = 1
========================================================================
Received Import Request.
  Time since last request: 0.000016 seconds.
  path: Assets/Brick Project Studio/Fast Food Restaurant Kit/Common/Materials/FFK_FD_Press.mat
  artifactKey: Guid(3939d667b5351f146bce0d5dbb31af11) Importer(2089858483,0ecaa5967403d082aa24f35e1b516d23)
Start importing Assets/Brick Project Studio/Fast Food Restaurant Kit/Common/Materials/FFK_FD_Press.mat using Guid(3939d667b5351f146bce0d5dbb31af11) Importer(2089858483,0ecaa5967403d082aa24f35e1b516d23) [PhysX] Initialized MultithreadedTaskDispatcher with 24 workers.
 -> (artifact id: 'fa414bfbd75976e910842b3763a31375') in 0.023824 seconds
Number of updated asset objects reloaded before import = 0
Number of asset objects unloaded after import = 2
========================================================================
Received Import Request.
  Time since last request: 0.000013 seconds.
  path: Assets/Brick Project Studio/Fast Food Restaurant Kit/Common/Models/FFK_Structure_01.fbx
  artifactKey: Guid(998a74e98fa05e04e9cb38382266449e) Importer(2089858483,0ecaa5967403d082aa24f35e1b516d23)
Start importing Assets/Brick Project Studio/Fast Food Restaurant Kit/Common/Models/FFK_Structure_01.fbx using Guid(998a74e98fa05e04e9cb38382266449e) Importer(2089858483,0ecaa5967403d082aa24f35e1b516d23) [PhysX] Initialized MultithreadedTaskDispatcher with 24 workers.
 -> (artifact id: '589b572a353cd8f64786e5770ca996d0') in 0.065299 seconds
Number of updated asset objects reloaded before import = 0
Number of asset objects unloaded after import = 249
========================================================================
Received Import Request.
  Time since last request: 0.000017 seconds.
  path: Assets/Brick Project Studio/Fast Food Restaurant Kit/Common/Textures/FFK_fonebevel.png
  artifactKey: Guid(44b3938fe3b038b4abdeedb29d7af8ad) Importer(2089858483,0ecaa5967403d082aa24f35e1b516d23)
Start importing Assets/Brick Project Studio/Fast Food Restaurant Kit/Common/Textures/FFK_fonebevel.png using Guid(44b3938fe3b038b4abdeedb29d7af8ad) Importer(2089858483,0ecaa5967403d082aa24f35e1b516d23) [PhysX] Initialized MultithreadedTaskDispatcher with 24 workers.
 -> (artifact id: '34a8cffc1d29d737305226ef519312b9') in 0.017638 seconds
Number of updated asset objects reloaded before import = 0
Number of asset objects unloaded after import = 1
========================================================================
Received Import Request.
  Time since last request: 0.000021 seconds.
  path: Assets/Brick Project Studio/Fast Food Restaurant Kit/Common/Textures/FFK_Stone_01_A.png
  artifactKey: Guid(485bdbf30e51be14ab9b52129ebfe4d6) Importer(2089858483,0ecaa5967403d082aa24f35e1b516d23)
Start importing Assets/Brick Project Studio/Fast Food Restaurant Kit/Common/Textures/FFK_Stone_01_A.png using Guid(485bdbf30e51be14ab9b52129ebfe4d6) Importer(2089858483,0ecaa5967403d082aa24f35e1b516d23) [PhysX] Initialized MultithreadedTaskDispatcher with 24 workers.
 -> (artifact id: '3e3db88b50b05ae80a0805dfb151035a') in 0.022332 seconds
Number of updated asset objects reloaded before import = 0
Number of asset objects unloaded after import = 1
========================================================================
Received Import Request.
  Time since last request: 0.000013 seconds.
  path: Assets/Brick Project Studio/Fast Food Restaurant Kit/Common/Textures/FFK_POS_Display_01.png
  artifactKey: Guid(6693036c68a47e34e80f4a71f23e3096) Importer(2089858483,0ecaa5967403d082aa24f35e1b516d23)
Start importing Assets/Brick Project Studio/Fast Food Restaurant Kit/Common/Textures/FFK_POS_Display_01.png using Guid(6693036c68a47e34e80f4a71f23e3096) Importer(2089858483,0ecaa5967403d082aa24f35e1b516d23) [PhysX] Initialized MultithreadedTaskDispatcher with 24 workers.
 -> (artifact id: '0114b35eae0eb99261434e48e4526e58') in 0.015302 seconds
Number of updated asset objects reloaded before import = 0
Number of asset objects unloaded after import = 1
========================================================================
Received Import Request.
  Time since last request: 0.000016 seconds.
  path: Assets/Brick Project Studio/Fast Food Restaurant Kit/Common/Textures/Burger_01_A.png
  artifactKey: Guid(6057b8e4c25c6134f984b6b71e867500) Importer(2089858483,0ecaa5967403d082aa24f35e1b516d23)
Start importing Assets/Brick Project Studio/Fast Food Restaurant Kit/Common/Textures/Burger_01_A.png using Guid(6057b8e4c25c6134f984b6b71e867500) Importer(2089858483,0ecaa5967403d082aa24f35e1b516d23) [PhysX] Initialized MultithreadedTaskDispatcher with 24 workers.
 -> (artifact id: 'e80ab7468406ed99139adea994fd08a0') in 0.020500 seconds
Number of updated asset objects reloaded before import = 0
Number of asset objects unloaded after import = 1
========================================================================
Received Import Request.
  Time since last request: 0.000016 seconds.
  path: Assets/Brick Project Studio/Fast Food Restaurant Kit/Common/Textures/FFK_leather_A.png
  artifactKey: Guid(6a63d072d6341a543b7e6f7e5a6752d1) Importer(2089858483,0ecaa5967403d082aa24f35e1b516d23)
Start importing Assets/Brick Project Studio/Fast Food Restaurant Kit/Common/Textures/FFK_leather_A.png using Guid(6a63d072d6341a543b7e6f7e5a6752d1) Importer(2089858483,0ecaa5967403d082aa24f35e1b516d23) [PhysX] Initialized MultithreadedTaskDispatcher with 24 workers.
 -> (artifact id: 'bb7de3bd6609070cbe3b4d850bb419cf') in 0.021508 seconds
Number of updated asset objects reloaded before import = 0
Number of asset objects unloaded after import = 1
========================================================================
Received Import Request.
  Time since last request: 0.000014 seconds.
  path: Assets/Brick Project Studio/Fast Food Restaurant Kit/Scene/BPS Fast Food Restaurant Kit.txt
  artifactKey: Guid(5282890d38d83164bbbba5a3c67d331c) Importer(2089858483,0ecaa5967403d082aa24f35e1b516d23)
Start importing Assets/Brick Project Studio/Fast Food Restaurant Kit/Scene/BPS Fast Food Restaurant Kit.txt using Guid(5282890d38d83164bbbba5a3c67d331c) Importer(2089858483,0ecaa5967403d082aa24f35e1b516d23) [PhysX] Initialized MultithreadedTaskDispatcher with 24 workers.
 -> (artifact id: '2a1de98881174700d06caab22453a413') in 0.018471 seconds
Number of updated asset objects reloaded before import = 0
Number of asset objects unloaded after import = 1
========================================================================
Received Import Request.
  Time since last request: 0.000015 seconds.
  path: Assets/Brick Project Studio/Fast Food Restaurant Kit/Common/Materials/FFK_POS_Display_02.mat
  artifactKey: Guid(315d004c370458c48a1bf96b0e0c8464) Importer(2089858483,0ecaa5967403d082aa24f35e1b516d23)
Start importing Assets/Brick Project Studio/Fast Food Restaurant Kit/Common/Materials/FFK_POS_Display_02.mat using Guid(315d004c370458c48a1bf96b0e0c8464) Importer(2089858483,0ecaa5967403d082aa24f35e1b516d23) [PhysX] Initialized MultithreadedTaskDispatcher with 24 workers.
 -> (artifact id: '78255057d82bb25747f03f0ec8c2a007') in 0.013204 seconds
Number of updated asset objects reloaded before import = 0
Number of asset objects unloaded after import = 2
========================================================================
Received Import Request.
  Time since last request: 0.000015 seconds.
  path: Assets/AK Studio Art/Surveillance Camera/Textures/Surveillance Camera/Surveillance Camera MaskMap.png
  artifactKey: Guid(b24937730be235f49894e70c2fba5a00) Importer(2089858483,0ecaa5967403d082aa24f35e1b516d23)
Start importing Assets/AK Studio Art/Surveillance Camera/Textures/Surveillance Camera/Surveillance Camera MaskMap.png using Guid(b24937730be235f49894e70c2fba5a00) Importer(2089858483,0ecaa5967403d082aa24f35e1b516d23) [PhysX] Initialized MultithreadedTaskDispatcher with 24 workers.
 -> (artifact id: 'ff80b531129bba42636f2749241694f4') in 0.021583 seconds
Number of updated asset objects reloaded before import = 0
Number of asset objects unloaded after import = 1
========================================================================
Received Import Request.
  Time since last request: 0.000019 seconds.
  path: Assets/Brick Project Studio/Fast Food Restaurant Kit/Common/Materials/FFK_Leather_03.mat
  artifactKey: Guid(6bdddb5dfcd698846858ad400badc2fa) Importer(2089858483,0ecaa5967403d082aa24f35e1b516d23)
Start importing Assets/Brick Project Studio/Fast Food Restaurant Kit/Common/Materials/FFK_Leather_03.mat using Guid(6bdddb5dfcd698846858ad400badc2fa) Importer(2089858483,0ecaa5967403d082aa24f35e1b516d23) [PhysX] Initialized MultithreadedTaskDispatcher with 24 workers.
 -> (artifact id: '660b9ef8d85dc292701308526e1acc19') in 0.019649 seconds
Number of updated asset objects reloaded before import = 0
Number of asset objects unloaded after import = 3
========================================================================
Received Import Request.
  Time since last request: 0.000015 seconds.
  path: Assets/Brick Project Studio/Materials/BurgerSign_01_A.mat
  artifactKey: Guid(211c312e5fe45df46989d2ae47925b96) Importer(2089858483,0ecaa5967403d082aa24f35e1b516d23)
Start importing Assets/Brick Project Studio/Materials/BurgerSign_01_A.mat using Guid(211c312e5fe45df46989d2ae47925b96) Importer(2089858483,0ecaa5967403d082aa24f35e1b516d23) [PhysX] Initialized MultithreadedTaskDispatcher with 24 workers.
 -> (artifact id: 'de2729d150ec25132a1793169c2fecb1') in 0.012000 seconds
Number of updated asset objects reloaded before import = 0
Number of asset objects unloaded after import = 2
========================================================================
Received Import Request.
  Time since last request: 0.000016 seconds.
  path: Assets/Brick Project Studio/Fast Food Restaurant Kit/Scene/Prefab Doors.pdf
  artifactKey: Guid(966c91c66cddc904bbd43c4926f3d15d) Importer(2089858483,0ecaa5967403d082aa24f35e1b516d23)
Start importing Assets/Brick Project Studio/Fast Food Restaurant Kit/Scene/Prefab Doors.pdf using Guid(966c91c66cddc904bbd43c4926f3d15d) Importer(2089858483,0ecaa5967403d082aa24f35e1b516d23) [PhysX] Initialized MultithreadedTaskDispatcher with 24 workers.
 -> (artifact id: 'bbaf189eabd63e38eecebb974c66fc85') in 0.009407 seconds
Number of updated asset objects reloaded before import = 0
Number of asset objects unloaded after import = 1
========================================================================
Received Import Request.
  Time since last request: 0.000015 seconds.
  path: Assets/Brick Project Studio/Fast Food Restaurant Kit/Common/Materials/FFK_POS_Display_01.mat
  artifactKey: Guid(1c691715df2c75649babacc6f27c3c2f) Importer(2089858483,0ecaa5967403d082aa24f35e1b516d23)
Start importing Assets/Brick Project Studio/Fast Food Restaurant Kit/Common/Materials/FFK_POS_Display_01.mat using Guid(1c691715df2c75649babacc6f27c3c2f) Importer(2089858483,0ecaa5967403d082aa24f35e1b516d23) [PhysX] Initialized MultithreadedTaskDispatcher with 24 workers.
 -> (artifact id: '5b421cd9e4c3becf8a5fd24305b2ca2d') in 0.015717 seconds
Number of updated asset objects reloaded before import = 0
Number of asset objects unloaded after import = 2
========================================================================
Received Import Request.
  Time since last request: 0.000018 seconds.
  path: Assets/Scenes/FFK Sample Scene.unity
  artifactKey: Guid(989b2d26390d0eb4ab1f0fed0ce94882) Importer(2089858483,0ecaa5967403d082aa24f35e1b516d23)
Start importing Assets/Scenes/FFK Sample Scene.unity using Guid(989b2d26390d0eb4ab1f0fed0ce94882) Importer(2089858483,0ecaa5967403d082aa24f35e1b516d23) [PhysX] Initialized MultithreadedTaskDispatcher with 24 workers.
 -> (artifact id: '08a39ae6328db3e67cdf623d2810fef2') in 0.010814 seconds
Number of updated asset objects reloaded before import = 0
Number of asset objects unloaded after import = 1
========================================================================
Received Import Request.
  Time since last request: 0.000018 seconds.
  path: Assets/Brick Project Studio/Fast Food Restaurant Kit/Common/Materials/FFK_Kiosk_Panel.mat
  artifactKey: Guid(9303e0c46e46b0a478c8d3380a76c182) Importer(2089858483,0ecaa5967403d082aa24f35e1b516d23)
Start importing Assets/Brick Project Studio/Fast Food Restaurant Kit/Common/Materials/FFK_Kiosk_Panel.mat using Guid(9303e0c46e46b0a478c8d3380a76c182) Importer(2089858483,0ecaa5967403d082aa24f35e1b516d23) [PhysX] Initialized MultithreadedTaskDispatcher with 24 workers.
 -> (artifact id: '7455d72bfe95c4c7d7276a7d206b8701') in 0.012619 seconds
Number of updated asset objects reloaded before import = 0
Number of asset objects unloaded after import = 1
========================================================================
Received Import Request.
  Time since last request: 0.000022 seconds.
  path: Assets/Brick Project Studio/Fast Food Restaurant Kit/Common/Textures/FFK_DrinkIcon.png
  artifactKey: Guid(38781c420bfc76b4694b7017c246d302) Importer(2089858483,0ecaa5967403d082aa24f35e1b516d23)
Start importing Assets/Brick Project Studio/Fast Food Restaurant Kit/Common/Textures/FFK_DrinkIcon.png using Guid(38781c420bfc76b4694b7017c246d302) Importer(2089858483,0ecaa5967403d082aa24f35e1b516d23) [PhysX] Initialized MultithreadedTaskDispatcher with 24 workers.
 -> (artifact id: '1c3253d4ba5bc1c8a369691ab6ffa0e5') in 0.016157 seconds
Number of updated asset objects reloaded before import = 0
Number of asset objects unloaded after import = 1
========================================================================
Received Import Request.
  Time since last request: 0.000013 seconds.
  path: Assets/Brick Project Studio/Fast Food Restaurant Kit/Common/Materials/FF_Sign_01.mat
  artifactKey: Guid(af45c5489095d274d8d3c7930806ba10) Importer(2089858483,0ecaa5967403d082aa24f35e1b516d23)
Start importing Assets/Brick Project Studio/Fast Food Restaurant Kit/Common/Materials/FF_Sign_01.mat using Guid(af45c5489095d274d8d3c7930806ba10) Importer(2089858483,0ecaa5967403d082aa24f35e1b516d23) [PhysX] Initialized MultithreadedTaskDispatcher with 24 workers.
 -> (artifact id: 'ee53448ac612f90fc9374aa2505c0866') in 0.021254 seconds
Number of updated asset objects reloaded before import = 0
Number of asset objects unloaded after import = 2
========================================================================
Received Import Request.
  Time since last request: 0.000017 seconds.
  path: Assets/Picture material.mat
  artifactKey: Guid(45d4d2a8f49e3e64498bbf23c855ab34) Importer(2089858483,0ecaa5967403d082aa24f35e1b516d23)
Start importing Assets/Picture material.mat using Guid(45d4d2a8f49e3e64498bbf23c855ab34) Importer(2089858483,0ecaa5967403d082aa24f35e1b516d23) [PhysX] Initialized MultithreadedTaskDispatcher with 24 workers.
 -> (artifact id: '0d47b5a91d52c487e76e0755f5162733') in 0.013451 seconds
Number of updated asset objects reloaded before import = 0
Number of asset objects unloaded after import = 2
========================================================================
Received Import Request.
  Time since last request: 0.000015 seconds.
  path: Assets/Scenes/SampleScene.unity
  artifactKey: Guid(9fc0d4010bbf28b4594072e72b8655ab) Importer(2089858483,0ecaa5967403d082aa24f35e1b516d23)
Start importing Assets/Scenes/SampleScene.unity using Guid(9fc0d4010bbf28b4594072e72b8655ab) Importer(2089858483,0ecaa5967403d082aa24f35e1b516d23) [PhysX] Initialized MultithreadedTaskDispatcher with 24 workers.
 -> (artifact id: '9a87895a18edb2f0fbc709c039addba0') in 0.008714 seconds
Number of updated asset objects reloaded before import = 0
Number of asset objects unloaded after import = 1
========================================================================
Received Import Request.
  Time since last request: 0.000014 seconds.
  path: Assets/Brick Project Studio/Fast Food Restaurant Kit/Common/Textures/FFK_NumberPad.png
  artifactKey: Guid(8aff9545a76a33d468b7b9de685259b3) Importer(2089858483,0ecaa5967403d082aa24f35e1b516d23)
Start importing Assets/Brick Project Studio/Fast Food Restaurant Kit/Common/Textures/FFK_NumberPad.png using Guid(8aff9545a76a33d468b7b9de685259b3) Importer(2089858483,0ecaa5967403d082aa24f35e1b516d23) [PhysX] Initialized MultithreadedTaskDispatcher with 24 workers.
 -> (artifact id: '382fc6a958b1c7bfd7a99930c593d482') in 0.015328 seconds
Number of updated asset objects reloaded before import = 0
Number of asset objects unloaded after import = 1
========================================================================
Received Import Request.
  Time since last request: 0.000017 seconds.
  path: Assets/AK Studio Art/Surveillance Camera/HDRP Extract Me.unitypackage
  artifactKey: Guid(11ca18a4e43ecca4fb93546ac26061dc) Importer(2089858483,0ecaa5967403d082aa24f35e1b516d23)
Start importing Assets/AK Studio Art/Surveillance Camera/HDRP Extract Me.unitypackage using Guid(11ca18a4e43ecca4fb93546ac26061dc) Importer(2089858483,0ecaa5967403d082aa24f35e1b516d23) [PhysX] Initialized MultithreadedTaskDispatcher with 24 workers.
 -> (artifact id: '59b0cdf70e729a747b69e2a6fe1786f3') in 0.009637 seconds
Number of updated asset objects reloaded before import = 0
Number of asset objects unloaded after import = 1
========================================================================
Received Import Request.
  Time since last request: 0.000013 seconds.
  path: Assets/Brick Project Studio/Fast Food Restaurant Kit/Common/Textures/Drink_01_A.png
  artifactKey: Guid(86f2774507219194b82814d0ce889ab9) Importer(2089858483,0ecaa5967403d082aa24f35e1b516d23)
Start importing Assets/Brick Project Studio/Fast Food Restaurant Kit/Common/Textures/Drink_01_A.png using Guid(86f2774507219194b82814d0ce889ab9) Importer(2089858483,0ecaa5967403d082aa24f35e1b516d23) [PhysX] Initialized MultithreadedTaskDispatcher with 24 workers.
 -> (artifact id: '0f584fbeb19a25aca3cd8de9147d8d06') in 0.016013 seconds
Number of updated asset objects reloaded before import = 0
Number of asset objects unloaded after import = 1
========================================================================
Received Import Request.
  Time since last request: 0.000015 seconds.
  path: Assets/AK Studio Art/Surveillance Camera/Textures/Surveillance Camera/Surveillance Camera BaseMap.png
  artifactKey: Guid(c008c9181370b4d47b041967b251a4b7) Importer(2089858483,0ecaa5967403d082aa24f35e1b516d23)
Start importing Assets/AK Studio Art/Surveillance Camera/Textures/Surveillance Camera/Surveillance Camera BaseMap.png using Guid(c008c9181370b4d47b041967b251a4b7) Importer(2089858483,0ecaa5967403d082aa24f35e1b516d23) [PhysX] Initialized MultithreadedTaskDispatcher with 24 workers.
 -> (artifact id: '43adcc0c74bae7f1511c8d7ce338125a') in 0.020150 seconds
Number of updated asset objects reloaded before import = 0
Number of asset objects unloaded after import = 1
========================================================================
Received Import Request.
  Time since last request: 0.000019 seconds.
  path: Assets/Brick Project Studio/_BPS Basic Assets/_Prefabs/Legacy/Large Floor.prefab
  artifactKey: Guid(ee987da6efab07d49bc9fc59e287f08b) Importer(2089858483,0ecaa5967403d082aa24f35e1b516d23)
Start importing Assets/Brick Project Studio/_BPS Basic Assets/_Prefabs/Legacy/Large Floor.prefab using Guid(ee987da6efab07d49bc9fc59e287f08b) Importer(2089858483,0ecaa5967403d082aa24f35e1b516d23) [PhysX] Initialized MultithreadedTaskDispatcher with 24 workers.
 -> (artifact id: '8c5f2092910cd945bb797604294f509f') in 0.011273 seconds
Number of updated asset objects reloaded before import = 0
Number of asset objects unloaded after import = 249
========================================================================
Received Import Request.
  Time since last request: 0.000014 seconds.
  path: Assets/Brick Project Studio/_BPS Basic Assets/_Prefabs/Fire/Torch Flame.prefab
  artifactKey: Guid(65b0d7b3c17d2854f87e4c8416f798fb) Importer(2089858483,0ecaa5967403d082aa24f35e1b516d23)
Start importing Assets/Brick Project Studio/_BPS Basic Assets/_Prefabs/Fire/Torch Flame.prefab using Guid(65b0d7b3c17d2854f87e4c8416f798fb) Importer(2089858483,0ecaa5967403d082aa24f35e1b516d23) [PhysX] Initialized MultithreadedTaskDispatcher with 24 workers.
 -> (artifact id: '7efa35d05c957fed70abbb31499de9d0') in 0.067888 seconds
Number of updated asset objects reloaded before import = 0
Number of asset objects unloaded after import = 21
========================================================================
Received Import Request.
  Time since last request: 0.000016 seconds.
  path: Assets/Brick Project Studio/Fast Food Restaurant Kit/Common/Textures/Tray_01_N.png
  artifactKey: Guid(3882e4dd404eddd418f606eaac8fa225) Importer(2089858483,0ecaa5967403d082aa24f35e1b516d23)
Start importing Assets/Brick Project Studio/Fast Food Restaurant Kit/Common/Textures/Tray_01_N.png using Guid(3882e4dd404eddd418f606eaac8fa225) Importer(2089858483,0ecaa5967403d082aa24f35e1b516d23) [PhysX] Initialized MultithreadedTaskDispatcher with 24 workers.
 -> (artifact id: '8e2b67ceb7f7745ee33524b0b98556ac') in 0.013568 seconds
Number of updated asset objects reloaded before import = 0
Number of asset objects unloaded after import = 1
========================================================================
Received Import Request.
  Time since last request: 0.000023 seconds.
  path: Assets/Brick Project Studio/_BPS Basic Assets/Common/Models/BA_Ceiling Light_01.fbx
  artifactKey: Guid(f10ecbc237630d9469cea29121d074f4) Importer(2089858483,0ecaa5967403d082aa24f35e1b516d23)
Start importing Assets/Brick Project Studio/_BPS Basic Assets/Common/Models/BA_Ceiling Light_01.fbx using Guid(f10ecbc237630d9469cea29121d074f4) Importer(2089858483,0ecaa5967403d082aa24f35e1b516d23) [PhysX] Initialized MultithreadedTaskDispatcher with 24 workers.
 -> (artifact id: 'b783fe08b394e6b8347f803e769d3b9f') in 0.022119 seconds
Number of updated asset objects reloaded before import = 0
Number of asset objects unloaded after import = 13
========================================================================
Received Import Request.
  Time since last request: 0.000014 seconds.
  path: Assets/Brick Project Studio/Fast Food Restaurant Kit/Common/Textures/INT_FFK_01_A.png
  artifactKey: Guid(fbe715d597a4e264dba3b56ded6f2a6e) Importer(2089858483,0ecaa5967403d082aa24f35e1b516d23)
Start importing Assets/Brick Project Studio/Fast Food Restaurant Kit/Common/Textures/INT_FFK_01_A.png using Guid(fbe715d597a4e264dba3b56ded6f2a6e) Importer(2089858483,0ecaa5967403d082aa24f35e1b516d23) [PhysX] Initialized MultithreadedTaskDispatcher with 24 workers.
 -> (artifact id: '92cf9ce8e8241bbdbb8c30f8869c0dde') in 0.016622 seconds
Number of updated asset objects reloaded before import = 0
Number of asset objects unloaded after import = 1
========================================================================
Received Import Request.
  Time since last request: 0.000015 seconds.
  path: Assets/Brick Project Studio/_BPS Basic Assets/_Prefabs/Fire/Small Flame.prefab
  artifactKey: Guid(b62dfcfd3c5f1934aa61c3c462ee104a) Importer(2089858483,0ecaa5967403d082aa24f35e1b516d23)
Start importing Assets/Brick Project Studio/_BPS Basic Assets/_Prefabs/Fire/Small Flame.prefab using Guid(b62dfcfd3c5f1934aa61c3c462ee104a) Importer(2089858483,0ecaa5967403d082aa24f35e1b516d23) [PhysX] Initialized MultithreadedTaskDispatcher with 24 workers.
 -> (artifact id: 'd34ec552c08677153619d5809294944a') in 0.030753 seconds
Number of updated asset objects reloaded before import = 0
Number of asset objects unloaded after import = 21
========================================================================
Received Import Request.
  Time since last request: 0.000019 seconds.
  path: Assets/Brick Project Studio/Fast Food Restaurant Kit/Common/Textures/FFK_WallPaper_01_A.png
  artifactKey: Guid(236b7f87d7816804f8fd41792baaf509) Importer(2089858483,0ecaa5967403d082aa24f35e1b516d23)
Start importing Assets/Brick Project Studio/Fast Food Restaurant Kit/Common/Textures/FFK_WallPaper_01_A.png using Guid(236b7f87d7816804f8fd41792baaf509) Importer(2089858483,0ecaa5967403d082aa24f35e1b516d23) [PhysX] Initialized MultithreadedTaskDispatcher with 24 workers.
 -> (artifact id: 'bd02a6be99430d44d3b644cb792bad19') in 0.019750 seconds
Number of updated asset objects reloaded before import = 0
Number of asset objects unloaded after import = 1
========================================================================
Received Import Request.
  Time since last request: 0.000019 seconds.
  path: Assets/AK Studio Art/Surveillance Camera/Settings/HDRP/Global Volume Profile.asset
  artifactKey: Guid(5a51cd97ecaa8214ca00bb99b60c45c8) Importer(2089858483,0ecaa5967403d082aa24f35e1b516d23)
Start importing Assets/AK Studio Art/Surveillance Camera/Settings/HDRP/Global Volume Profile.asset using Guid(5a51cd97ecaa8214ca00bb99b60c45c8) Importer(2089858483,0ecaa5967403d082aa24f35e1b516d23) [PhysX] Initialized MultithreadedTaskDispatcher with 24 workers.
 -> (artifact id: '957648837352b9788c62ee03e36736c5') in 0.012093 seconds
Number of updated asset objects reloaded before import = 0
Number of asset objects unloaded after import = 1
========================================================================
Received Import Request.
  Time since last request: 0.000015 seconds.
  path: Assets/Brick Project Studio/Fast Food Restaurant Kit/Common/Materials/Tray_01.mat
  artifactKey: Guid(5ad03d2fc2ef5944f91214e27543a8ac) Importer(2089858483,0ecaa5967403d082aa24f35e1b516d23)
Start importing Assets/Brick Project Studio/Fast Food Restaurant Kit/Common/Materials/Tray_01.mat using Guid(5ad03d2fc2ef5944f91214e27543a8ac) Importer(2089858483,0ecaa5967403d082aa24f35e1b516d23) [PhysX] Initialized MultithreadedTaskDispatcher with 24 workers.
 -> (artifact id: '7cf88e3c19313082dceccf4b0823f264') in 0.016213 seconds
Number of updated asset objects reloaded before import = 0
Number of asset objects unloaded after import = 3
========================================================================
Received Import Request.
  Time since last request: 0.000016 seconds.
  path: Assets/Brick Project Studio/Fast Food Restaurant Kit/Common/Textures/FFK_POS_Display_02.png
  artifactKey: Guid(2735c1676b70f6946ad28344dfdbe779) Importer(2089858483,0ecaa5967403d082aa24f35e1b516d23)
Start importing Assets/Brick Project Studio/Fast Food Restaurant Kit/Common/Textures/FFK_POS_Display_02.png using Guid(2735c1676b70f6946ad28344dfdbe779) Importer(2089858483,0ecaa5967403d082aa24f35e1b516d23) [PhysX] Initialized MultithreadedTaskDispatcher with 24 workers.
 -> (artifact id: '0f2f7e5e81a5005e8ccdd900d23d7698') in 0.018393 seconds
Number of updated asset objects reloaded before import = 0
Number of asset objects unloaded after import = 1
========================================================================
Received Import Request.
  Time since last request: 0.000017 seconds.
  path: Assets/Brick Project Studio/Fast Food Restaurant Kit/Common/Textures/FFK_CC Screen.png
  artifactKey: Guid(b152b4f7c7b20414e9b805298413b005) Importer(2089858483,0ecaa5967403d082aa24f35e1b516d23)
Start importing Assets/Brick Project Studio/Fast Food Restaurant Kit/Common/Textures/FFK_CC Screen.png using Guid(b152b4f7c7b20414e9b805298413b005) Importer(2089858483,0ecaa5967403d082aa24f35e1b516d23) [PhysX] Initialized MultithreadedTaskDispatcher with 24 workers.
 -> (artifact id: '88dd7fa90a29fc166fb46d37e2b0623b') in 0.016018 seconds
Number of updated asset objects reloaded before import = 0
Number of asset objects unloaded after import = 1
========================================================================
Received Import Request.
  Time since last request: 0.000020 seconds.
  path: Assets/Brick Project Studio/Fast Food Restaurant Kit/Common/Materials/FFK_Wood_01.mat
  artifactKey: Guid(a27fe7f6d7e0c214b85d14c14dff9cc5) Importer(2089858483,0ecaa5967403d082aa24f35e1b516d23)
Start importing Assets/Brick Project Studio/Fast Food Restaurant Kit/Common/Materials/FFK_Wood_01.mat using Guid(a27fe7f6d7e0c214b85d14c14dff9cc5) Importer(2089858483,0ecaa5967403d082aa24f35e1b516d23) [PhysX] Initialized MultithreadedTaskDispatcher with 24 workers.
 -> (artifact id: 'a301e10a64045b5cd17703e57e01a5c6') in 0.015491 seconds
Number of updated asset objects reloaded before import = 0
Number of asset objects unloaded after import = 3
========================================================================
Received Import Request.
  Time since last request: 0.000015 seconds.
  path: Assets/AK Studio Art/Surveillance Camera/Settings/URP/Universal Render Pipeline Asset_Renderer.asset
  artifactKey: Guid(f56e8a316e3ae5a44952d259b8e1ee08) Importer(2089858483,0ecaa5967403d082aa24f35e1b516d23)
Start importing Assets/AK Studio Art/Surveillance Camera/Settings/URP/Universal Render Pipeline Asset_Renderer.asset using Guid(f56e8a316e3ae5a44952d259b8e1ee08) Importer(2089858483,0ecaa5967403d082aa24f35e1b516d23) [PhysX] Initialized MultithreadedTaskDispatcher with 24 workers.
 -> (artifact id: '2867051dfa2db34dbd90cc6e48c3c718') in 0.013146 seconds
Number of updated asset objects reloaded before import = 0
Number of asset objects unloaded after import = 1
========================================================================
Received Import Request.
  Time since last request: 0.000014 seconds.
  path: Assets/Brick Project Studio/Fast Food Restaurant Kit/Common/Textures/Burger_01_N.png
  artifactKey: Guid(a89c9f2306153714e8ba35918fb1584d) Importer(2089858483,0ecaa5967403d082aa24f35e1b516d23)
Start importing Assets/Brick Project Studio/Fast Food Restaurant Kit/Common/Textures/Burger_01_N.png using Guid(a89c9f2306153714e8ba35918fb1584d) Importer(2089858483,0ecaa5967403d082aa24f35e1b516d23) [PhysX] Initialized MultithreadedTaskDispatcher with 24 workers.
 -> (artifact id: 'c374bea2b7dc1cf670893b9b2a982f1a') in 0.022020 seconds
Number of updated asset objects reloaded before import = 0
Number of asset objects unloaded after import = 1
========================================================================
Received Import Request.
  Time since last request: 0.000017 seconds.
  path: Assets/Brick Project Studio/Fast Food Restaurant Kit/Common/Models/FF_Sign_01.fbx
  artifactKey: Guid(2691b355dc36f6f4abf6a5caa3d0165b) Importer(2089858483,0ecaa5967403d082aa24f35e1b516d23)
Start importing Assets/Brick Project Studio/Fast Food Restaurant Kit/Common/Models/FF_Sign_01.fbx using Guid(2691b355dc36f6f4abf6a5caa3d0165b) Importer(2089858483,0ecaa5967403d082aa24f35e1b516d23) [PhysX] Initialized MultithreadedTaskDispatcher with 24 workers.
 -> (artifact id: 'a329bd40645a8379da1a425b8f6b1b09') in 0.021767 seconds
Number of updated asset objects reloaded before import = 0
Number of asset objects unloaded after import = 7
========================================================================
Received Import Request.
  Time since last request: 0.000021 seconds.
  path: Assets/Brick Project Studio/Fast Food Restaurant Kit/Common/Materials/Dip_01.mat
  artifactKey: Guid(ad2b69237ac6036429a3427943d978c5) Importer(2089858483,0ecaa5967403d082aa24f35e1b516d23)
Start importing Assets/Brick Project Studio/Fast Food Restaurant Kit/Common/Materials/Dip_01.mat using Guid(ad2b69237ac6036429a3427943d978c5) Importer(2089858483,0ecaa5967403d082aa24f35e1b516d23) [PhysX] Initialized MultithreadedTaskDispatcher with 24 workers.
 -> (artifact id: 'deb04f90ccd06de5bcb245f68f430907') in 0.018363 seconds
Number of updated asset objects reloaded before import = 0
Number of asset objects unloaded after import = 2
========================================================================
Received Import Request.
  Time since last request: 0.000018 seconds.
  path: Assets/AK Studio Art/Surveillance Camera/URP Extract Me.unitypackage
  artifactKey: Guid(e2ffdbc530e4da249bde88d7224d65db) Importer(2089858483,0ecaa5967403d082aa24f35e1b516d23)
Start importing Assets/AK Studio Art/Surveillance Camera/URP Extract Me.unitypackage using Guid(e2ffdbc530e4da249bde88d7224d65db) Importer(2089858483,0ecaa5967403d082aa24f35e1b516d23) [PhysX] Initialized MultithreadedTaskDispatcher with 24 workers.
 -> (artifact id: 'e96866ef31e366cd7bbccafc20296ee0') in 0.010923 seconds
Number of updated asset objects reloaded before import = 0
Number of asset objects unloaded after import = 1
========================================================================
Received Import Request.
  Time since last request: 0.000016 seconds.
  path: Assets/Brick Project Studio/Fast Food Restaurant Kit/Common/Textures/Ketchup_01_A.png
  artifactKey: Guid(1f76e08dad542b845b4315d427847aee) Importer(2089858483,0ecaa5967403d082aa24f35e1b516d23)
Start importing Assets/Brick Project Studio/Fast Food Restaurant Kit/Common/Textures/Ketchup_01_A.png using Guid(1f76e08dad542b845b4315d427847aee) Importer(2089858483,0ecaa5967403d082aa24f35e1b516d23) [PhysX] Initialized MultithreadedTaskDispatcher with 24 workers.
 -> (artifact id: '7cdcafaca1dd72b46901eeaa971b53db') in 0.019257 seconds
Number of updated asset objects reloaded before import = 0
Number of asset objects unloaded after import = 1
========================================================================
Received Import Request.
  Time since last request: 0.000047 seconds.
  path: Assets/Brick Project Studio/Fast Food Restaurant Kit/Common/Materials/Carton_Fries_01.mat
  artifactKey: Guid(ce86f78e396e61e40b27785cc5a86af5) Importer(2089858483,0ecaa5967403d082aa24f35e1b516d23)
Start importing Assets/Brick Project Studio/Fast Food Restaurant Kit/Common/Materials/Carton_Fries_01.mat using Guid(ce86f78e396e61e40b27785cc5a86af5) Importer(2089858483,0ecaa5967403d082aa24f35e1b516d23) [PhysX] Initialized MultithreadedTaskDispatcher with 24 workers.
 -> (artifact id: 'f28b88c6b9c69abb26efbbee50e779ae') in 0.012455 seconds
Number of updated asset objects reloaded before import = 0
Number of asset objects unloaded after import = 2
========================================================================
Received Import Request.
  Time since last request: 0.000016 seconds.
  path: Assets/Brick Project Studio/Fast Food Restaurant Kit/Common/Textures/Carton_Nugget_01_A.png
  artifactKey: Guid(689bc3b0b9e8ad348b644dfc26ae392d) Importer(2089858483,0ecaa5967403d082aa24f35e1b516d23)
Start importing Assets/Brick Project Studio/Fast Food Restaurant Kit/Common/Textures/Carton_Nugget_01_A.png using Guid(689bc3b0b9e8ad348b644dfc26ae392d) Importer(2089858483,0ecaa5967403d082aa24f35e1b516d23) [PhysX] Initialized MultithreadedTaskDispatcher with 24 workers.
 -> (artifact id: '5331145b3d9102b1cd6046e33745d437') in 0.021549 seconds
Number of updated asset objects reloaded before import = 0
Number of asset objects unloaded after import = 1
========================================================================
Received Import Request.
  Time since last request: 0.000021 seconds.
  path: Assets/Brick Project Studio/Fast Food Restaurant Kit/Common/Materials/FFK_Leather_04.mat
  artifactKey: Guid(ae8e1ef947526584c9bd608032d8e00e) Importer(2089858483,0ecaa5967403d082aa24f35e1b516d23)
Start importing Assets/Brick Project Studio/Fast Food Restaurant Kit/Common/Materials/FFK_Leather_04.mat using Guid(ae8e1ef947526584c9bd608032d8e00e) Importer(2089858483,0ecaa5967403d082aa24f35e1b516d23) [PhysX] Initialized MultithreadedTaskDispatcher with 24 workers.
 -> (artifact id: 'e9529969f328041782623cfa0002dca8') in 0.015706 seconds
Number of updated asset objects reloaded before import = 0
Number of asset objects unloaded after import = 3
========================================================================
Received Import Request.
  Time since last request: 0.000019 seconds.
  path: Assets/Brick Project Studio/Fast Food Restaurant Kit/Common/Textures/FFK_Wood_02_H.png
  artifactKey: Guid(9123ee45a97f9894294ab0023d67fe76) Importer(2089858483,0ecaa5967403d082aa24f35e1b516d23)
Start importing Assets/Brick Project Studio/Fast Food Restaurant Kit/Common/Textures/FFK_Wood_02_H.png using Guid(9123ee45a97f9894294ab0023d67fe76) Importer(2089858483,0ecaa5967403d082aa24f35e1b516d23) [PhysX] Initialized MultithreadedTaskDispatcher with 24 workers.
 -> (artifact id: '6273597f36af8ad3ac787deec90545b9') in 0.020220 seconds
Number of updated asset objects reloaded before import = 0
Number of asset objects unloaded after import = 1
========================================================================
Received Import Request.
  Time since last request: 0.000024 seconds.
  path: Assets/AK Studio Art/Surveillance Camera/Settings/URP/Global Volume Profile.asset
  artifactKey: Guid(2009e5f6c2a850b4b865574b36de6d3f) Importer(2089858483,0ecaa5967403d082aa24f35e1b516d23)
Start importing Assets/AK Studio Art/Surveillance Camera/Settings/URP/Global Volume Profile.asset using Guid(2009e5f6c2a850b4b865574b36de6d3f) Importer(2089858483,0ecaa5967403d082aa24f35e1b516d23) [PhysX] Initialized MultithreadedTaskDispatcher with 24 workers.
 -> (artifact id: '7c02be742e4ec99e3bfe8ba11e34aa48') in 0.011961 seconds
Number of updated asset objects reloaded before import = 0
Number of asset objects unloaded after import = 1
========================================================================
Received Import Request.
  Time since last request: 0.000015 seconds.
  path: Assets/Brick Project Studio/Fast Food Restaurant Kit/Common/Materials/FFK_Color_Lime.mat
  artifactKey: Guid(33ecdea59ca45c24b9402b2278ad7161) Importer(2089858483,0ecaa5967403d082aa24f35e1b516d23)
Start importing Assets/Brick Project Studio/Fast Food Restaurant Kit/Common/Materials/FFK_Color_Lime.mat using Guid(33ecdea59ca45c24b9402b2278ad7161) Importer(2089858483,0ecaa5967403d082aa24f35e1b516d23) [PhysX] Initialized MultithreadedTaskDispatcher with 24 workers.
 -> (artifact id: 'fdbb734f56189480d92082286675b0a3') in 0.009760 seconds
Number of updated asset objects reloaded before import = 0
Number of asset objects unloaded after import = 1
========================================================================
Received Import Request.
  Time since last request: 0.000017 seconds.
  path: Assets/Brick Project Studio/Fast Food Restaurant Kit/Common/Materials/FFK_Kiosk_Light.mat
  artifactKey: Guid(6d2d32ee5127de94dbf5ec0c71160192) Importer(2089858483,0ecaa5967403d082aa24f35e1b516d23)
Start importing Assets/Brick Project Studio/Fast Food Restaurant Kit/Common/Materials/FFK_Kiosk_Light.mat using Guid(6d2d32ee5127de94dbf5ec0c71160192) Importer(2089858483,0ecaa5967403d082aa24f35e1b516d23) [PhysX] Initialized MultithreadedTaskDispatcher with 24 workers.
 -> (artifact id: '6025d5c265e666880427efd2714206a0') in 0.011429 seconds
Number of updated asset objects reloaded before import = 0
Number of asset objects unloaded after import = 2
========================================================================
Received Import Request.
  Time since last request: 0.000015 seconds.
  path: Assets/Brick Project Studio/Fast Food Restaurant Kit/Common/Materials/FFK_Leather_01.mat
  artifactKey: Guid(32032d56aec3af241ae80a544319f7a8) Importer(2089858483,0ecaa5967403d082aa24f35e1b516d23)
Start importing Assets/Brick Project Studio/Fast Food Restaurant Kit/Common/Materials/FFK_Leather_01.mat using Guid(32032d56aec3af241ae80a544319f7a8) Importer(2089858483,0ecaa5967403d082aa24f35e1b516d23) [PhysX] Initialized MultithreadedTaskDispatcher with 24 workers.
 -> (artifact id: 'ddb9789564233761495d078d849afcdb') in 0.020702 seconds
Number of updated asset objects reloaded before import = 0
Number of asset objects unloaded after import = 3
========================================================================
Received Import Request.
  Time since last request: 0.000016 seconds.
  path: Assets/Brick Project Studio/Fast Food Restaurant Kit/_Prefabs/Fast Food Build Kit/Floors Walls Ceiling Doors/Int_FFK_Frame_Double_01.prefab
  artifactKey: Guid(75719c1495cd4e349bb0d6d66e15ce3a) Importer(2089858483,0ecaa5967403d082aa24f35e1b516d23)
Start importing Assets/Brick Project Studio/Fast Food Restaurant Kit/_Prefabs/Fast Food Build Kit/Floors Walls Ceiling Doors/Int_FFK_Frame_Double_01.prefab using Guid(75719c1495cd4e349bb0d6d66e15ce3a) Importer(2089858483,0ecaa5967403d082aa24f35e1b516d23) [PhysX] Initialized MultithreadedTaskDispatcher with 24 workers.
 -> (artifact id: 'cee86c97459d4bbfdb3e9be9c5c95a1a') in 0.013875 seconds
Number of updated asset objects reloaded before import = 0
Number of asset objects unloaded after import = 7
========================================================================
Received Import Request.
  Time since last request: 0.000014 seconds.
  path: Assets/Brick Project Studio/Fast Food Restaurant Kit/_Prefabs/Furniture/Seating/FFK_Bench_03_01.prefab
  artifactKey: Guid(5e1114030e00aa0488f5f5826ba2f1a2) Importer(2089858483,0ecaa5967403d082aa24f35e1b516d23)
Start importing Assets/Brick Project Studio/Fast Food Restaurant Kit/_Prefabs/Furniture/Seating/FFK_Bench_03_01.prefab using Guid(5e1114030e00aa0488f5f5826ba2f1a2) Importer(2089858483,0ecaa5967403d082aa24f35e1b516d23) [PhysX] Initialized MultithreadedTaskDispatcher with 24 workers.
 -> (artifact id: '8fbdbcd5f589fc07e268268b3b7da694') in 0.013150 seconds
Number of updated asset objects reloaded before import = 0
Number of asset objects unloaded after import = 34
========================================================================
Received Import Request.
  Time since last request: 0.000016 seconds.
  path: Assets/Brick Project Studio/Fast Food Restaurant Kit/_Prefabs/Furniture/Misc/FFK_TableFreestanding_01_01.prefab
  artifactKey: Guid(2a6c5d2b744325b4981b6056758f4db6) Importer(2089858483,0ecaa5967403d082aa24f35e1b516d23)
Start importing Assets/Brick Project Studio/Fast Food Restaurant Kit/_Prefabs/Furniture/Misc/FFK_TableFreestanding_01_01.prefab using Guid(2a6c5d2b744325b4981b6056758f4db6) Importer(2089858483,0ecaa5967403d082aa24f35e1b516d23) [PhysX] Initialized MultithreadedTaskDispatcher with 24 workers.
 -> (artifact id: '90d00d42eaf23a499ca9a35f108a1696') in 0.016258 seconds
Number of updated asset objects reloaded before import = 0
Number of asset objects unloaded after import = 20
========================================================================
Received Import Request.
  Time since last request: 0.000022 seconds.
  path: Assets/Brick Project Studio/Fast Food Restaurant Kit/_Prefabs/Furniture/Tables/FFK_Table_01_01.prefab
  artifactKey: Guid(5ff9f985590cd094795d262c89e14e46) Importer(2089858483,0ecaa5967403d082aa24f35e1b516d23)
Start importing Assets/Brick Project Studio/Fast Food Restaurant Kit/_Prefabs/Furniture/Tables/FFK_Table_01_01.prefab using Guid(5ff9f985590cd094795d262c89e14e46) Importer(2089858483,0ecaa5967403d082aa24f35e1b516d23) [PhysX] Initialized MultithreadedTaskDispatcher with 24 workers.
 -> (artifact id: '6b7786233c3bbe7d397b7a37b533d6ef') in 0.016653 seconds
Number of updated asset objects reloaded before import = 0
Number of asset objects unloaded after import = 14
========================================================================
Received Import Request.
  Time since last request: 0.000014 seconds.
  path: Assets/Brick Project Studio/Fast Food Restaurant Kit/_Prefabs/Furniture/Seating/FFK_Stool_02_01.prefab
  artifactKey: Guid(46ff4ab664fcb354db17f4c1f46ef600) Importer(2089858483,0ecaa5967403d082aa24f35e1b516d23)
Start importing Assets/Brick Project Studio/Fast Food Restaurant Kit/_Prefabs/Furniture/Seating/FFK_Stool_02_01.prefab using Guid(46ff4ab664fcb354db17f4c1f46ef600) Importer(2089858483,0ecaa5967403d082aa24f35e1b516d23) [PhysX] Initialized MultithreadedTaskDispatcher with 24 workers.
 -> (artifact id: '8e41b118e6cf91631ec49c1cdbb4127b') in 0.012474 seconds
Number of updated asset objects reloaded before import = 0
Number of asset objects unloaded after import = 13
========================================================================
Received Import Request.
  Time since last request: 0.003213 seconds.
  path: Assets/Brick Project Studio/Fast Food Restaurant Kit/_Prefabs/Fast Food Build Kit/Floors Walls Ceiling Doors/Int_FFK_01_Pillar_4x4.prefab
  artifactKey: Guid(acf0fcf81bb5449499b877847602cf7f) Importer(2089858483,0ecaa5967403d082aa24f35e1b516d23)
Start importing Assets/Brick Project Studio/Fast Food Restaurant Kit/_Prefabs/Fast Food Build Kit/Floors Walls Ceiling Doors/Int_FFK_01_Pillar_4x4.prefab using Guid(acf0fcf81bb5449499b877847602cf7f) Importer(2089858483,0ecaa5967403d082aa24f35e1b516d23) [PhysX] Initialized MultithreadedTaskDispatcher with 24 workers.
 -> (artifact id: '5ad1035f6a0e3bf642e1dbc15171b9fe') in 0.020032 seconds
Number of updated asset objects reloaded before import = 0
Number of asset objects unloaded after import = 8
========================================================================
Received Import Request.
  Time since last request: 0.000013 seconds.
  path: Assets/Brick Project Studio/Fast Food Restaurant Kit/_Prefabs/Furniture/Seating/FFK_Stool_01_01.prefab
  artifactKey: Guid(4ada60c29a249cd4682acbb07b830ca1) Importer(2089858483,0ecaa5967403d082aa24f35e1b516d23)
Start importing Assets/Brick Project Studio/Fast Food Restaurant Kit/_Prefabs/Furniture/Seating/FFK_Stool_01_01.prefab using Guid(4ada60c29a249cd4682acbb07b830ca1) Importer(2089858483,0ecaa5967403d082aa24f35e1b516d23) [PhysX] Initialized MultithreadedTaskDispatcher with 24 workers.
 -> (artifact id: '41eac6a8712f1dd9ef60b55ff71400f2') in 0.012922 seconds
Number of updated asset objects reloaded before import = 0
Number of asset objects unloaded after import = 13
========================================================================
Received Import Request.
  Time since last request: 0.000012 seconds.
  path: Assets/Brick Project Studio/Fast Food Restaurant Kit/_Prefabs/Fast Food Build Kit/Int_Ext/ExtInt_FFK_Wall_02_01.prefab
  artifactKey: Guid(1a7ee6b8409d984478bcc1746266691b) Importer(2089858483,0ecaa5967403d082aa24f35e1b516d23)
Start importing Assets/Brick Project Studio/Fast Food Restaurant Kit/_Prefabs/Fast Food Build Kit/Int_Ext/ExtInt_FFK_Wall_02_01.prefab using Guid(1a7ee6b8409d984478bcc1746266691b) Importer(2089858483,0ecaa5967403d082aa24f35e1b516d23) [PhysX] Initialized MultithreadedTaskDispatcher with 24 workers.
 -> (artifact id: 'da2ec921bcc9d431452d0763c5626dca') in 0.014803 seconds
Number of updated asset objects reloaded before import = 0
Number of asset objects unloaded after import = 19
========================================================================
Received Import Request.
  Time since last request: 0.007850 seconds.
  path: Assets/Brick Project Studio/Fast Food Restaurant Kit/_Prefabs/Fast Food Build Kit/Int_Ext/ExtInt_FFK_Wall_03_01.prefab
  artifactKey: Guid(57e11b61f7f21a44ab797b7d95ea1b37) Importer(2089858483,0ecaa5967403d082aa24f35e1b516d23)
Start importing Assets/Brick Project Studio/Fast Food Restaurant Kit/_Prefabs/Fast Food Build Kit/Int_Ext/ExtInt_FFK_Wall_03_01.prefab using Guid(57e11b61f7f21a44ab797b7d95ea1b37) Importer(2089858483,0ecaa5967403d082aa24f35e1b516d23) [PhysX] Initialized MultithreadedTaskDispatcher with 24 workers.
 -> (artifact id: '0f7a75997bc3993386d88b21bd65b256') in 0.015657 seconds
Number of updated asset objects reloaded before import = 0
Number of asset objects unloaded after import = 19
========================================================================
Received Import Request.
  Time since last request: 0.000453 seconds.
  path: Assets/Brick Project Studio/Fast Food Restaurant Kit/_Prefabs/Fast Food Build Kit/Floors Walls Ceiling Doors/Int_FFK_01_Filler_01.prefab
  artifactKey: Guid(bc85d9e93196bdd40b9837645cce2337) Importer(2089858483,0ecaa5967403d082aa24f35e1b516d23)
Start importing Assets/Brick Project Studio/Fast Food Restaurant Kit/_Prefabs/Fast Food Build Kit/Floors Walls Ceiling Doors/Int_FFK_01_Filler_01.prefab using Guid(bc85d9e93196bdd40b9837645cce2337) Importer(2089858483,0ecaa5967403d082aa24f35e1b516d23) [PhysX] Initialized MultithreadedTaskDispatcher with 24 workers.
 -> (artifact id: '369e62b3e647a69f52cc1c6e34a07a95') in 0.020165 seconds
Number of updated asset objects reloaded before import = 0
Number of asset objects unloaded after import = 7
========================================================================
Received Import Request.
  Time since last request: 0.000013 seconds.
  path: Assets/Brick Project Studio/Fast Food Restaurant Kit/_Prefabs/Fast Food Build Kit/Int_Ext/ExtInt_FFK_Wall_04_01.prefab
  artifactKey: Guid(d9c4e4719d7f3af46bc76b0585fe3f90) Importer(2089858483,0ecaa5967403d082aa24f35e1b516d23)
Start importing Assets/Brick Project Studio/Fast Food Restaurant Kit/_Prefabs/Fast Food Build Kit/Int_Ext/ExtInt_FFK_Wall_04_01.prefab using Guid(d9c4e4719d7f3af46bc76b0585fe3f90) Importer(2089858483,0ecaa5967403d082aa24f35e1b516d23) [PhysX] Initialized MultithreadedTaskDispatcher with 24 workers.
 -> (artifact id: '305fe1d0ec76325cc2b5b985776aabe7') in 0.022783 seconds
Number of updated asset objects reloaded before import = 0
Number of asset objects unloaded after import = 19
========================================================================
Received Import Request.
  Time since last request: 0.000016 seconds.
  path: Assets/Brick Project Studio/Fast Food Restaurant Kit/_Prefabs/Fast Food Build Kit/Divider/FFK_Divider_06_01_01.prefab
  artifactKey: Guid(aa73596735f14a0478470715383834c0) Importer(2089858483,0ecaa5967403d082aa24f35e1b516d23)
Start importing Assets/Brick Project Studio/Fast Food Restaurant Kit/_Prefabs/Fast Food Build Kit/Divider/FFK_Divider_06_01_01.prefab using Guid(aa73596735f14a0478470715383834c0) Importer(2089858483,0ecaa5967403d082aa24f35e1b516d23) [PhysX] Initialized MultithreadedTaskDispatcher with 24 workers.
 -> (artifact id: '1901b22019487404d508633306d9c189') in 0.014350 seconds
Number of updated asset objects reloaded before import = 0
Number of asset objects unloaded after import = 14
========================================================================
Received Import Request.
  Time since last request: 0.004634 seconds.
  path: Assets/Brick Project Studio/Fast Food Restaurant Kit/_Prefabs/Furniture/Tables/FFK_Table_03_02.prefab
  artifactKey: Guid(efb3bf968862df44c8a9174054d2282a) Importer(2089858483,0ecaa5967403d082aa24f35e1b516d23)
Start importing Assets/Brick Project Studio/Fast Food Restaurant Kit/_Prefabs/Furniture/Tables/FFK_Table_03_02.prefab using Guid(efb3bf968862df44c8a9174054d2282a) Importer(2089858483,0ecaa5967403d082aa24f35e1b516d23) [PhysX] Initialized MultithreadedTaskDispatcher with 24 workers.
 -> (artifact id: '165ebbd84a9539938ad8352a6731d5a8') in 0.011907 seconds
Number of updated asset objects reloaded before import = 0
Number of asset objects unloaded after import = 14
========================================================================
Received Import Request.
  Time since last request: 0.000014 seconds.
  path: Assets/Brick Project Studio/Fast Food Restaurant Kit/_Prefabs/Fast Food Build Kit/Floors Walls Ceiling Doors/Int_FFK_01_Pillar_3x3.prefab
  artifactKey: Guid(dfd41a3a09e3e4e4fbe77fcbc822bc39) Importer(2089858483,0ecaa5967403d082aa24f35e1b516d23)
Start importing Assets/Brick Project Studio/Fast Food Restaurant Kit/_Prefabs/Fast Food Build Kit/Floors Walls Ceiling Doors/Int_FFK_01_Pillar_3x3.prefab using Guid(dfd41a3a09e3e4e4fbe77fcbc822bc39) Importer(2089858483,0ecaa5967403d082aa24f35e1b516d23) [PhysX] Initialized MultithreadedTaskDispatcher with 24 workers.
 -> (artifact id: 'a2748e3009d7e75983ad4ac49cedf1f6') in 0.023727 seconds
Number of updated asset objects reloaded before import = 0
Number of asset objects unloaded after import = 8
========================================================================
Received Import Request.
  Time since last request: 0.000016 seconds.
  path: Assets/Brick Project Studio/Fast Food Restaurant Kit/Common/Materials/Int_FFK_01.mat
  artifactKey: Guid(9a7be5c70324c204187174ec739b2681) Importer(2089858483,0ecaa5967403d082aa24f35e1b516d23)
Start importing Assets/Brick Project Studio/Fast Food Restaurant Kit/Common/Materials/Int_FFK_01.mat using Guid(9a7be5c70324c204187174ec739b2681) Importer(2089858483,0ecaa5967403d082aa24f35e1b516d23) [PhysX] Initialized MultithreadedTaskDispatcher with 24 workers.
 -> (artifact id: 'a2dc6fbd18595dae954b7d2a4ecf1e52') in 0.016942 seconds
Number of updated asset objects reloaded before import = 0
Number of asset objects unloaded after import = 3
========================================================================
Received Import Request.
  Time since last request: 0.000016 seconds.
  path: Assets/Brick Project Studio/Fast Food Restaurant Kit/Common/Textures/FFK_LampGrate_N.png
  artifactKey: Guid(3e7c5da5705f8914781f77218da8d02d) Importer(2089858483,0ecaa5967403d082aa24f35e1b516d23)
Start importing Assets/Brick Project Studio/Fast Food Restaurant Kit/Common/Textures/FFK_LampGrate_N.png using Guid(3e7c5da5705f8914781f77218da8d02d) Importer(2089858483,0ecaa5967403d082aa24f35e1b516d23) [PhysX] Initialized MultithreadedTaskDispatcher with 24 workers.
 -> (artifact id: 'd7b7c8efa6b5279c726d2110015ca68a') in 0.017702 seconds
Number of updated asset objects reloaded before import = 0
Number of asset objects unloaded after import = 1
========================================================================
Received Import Request.
  Time since last request: 0.000021 seconds.
  path: Assets/AK Studio Art/Surveillance Camera/Textures/Surveillance Camera/Surveillance Camera Normal.png
  artifactKey: Guid(8dbbd2ab4b45b6545a8e41a1e2f5eec5) Importer(2089858483,0ecaa5967403d082aa24f35e1b516d23)
Start importing Assets/AK Studio Art/Surveillance Camera/Textures/Surveillance Camera/Surveillance Camera Normal.png using Guid(8dbbd2ab4b45b6545a8e41a1e2f5eec5) Importer(2089858483,0ecaa5967403d082aa24f35e1b516d23) [PhysX] Initialized MultithreadedTaskDispatcher with 24 workers.
 -> (artifact id: 'a80a649fa6b3f2a95dfb7e085cbc9aa5') in 0.036312 seconds
Number of updated asset objects reloaded before import = 0
Number of asset objects unloaded after import = 1
========================================================================
Received Import Request.
  Time since last request: 0.000018 seconds.
  path: Assets/Brick Project Studio/Fast Food Restaurant Kit/Common/Textures/FFK_Wood_02_A.png
  artifactKey: Guid(ba12d857265e4cf43a25eb058fc77c02) Importer(2089858483,0ecaa5967403d082aa24f35e1b516d23)
Start importing Assets/Brick Project Studio/Fast Food Restaurant Kit/Common/Textures/FFK_Wood_02_A.png using Guid(ba12d857265e4cf43a25eb058fc77c02) Importer(2089858483,0ecaa5967403d082aa24f35e1b516d23) [PhysX] Initialized MultithreadedTaskDispatcher with 24 workers.
 -> (artifact id: 'b9a23699a4febcfe5672dbab7f3a3da7') in 0.016795 seconds
Number of updated asset objects reloaded before import = 0
Number of asset objects unloaded after import = 1
========================================================================
Received Import Request.
  Time since last request: 0.000015 seconds.
  path: Assets/Brick Project Studio/Fast Food Restaurant Kit/_Prefabs/Fast Food Build Kit/Divider/FFK_Divider_03_01_01.prefab
  artifactKey: Guid(6475c5ebe5d06934496f4fd62a8d10f1) Importer(2089858483,0ecaa5967403d082aa24f35e1b516d23)
Start importing Assets/Brick Project Studio/Fast Food Restaurant Kit/_Prefabs/Fast Food Build Kit/Divider/FFK_Divider_03_01_01.prefab using Guid(6475c5ebe5d06934496f4fd62a8d10f1) Importer(2089858483,0ecaa5967403d082aa24f35e1b516d23) [PhysX] Initialized MultithreadedTaskDispatcher with 24 workers.
 -> (artifact id: 'ad30c7d66ea7f76d6998db043970af23') in 0.021352 seconds
Number of updated asset objects reloaded before import = 0
Number of asset objects unloaded after import = 19
========================================================================
Received Import Request.
  Time since last request: 0.000019 seconds.
  path: Assets/Brick Project Studio/Fast Food Restaurant Kit/Common/Materials/Burger_01.mat
  artifactKey: Guid(3ffc7efcfca73924a8503cb7e43e27f5) Importer(2089858483,0ecaa5967403d082aa24f35e1b516d23)
Start importing Assets/Brick Project Studio/Fast Food Restaurant Kit/Common/Materials/Burger_01.mat using Guid(3ffc7efcfca73924a8503cb7e43e27f5) Importer(2089858483,0ecaa5967403d082aa24f35e1b516d23) [PhysX] Initialized MultithreadedTaskDispatcher with 24 workers.
 -> (artifact id: 'bdee69255e74f351c71eba94f1c4a1d1') in 0.015037 seconds
Number of updated asset objects reloaded before import = 0
Number of asset objects unloaded after import = 3
========================================================================
Received Import Request.
  Time since last request: 0.000017 seconds.
  path: Assets/Brick Project Studio/Fast Food Restaurant Kit/_Prefabs/Fast Food Build Kit/Counter Top/FFK_CounterTable_02_01.prefab
  artifactKey: Guid(e35de4e1ce0558e44936c86d4c4cb2a6) Importer(2089858483,0ecaa5967403d082aa24f35e1b516d23)
Start importing Assets/Brick Project Studio/Fast Food Restaurant Kit/_Prefabs/Fast Food Build Kit/Counter Top/FFK_CounterTable_02_01.prefab using Guid(e35de4e1ce0558e44936c86d4c4cb2a6) Importer(2089858483,0ecaa5967403d082aa24f35e1b516d23) [PhysX] Initialized MultithreadedTaskDispatcher with 24 workers.
 -> (artifact id: 'dac64a7bba8a81c83fcf52e33f22e99a') in 0.017393 seconds
Number of updated asset objects reloaded before import = 0
Number of asset objects unloaded after import = 8
========================================================================
Received Import Request.
  Time since last request: 0.000014 seconds.
  path: Assets/Brick Project Studio/Fast Food Restaurant Kit/Common/Textures/INT_FFK_01_N.png
  artifactKey: Guid(46cb7cfa9933cae47a42b73eb1b0add0) Importer(2089858483,0ecaa5967403d082aa24f35e1b516d23)
Start importing Assets/Brick Project Studio/Fast Food Restaurant Kit/Common/Textures/INT_FFK_01_N.png using Guid(46cb7cfa9933cae47a42b73eb1b0add0) Importer(2089858483,0ecaa5967403d082aa24f35e1b516d23) [PhysX] Initialized MultithreadedTaskDispatcher with 24 workers.
 -> (artifact id: 'f60f99cee6b1f114ad7196b42b3784ae') in 0.016332 seconds
Number of updated asset objects reloaded before import = 0
Number of asset objects unloaded after import = 1
========================================================================
Received Import Request.
  Time since last request: 0.000015 seconds.
  path: Assets/AK Studio Art/Surveillance Camera/Settings/HDRP/HDRenderPipelineGlobalSettings.asset
  artifactKey: Guid(0f3e265e7efe2fb458f8bd944025627b) Importer(2089858483,0ecaa5967403d082aa24f35e1b516d23)
Start importing Assets/AK Studio Art/Surveillance Camera/Settings/HDRP/HDRenderPipelineGlobalSettings.asset using Guid(0f3e265e7efe2fb458f8bd944025627b) Importer(2089858483,0ecaa5967403d082aa24f35e1b516d23) [PhysX] Initialized MultithreadedTaskDispatcher with 24 workers.
 -> (artifact id: '91784aec3dff23a140439665159926ea') in 0.013895 seconds
Number of updated asset objects reloaded before import = 0
Number of asset objects unloaded after import = 1
========================================================================
Received Import Request.
  Time since last request: 0.000015 seconds.
  path: Assets/Brick Project Studio/Fast Food Restaurant Kit/_Prefabs/Furniture/Seating/FFK_Bench_02_01.prefab
  artifactKey: Guid(438b2b853b5df64439b72f92ac4fb750) Importer(2089858483,0ecaa5967403d082aa24f35e1b516d23)
Start importing Assets/Brick Project Studio/Fast Food Restaurant Kit/_Prefabs/Furniture/Seating/FFK_Bench_02_01.prefab using Guid(438b2b853b5df64439b72f92ac4fb750) Importer(2089858483,0ecaa5967403d082aa24f35e1b516d23) [PhysX] Initialized MultithreadedTaskDispatcher with 24 workers.
 -> (artifact id: 'd60923ad5fa3e55100cb2d8686b2c26c') in 0.017404 seconds
Number of updated asset objects reloaded before import = 0
Number of asset objects unloaded after import = 14
========================================================================
Received Import Request.
  Time since last request: 0.000016 seconds.
  path: Assets/Brick Project Studio/Fast Food Restaurant Kit/_Prefabs/Furniture/Seating/FFK_Chair_02_01.prefab
  artifactKey: Guid(9b4c7175919cf984c8bfa6006681c124) Importer(2089858483,0ecaa5967403d082aa24f35e1b516d23)
Start importing Assets/Brick Project Studio/Fast Food Restaurant Kit/_Prefabs/Furniture/Seating/FFK_Chair_02_01.prefab using Guid(9b4c7175919cf984c8bfa6006681c124) Importer(2089858483,0ecaa5967403d082aa24f35e1b516d23) [PhysX] Initialized MultithreadedTaskDispatcher with 24 workers.
 -> (artifact id: '85b46260d85252978ff7448ee9ad8f72') in 0.021107 seconds
Number of updated asset objects reloaded before import = 0
Number of asset objects unloaded after import = 13
========================================================================
Received Import Request.
  Time since last request: 0.000015 seconds.
  path: Assets/Brick Project Studio/Fast Food Restaurant Kit/_Prefabs/Fast Food Build Kit/Floors Walls Ceiling Doors/FFK_DoorFrame_01_01.prefab
  artifactKey: Guid(4ae60d1d676da304baddd4bdfa246f16) Importer(2089858483,0ecaa5967403d082aa24f35e1b516d23)
Start importing Assets/Brick Project Studio/Fast Food Restaurant Kit/_Prefabs/Fast Food Build Kit/Floors Walls Ceiling Doors/FFK_DoorFrame_01_01.prefab using Guid(4ae60d1d676da304baddd4bdfa246f16) Importer(2089858483,0ecaa5967403d082aa24f35e1b516d23) [PhysX] Initialized MultithreadedTaskDispatcher with 24 workers.
 -> (artifact id: 'a4e327a79ae90524cdf2bb21bc985494') in 0.018696 seconds
Number of updated asset objects reloaded before import = 0
Number of asset objects unloaded after import = 25
========================================================================
Received Import Request.
  Time since last request: 0.000014 seconds.
  path: Assets/Brick Project Studio/Fast Food Restaurant Kit/_Prefabs/Fast Food Build Kit/Floors Walls Ceiling Doors/Int_FFK_01_Wall_01.prefab
  artifactKey: Guid(e0f2df96b7a2b1b4eb0445c0a3be5515) Importer(2089858483,0ecaa5967403d082aa24f35e1b516d23)
Start importing Assets/Brick Project Studio/Fast Food Restaurant Kit/_Prefabs/Fast Food Build Kit/Floors Walls Ceiling Doors/Int_FFK_01_Wall_01.prefab using Guid(e0f2df96b7a2b1b4eb0445c0a3be5515) Importer(2089858483,0ecaa5967403d082aa24f35e1b516d23) [PhysX] Initialized MultithreadedTaskDispatcher with 24 workers.
 -> (artifact id: 'c43d49513dcb51f6eec5aac2c6e290f8') in 0.012238 seconds
Number of updated asset objects reloaded before import = 0
Number of asset objects unloaded after import = 8
========================================================================
Received Import Request.
  Time since last request: 0.000016 seconds.
  path: Assets/Brick Project Studio/_BPS Basic Assets/_Prefabs/Legacy/Base Room Scene.prefab
  artifactKey: Guid(42ded4a9b41e76d46bb90a3e35072cf7) Importer(2089858483,0ecaa5967403d082aa24f35e1b516d23)
Start importing Assets/Brick Project Studio/_BPS Basic Assets/_Prefabs/Legacy/Base Room Scene.prefab using Guid(42ded4a9b41e76d46bb90a3e35072cf7) Importer(2089858483,0ecaa5967403d082aa24f35e1b516d23) [PhysX] Initialized MultithreadedTaskDispatcher with 24 workers.
 -> (artifact id: 'b67211125a075302322fbb41f03f6e68') in 0.013405 seconds
Number of updated asset objects reloaded before import = 0
Number of asset objects unloaded after import = 67
========================================================================
Received Import Request.
  Time since last request: 0.000027 seconds.
  path: Assets/Brick Project Studio/Fast Food Restaurant Kit/_Prefabs/Furniture/Misc/FFK_RegisterTable_01_01.prefab
  artifactKey: Guid(341460f08b975f64789f439aa4c94437) Importer(2089858483,0ecaa5967403d082aa24f35e1b516d23)
Start importing Assets/Brick Project Studio/Fast Food Restaurant Kit/_Prefabs/Furniture/Misc/FFK_RegisterTable_01_01.prefab using Guid(341460f08b975f64789f439aa4c94437) Importer(2089858483,0ecaa5967403d082aa24f35e1b516d23) [PhysX] Initialized MultithreadedTaskDispatcher with 24 workers.
 -> (artifact id: '80cef41a1e14d7fb3d9cf0a7067af39b') in 0.015709 seconds
Number of updated asset objects reloaded before import = 0
Number of asset objects unloaded after import = 19
========================================================================
Received Import Request.
  Time since last request: 0.000016 seconds.
  path: Assets/Brick Project Studio/Fast Food Restaurant Kit/_Prefabs/Props/Lamps/FFK_Lamp_Ceiling_02_03.prefab
  artifactKey: Guid(4e97fe3bb7bcec74b90ae10bb3302b92) Importer(2089858483,0ecaa5967403d082aa24f35e1b516d23)
Start importing Assets/Brick Project Studio/Fast Food Restaurant Kit/_Prefabs/Props/Lamps/FFK_Lamp_Ceiling_02_03.prefab using Guid(4e97fe3bb7bcec74b90ae10bb3302b92) Importer(2089858483,0ecaa5967403d082aa24f35e1b516d23) [PhysX] Initialized MultithreadedTaskDispatcher with 24 workers.
 -> (artifact id: '18ddaa0d43eedee7bd3748f1c9cc3ffb') in 0.013902 seconds
Number of updated asset objects reloaded before import = 0
Number of asset objects unloaded after import = 18
========================================================================
Received Import Request.
  Time since last request: 0.000016 seconds.
  path: Assets/Brick Project Studio/_BPS Basic Assets/Common/Materials/Basic Assets/BA_Concrete_01.mat
  artifactKey: Guid(1e98ebe0ed4d9894d9610d836de5f478) Importer(2089858483,0ecaa5967403d082aa24f35e1b516d23)
Start importing Assets/Brick Project Studio/_BPS Basic Assets/Common/Materials/Basic Assets/BA_Concrete_01.mat using Guid(1e98ebe0ed4d9894d9610d836de5f478) Importer(2089858483,0ecaa5967403d082aa24f35e1b516d23) [PhysX] Initialized MultithreadedTaskDispatcher with 24 workers.
 -> (artifact id: 'f181ee426f5b288f39fa6a23d8fb4e4b') in 0.023565 seconds
Number of updated asset objects reloaded before import = 0
Number of asset objects unloaded after import = 3
========================================================================
Received Import Request.
  Time since last request: 0.000020 seconds.
  path: Assets/Brick Project Studio/Fast Food Restaurant Kit/_Prefabs/Furniture/Tables/FFK_Table_05_01.prefab
  artifactKey: Guid(b96e8a3e6c20fa444af64bbac8594e7a) Importer(2089858483,0ecaa5967403d082aa24f35e1b516d23)
Start importing Assets/Brick Project Studio/Fast Food Restaurant Kit/_Prefabs/Furniture/Tables/FFK_Table_05_01.prefab using Guid(b96e8a3e6c20fa444af64bbac8594e7a) Importer(2089858483,0ecaa5967403d082aa24f35e1b516d23) [PhysX] Initialized MultithreadedTaskDispatcher with 24 workers.
 -> (artifact id: 'e02d49d9548db3cae60d0b1a314b7d97') in 0.023134 seconds
Number of updated asset objects reloaded before import = 0
Number of asset objects unloaded after import = 24
========================================================================
Received Import Request.
  Time since last request: 0.000015 seconds.
  path: Assets/Brick Project Studio/Fast Food Restaurant Kit/_Prefabs/Props/Misc/Tray_01_W_TrayLiner_01.prefab
  artifactKey: Guid(2734d294ee2b5c948aa67c3ce7bbc9f9) Importer(2089858483,0ecaa5967403d082aa24f35e1b516d23)
Start importing Assets/Brick Project Studio/Fast Food Restaurant Kit/_Prefabs/Props/Misc/Tray_01_W_TrayLiner_01.prefab using Guid(2734d294ee2b5c948aa67c3ce7bbc9f9) Importer(2089858483,0ecaa5967403d082aa24f35e1b516d23) [PhysX] Initialized MultithreadedTaskDispatcher with 24 workers.
 -> (artifact id: '5f9e227e5c959c0bd02adeba29d67deb') in 0.018919 seconds
Number of updated asset objects reloaded before import = 0
Number of asset objects unloaded after import = 14
========================================================================
Received Import Request.
  Time since last request: 0.000015 seconds.
  path: Assets/Brick Project Studio/_BPS Basic Assets/Common/Materials/Basic Assets/BA_Glass_03.mat
  artifactKey: Guid(266fb6016862b8b4ba1eec482c572c21) Importer(2089858483,0ecaa5967403d082aa24f35e1b516d23)
Start importing Assets/Brick Project Studio/_BPS Basic Assets/Common/Materials/Basic Assets/BA_Glass_03.mat using Guid(266fb6016862b8b4ba1eec482c572c21) Importer(2089858483,0ecaa5967403d082aa24f35e1b516d23) [PhysX] Initialized MultithreadedTaskDispatcher with 24 workers.
 -> (artifact id: '446b4608c4948785948d6f43b870c847') in 0.013319 seconds
Number of updated asset objects reloaded before import = 0
Number of asset objects unloaded after import = 1
========================================================================
Received Import Request.
  Time since last request: 0.000015 seconds.
  path: Assets/Brick Project Studio/Fast Food Restaurant Kit/_Prefabs/Props/Food/Big Nuggets_01_Empty.prefab
  artifactKey: Guid(385bf342703bbee4c8f32c938156e8d4) Importer(2089858483,0ecaa5967403d082aa24f35e1b516d23)
Start importing Assets/Brick Project Studio/Fast Food Restaurant Kit/_Prefabs/Props/Food/Big Nuggets_01_Empty.prefab using Guid(385bf342703bbee4c8f32c938156e8d4) Importer(2089858483,0ecaa5967403d082aa24f35e1b516d23) [PhysX] Initialized MultithreadedTaskDispatcher with 24 workers.
 -> (artifact id: 'fe7f9f60869a1b8a66d450087b631999') in 0.014704 seconds
Number of updated asset objects reloaded before import = 0
Number of asset objects unloaded after import = 15
========================================================================
Received Import Request.
  Time since last request: 0.000017 seconds.
  path: Assets/Brick Project Studio/Fast Food Restaurant Kit/_Prefabs/Furniture/Tables/FFK_Table_09_01.prefab
  artifactKey: Guid(a96491997802184419894de27097a40e) Importer(2089858483,0ecaa5967403d082aa24f35e1b516d23)
Start importing Assets/Brick Project Studio/Fast Food Restaurant Kit/_Prefabs/Furniture/Tables/FFK_Table_09_01.prefab using Guid(a96491997802184419894de27097a40e) Importer(2089858483,0ecaa5967403d082aa24f35e1b516d23) [PhysX] Initialized MultithreadedTaskDispatcher with 24 workers.
 -> (artifact id: '39eca45a5b78e3512f1de4a51e5105da') in 0.023640 seconds
Number of updated asset objects reloaded before import = 0
Number of asset objects unloaded after import = 14
========================================================================
Received Import Request.
  Time since last request: 0.000015 seconds.
  path: Assets/Brick Project Studio/Fast Food Restaurant Kit/_Prefabs/Props/Tray Setup/Tray_01_Setup_04.prefab
  artifactKey: Guid(f6360d41b10f70443a06913e69e61563) Importer(2089858483,0ecaa5967403d082aa24f35e1b516d23)
Start importing Assets/Brick Project Studio/Fast Food Restaurant Kit/_Prefabs/Props/Tray Setup/Tray_01_Setup_04.prefab using Guid(f6360d41b10f70443a06913e69e61563) Importer(2089858483,0ecaa5967403d082aa24f35e1b516d23) [PhysX] Initialized MultithreadedTaskDispatcher with 24 workers.
 -> (artifact id: '7400c54a61ff92f9b2b9fc5497408ff9') in 0.014787 seconds
Number of updated asset objects reloaded before import = 0
Number of asset objects unloaded after import = 36
========================================================================
Received Import Request.
  Time since last request: 0.000014 seconds.
  path: Assets/Brick Project Studio/Fast Food Restaurant Kit/_Prefabs/Props/Food/Fries Box_01_Empty.prefab
  artifactKey: Guid(84ee3b7292548af4692e417d58c7d8cf) Importer(2089858483,0ecaa5967403d082aa24f35e1b516d23)
Start importing Assets/Brick Project Studio/Fast Food Restaurant Kit/_Prefabs/Props/Food/Fries Box_01_Empty.prefab using Guid(84ee3b7292548af4692e417d58c7d8cf) Importer(2089858483,0ecaa5967403d082aa24f35e1b516d23) [PhysX] Initialized MultithreadedTaskDispatcher with 24 workers.
 -> (artifact id: '3646f2ea440245fca8516f9268468125') in 0.013750 seconds
Number of updated asset objects reloaded before import = 0
Number of asset objects unloaded after import = 7
========================================================================
Received Import Request.
  Time since last request: 0.000019 seconds.
  path: Assets/Brick Project Studio/Fast Food Restaurant Kit/_Prefabs/Props/Tray Setup/Tray_01_Setup_03.prefab
  artifactKey: Guid(84c8c2118345b9540bd9d13ef487b00f) Importer(2089858483,0ecaa5967403d082aa24f35e1b516d23)
Start importing Assets/Brick Project Studio/Fast Food Restaurant Kit/_Prefabs/Props/Tray Setup/Tray_01_Setup_03.prefab using Guid(84c8c2118345b9540bd9d13ef487b00f) Importer(2089858483,0ecaa5967403d082aa24f35e1b516d23) [PhysX] Initialized MultithreadedTaskDispatcher with 24 workers.
 -> (artifact id: 'b8413643a66e30750670b70e7be6267b') in 0.017861 seconds
Number of updated asset objects reloaded before import = 0
Number of asset objects unloaded after import = 111
========================================================================
Received Import Request.
  Time since last request: 0.000022 seconds.
  path: Assets/Brick Project Studio/Fast Food Restaurant Kit/_Prefabs/Furniture/Tables/FFK_Table_08_01.prefab
  artifactKey: Guid(9dad650fdcde93d4c89dbb1c0f02921d) Importer(2089858483,0ecaa5967403d082aa24f35e1b516d23)
Start importing Assets/Brick Project Studio/Fast Food Restaurant Kit/_Prefabs/Furniture/Tables/FFK_Table_08_01.prefab using Guid(9dad650fdcde93d4c89dbb1c0f02921d) Importer(2089858483,0ecaa5967403d082aa24f35e1b516d23) [PhysX] Initialized MultithreadedTaskDispatcher with 24 workers.
 -> (artifact id: 'f071dc5218c68a494fd99b449502b38a') in 0.025935 seconds
Number of updated asset objects reloaded before import = 0
Number of asset objects unloaded after import = 29
========================================================================
Received Import Request.
  Time since last request: 0.000019 seconds.
  path: Assets/Brick Project Studio/_BPS Basic Assets/Common/Materials/Basic Assets/BA_Color_Black_01.mat
  artifactKey: Guid(4cd790ac0d37bdc46970f6688c6b5070) Importer(2089858483,0ecaa5967403d082aa24f35e1b516d23)
Start importing Assets/Brick Project Studio/_BPS Basic Assets/Common/Materials/Basic Assets/BA_Color_Black_01.mat using Guid(4cd790ac0d37bdc46970f6688c6b5070) Importer(2089858483,0ecaa5967403d082aa24f35e1b516d23) [PhysX] Initialized MultithreadedTaskDispatcher with 24 workers.
 -> (artifact id: 'b41755c4a160f565ebf26197fd7b1ad4') in 0.012509 seconds
Number of updated asset objects reloaded before import = 0
Number of asset objects unloaded after import = 1
========================================================================
Received Import Request.
  Time since last request: 0.000029 seconds.
  path: Assets/Brick Project Studio/Fast Food Restaurant Kit/_Prefabs/Props/Misc/FF_Sign_01.prefab
  artifactKey: Guid(3e68a847cfcd1e643a2285edcf75f83c) Importer(2089858483,0ecaa5967403d082aa24f35e1b516d23)
Start importing Assets/Brick Project Studio/Fast Food Restaurant Kit/_Prefabs/Props/Misc/FF_Sign_01.prefab using Guid(3e68a847cfcd1e643a2285edcf75f83c) Importer(2089858483,0ecaa5967403d082aa24f35e1b516d23) [PhysX] Initialized MultithreadedTaskDispatcher with 24 workers.
 -> (artifact id: '38d77279b76e9f3ff13f124e17173a5e') in 0.014575 seconds
Number of updated asset objects reloaded before import = 0
Number of asset objects unloaded after import = 7
========================================================================
Received Import Request.
  Time since last request: 0.000015 seconds.
  path: Assets/Brick Project Studio/Fast Food Restaurant Kit/_Prefabs/Props/Food/Big Burger_01_Empty.prefab
  artifactKey: Guid(440b75fd42ecb5f41b94162dfa6b7593) Importer(2089858483,0ecaa5967403d082aa24f35e1b516d23)
Start importing Assets/Brick Project Studio/Fast Food Restaurant Kit/_Prefabs/Props/Food/Big Burger_01_Empty.prefab using Guid(440b75fd42ecb5f41b94162dfa6b7593) Importer(2089858483,0ecaa5967403d082aa24f35e1b516d23) [PhysX] Initialized MultithreadedTaskDispatcher with 24 workers.
 -> (artifact id: 'e96ec679d47b7be768dcaea819b4c8e4') in 0.017074 seconds
Number of updated asset objects reloaded before import = 0
Number of asset objects unloaded after import = 14
========================================================================
Received Import Request.
  Time since last request: 0.000018 seconds.
  path: Assets/Brick Project Studio/Fast Food Restaurant Kit/_Prefabs/Props/Food/FountainCup_01.prefab
  artifactKey: Guid(1dc2de87675d11142a9921d2ee2b12ac) Importer(2089858483,0ecaa5967403d082aa24f35e1b516d23)
Start importing Assets/Brick Project Studio/Fast Food Restaurant Kit/_Prefabs/Props/Food/FountainCup_01.prefab using Guid(1dc2de87675d11142a9921d2ee2b12ac) Importer(2089858483,0ecaa5967403d082aa24f35e1b516d23) [PhysX] Initialized MultithreadedTaskDispatcher with 24 workers.
 -> (artifact id: '1eb5eb1ca90ca62deb1ce1d7f6894597') in 0.022254 seconds
Number of updated asset objects reloaded before import = 0
Number of asset objects unloaded after import = 18
========================================================================
Received Import Request.
  Time since last request: 0.000016 seconds.
  path: Assets/Brick Project Studio/Fast Food Restaurant Kit/_Prefabs/Props/Food/Big Nuggets_01.prefab
  artifactKey: Guid(bef0b6331b6ddcc4e80368fbb8f8fade) Importer(2089858483,0ecaa5967403d082aa24f35e1b516d23)
Start importing Assets/Brick Project Studio/Fast Food Restaurant Kit/_Prefabs/Props/Food/Big Nuggets_01.prefab using Guid(bef0b6331b6ddcc4e80368fbb8f8fade) Importer(2089858483,0ecaa5967403d082aa24f35e1b516d23) [PhysX] Initialized MultithreadedTaskDispatcher with 24 workers.
 -> (artifact id: '26a48d35ab93bb3eb9a242fcff164120') in 0.017879 seconds
Number of updated asset objects reloaded before import = 0
Number of asset objects unloaded after import = 51
========================================================================
Received Import Request.
  Time since last request: 0.000018 seconds.
  path: Assets/Brick Project Studio/Fast Food Restaurant Kit/_Prefabs/Furniture/Tables/FFK_Table_04_01.prefab
  artifactKey: Guid(a1f53b61442de404396cd7bebdfcc815) Importer(2089858483,0ecaa5967403d082aa24f35e1b516d23)
Start importing Assets/Brick Project Studio/Fast Food Restaurant Kit/_Prefabs/Furniture/Tables/FFK_Table_04_01.prefab using Guid(a1f53b61442de404396cd7bebdfcc815) Importer(2089858483,0ecaa5967403d082aa24f35e1b516d23) [PhysX] Initialized MultithreadedTaskDispatcher with 24 workers.
 -> (artifact id: '010d2d15b1df561ba1a19727879570e6') in 0.015046 seconds
Number of updated asset objects reloaded before import = 0
Number of asset objects unloaded after import = 14
========================================================================
Received Import Request.
  Time since last request: 0.000015 seconds.
  path: Assets/Brick Project Studio/Fast Food Restaurant Kit/Common/Textures/FFK_RoughMetal_01_O.png
  artifactKey: Guid(0f48cf075688396448797ffaf74c5066) Importer(2089858483,0ecaa5967403d082aa24f35e1b516d23)
Start importing Assets/Brick Project Studio/Fast Food Restaurant Kit/Common/Textures/FFK_RoughMetal_01_O.png using Guid(0f48cf075688396448797ffaf74c5066) Importer(2089858483,0ecaa5967403d082aa24f35e1b516d23) [PhysX] Initialized MultithreadedTaskDispatcher with 24 workers.
 -> (artifact id: 'fde1a645be4e8268a68bda370c9b0a85') in 0.015335 seconds
Number of updated asset objects reloaded before import = 0
Number of asset objects unloaded after import = 1
========================================================================
Received Import Request.
  Time since last request: 0.000034 seconds.
  path: Assets/Brick Project Studio/_BPS Basic Assets/Common/Models/BPS_Table.fbx
  artifactKey: Guid(67171e1fd1d009c43b75a962fa5556a5) Importer(2089858483,0ecaa5967403d082aa24f35e1b516d23)
Start importing Assets/Brick Project Studio/_BPS Basic Assets/Common/Models/BPS_Table.fbx using Guid(67171e1fd1d009c43b75a962fa5556a5) Importer(2089858483,0ecaa5967403d082aa24f35e1b516d23) [PhysX] Initialized MultithreadedTaskDispatcher with 24 workers.
 -> (artifact id: 'e1922369a92bb53a248543365ec706e9') in 0.027654 seconds
Number of updated asset objects reloaded before import = 0
Number of asset objects unloaded after import = 7
========================================================================
Received Import Request.
  Time since last request: 0.000021 seconds.
  path: Assets/AK Studio Art/Surveillance Camera/Models/Surveillance Camera.fbx
  artifactKey: Guid(2be43c7114a359a46a5d6280a1265f32) Importer(2089858483,0ecaa5967403d082aa24f35e1b516d23)
Start importing Assets/AK Studio Art/Surveillance Camera/Models/Surveillance Camera.fbx using Guid(2be43c7114a359a46a5d6280a1265f32) Importer(2089858483,0ecaa5967403d082aa24f35e1b516d23) [PhysX] Initialized MultithreadedTaskDispatcher with 24 workers.
 -> (artifact id: 'd80a8439ccc7970da9234cc1c0c006e6') in 0.019137 seconds
Number of updated asset objects reloaded before import = 0
Number of asset objects unloaded after import = 17
========================================================================
Received Import Request.
  Time since last request: 0.000013 seconds.
  path: Assets/Brick Project Studio/Fast Food Restaurant Kit/_Prefabs/Furniture/Seating/FFK_Chair_01_01.prefab
  artifactKey: Guid(bc65cd5b9c7ae234d8fc13b5b8eecd3c) Importer(2089858483,0ecaa5967403d082aa24f35e1b516d23)
Start importing Assets/Brick Project Studio/Fast Food Restaurant Kit/_Prefabs/Furniture/Seating/FFK_Chair_01_01.prefab using Guid(bc65cd5b9c7ae234d8fc13b5b8eecd3c) Importer(2089858483,0ecaa5967403d082aa24f35e1b516d23) [PhysX] Initialized MultithreadedTaskDispatcher with 24 workers.
 -> (artifact id: 'c4acbcf90cf24be5a731778a1eaf60a3') in 0.024607 seconds
Number of updated asset objects reloaded before import = 0
Number of asset objects unloaded after import = 19
========================================================================
Received Import Request.
  Time since last request: 0.000018 seconds.
  path: Assets/AK Studio Art/Surveillance Camera/Settings/HDRP/HDRenderPipelineAsset.asset
  artifactKey: Guid(165b58416f0a89b41bb17f70b18698f7) Importer(2089858483,0ecaa5967403d082aa24f35e1b516d23)
Start importing Assets/AK Studio Art/Surveillance Camera/Settings/HDRP/HDRenderPipelineAsset.asset using Guid(165b58416f0a89b41bb17f70b18698f7) Importer(2089858483,0ecaa5967403d082aa24f35e1b516d23) [PhysX] Initialized MultithreadedTaskDispatcher with 24 workers.
 -> (artifact id: '5f8dbcb2d55d4cdc4a35897a832b3bee') in 0.013135 seconds
Number of updated asset objects reloaded before import = 0
Number of asset objects unloaded after import = 1
========================================================================
Received Import Request.
  Time since last request: 0.000018 seconds.
  path: Assets/Brick Project Studio/Fast Food Restaurant Kit/Common/Textures/FFK_Stone_01_N.png
  artifactKey: Guid(d0f5751404e0ad44ebdb7b78d7ada947) Importer(2089858483,0ecaa5967403d082aa24f35e1b516d23)
Start importing Assets/Brick Project Studio/Fast Food Restaurant Kit/Common/Textures/FFK_Stone_01_N.png using Guid(d0f5751404e0ad44ebdb7b78d7ada947) Importer(2089858483,0ecaa5967403d082aa24f35e1b516d23) [PhysX] Initialized MultithreadedTaskDispatcher with 24 workers.
 -> (artifact id: 'ea32e60c5c051c25693a39fcd784f7e8') in 0.024360 seconds
Number of updated asset objects reloaded before import = 0
Number of asset objects unloaded after import = 1
========================================================================
Received Import Request.
  Time since last request: 0.000019 seconds.
  path: Assets/Brick Project Studio/Fast Food Restaurant Kit/Common/Textures/Carton_Burger_01_A.png
  artifactKey: Guid(9963f9ae6b8e61d4c968c45f86a3c306) Importer(2089858483,0ecaa5967403d082aa24f35e1b516d23)
Start importing Assets/Brick Project Studio/Fast Food Restaurant Kit/Common/Textures/Carton_Burger_01_A.png using Guid(9963f9ae6b8e61d4c968c45f86a3c306) Importer(2089858483,0ecaa5967403d082aa24f35e1b516d23) [PhysX] Initialized MultithreadedTaskDispatcher with 24 workers.
 -> (artifact id: '4d04f2c6a1d38d0f421fd29a22386bc0') in 0.017602 seconds
Number of updated asset objects reloaded before import = 0
Number of asset objects unloaded after import = 1
========================================================================
Received Import Request.
  Time since last request: 0.000025 seconds.
  path: Assets/Brick Project Studio/Fast Food Restaurant Kit/_Prefabs/Furniture/Seating/FFK_Stool_03_02.prefab
  artifactKey: Guid(4bb2a81fa1ac56b4a9a5c0aee917bd48) Importer(2089858483,0ecaa5967403d082aa24f35e1b516d23)
Start importing Assets/Brick Project Studio/Fast Food Restaurant Kit/_Prefabs/Furniture/Seating/FFK_Stool_03_02.prefab using Guid(4bb2a81fa1ac56b4a9a5c0aee917bd48) Importer(2089858483,0ecaa5967403d082aa24f35e1b516d23) [PhysX] Initialized MultithreadedTaskDispatcher with 24 workers.
 -> (artifact id: '31a1af92b7f83677b5e295cf28f2adc1') in 0.015084 seconds
Number of updated asset objects reloaded before import = 0
Number of asset objects unloaded after import = 14
========================================================================
Received Import Request.
  Time since last request: 0.000016 seconds.
  path: Assets/Brick Project Studio/Fast Food Restaurant Kit/_Prefabs/Props/Food/Fries Box_01.prefab
  artifactKey: Guid(494ce0ae26952704c8a93fd02d125112) Importer(2089858483,0ecaa5967403d082aa24f35e1b516d23)
Start importing Assets/Brick Project Studio/Fast Food Restaurant Kit/_Prefabs/Props/Food/Fries Box_01.prefab using Guid(494ce0ae26952704c8a93fd02d125112) Importer(2089858483,0ecaa5967403d082aa24f35e1b516d23) [PhysX] Initialized MultithreadedTaskDispatcher with 24 workers.
 -> (artifact id: 'e3a41b8ec7e1dc23528cee72dded0aaa') in 0.023484 seconds
Number of updated asset objects reloaded before import = 0
Number of asset objects unloaded after import = 12
========================================================================
Received Import Request.
  Time since last request: 0.000019 seconds.
  path: Assets/Brick Project Studio/_BPS Basic Assets/Common/Materials/Basic Assets/BA_Texture_Map_SE.mat
  artifactKey: Guid(5f01895f1ecb58445b3aa62be24d6bca) Importer(2089858483,0ecaa5967403d082aa24f35e1b516d23)
Start importing Assets/Brick Project Studio/_BPS Basic Assets/Common/Materials/Basic Assets/BA_Texture_Map_SE.mat using Guid(5f01895f1ecb58445b3aa62be24d6bca) Importer(2089858483,0ecaa5967403d082aa24f35e1b516d23) [PhysX] Initialized MultithreadedTaskDispatcher with 24 workers.
 -> (artifact id: '8a5dcda7b91537eb00d0dea2287dbe7a') in 0.015117 seconds
Number of updated asset objects reloaded before import = 0
Number of asset objects unloaded after import = 2
========================================================================
Received Import Request.
  Time since last request: 0.000016 seconds.
  path: Assets/Brick Project Studio/_BPS Basic Assets/Common/Materials/Basic Assets/BA_Mirror.mat
  artifactKey: Guid(97cb562e985012a4f8db1dfe9f95115b) Importer(2089858483,0ecaa5967403d082aa24f35e1b516d23)
Start importing Assets/Brick Project Studio/_BPS Basic Assets/Common/Materials/Basic Assets/BA_Mirror.mat using Guid(97cb562e985012a4f8db1dfe9f95115b) Importer(2089858483,0ecaa5967403d082aa24f35e1b516d23) [PhysX] Initialized MultithreadedTaskDispatcher with 24 workers.
 -> (artifact id: 'ea4d6b93960e88d0ab18db17f7d793d9') in 0.011621 seconds
Number of updated asset objects reloaded before import = 0
Number of asset objects unloaded after import = 1
========================================================================
Received Import Request.
  Time since last request: 0.000015 seconds.
  path: Assets/Brick Project Studio/_BPS Basic Assets/Common/Materials/Restroom/RR_SoapLabel.mat
  artifactKey: Guid(66fe060a1655b474b9ce1641bbf19f9d) Importer(2089858483,0ecaa5967403d082aa24f35e1b516d23)
Start importing Assets/Brick Project Studio/_BPS Basic Assets/Common/Materials/Restroom/RR_SoapLabel.mat using Guid(66fe060a1655b474b9ce1641bbf19f9d) Importer(2089858483,0ecaa5967403d082aa24f35e1b516d23) [PhysX] Initialized MultithreadedTaskDispatcher with 24 workers.
 -> (artifact id: 'e78d9e2c0ff5d20b55975dc921b0f59c') in 0.014165 seconds
Number of updated asset objects reloaded before import = 0
Number of asset objects unloaded after import = 2
========================================================================
Received Import Request.
  Time since last request: 0.000017 seconds.
  path: Assets/Brick Project Studio/_BPS Basic Assets/Common/Materials/Basic Assets/Int_BS_01.mat
  artifactKey: Guid(f03383d98b6709647991c50d409cf0af) Importer(2089858483,0ecaa5967403d082aa24f35e1b516d23)
Start importing Assets/Brick Project Studio/_BPS Basic Assets/Common/Materials/Basic Assets/Int_BS_01.mat using Guid(f03383d98b6709647991c50d409cf0af) Importer(2089858483,0ecaa5967403d082aa24f35e1b516d23) [PhysX] Initialized MultithreadedTaskDispatcher with 24 workers.
 -> (artifact id: '5bae6bda721f189e24c6f01dff0f06cd') in 0.036137 seconds
Number of updated asset objects reloaded before import = 0
Number of asset objects unloaded after import = 2
========================================================================
Received Import Request.
  Time since last request: 0.000016 seconds.
  path: Assets/Brick Project Studio/_BPS Basic Assets/Common/Materials/Basic Assets/BA_Plastic_01.mat
  artifactKey: Guid(255352a35d6d72c4e8ee50bc826f7495) Importer(2089858483,0ecaa5967403d082aa24f35e1b516d23)
Start importing Assets/Brick Project Studio/_BPS Basic Assets/Common/Materials/Basic Assets/BA_Plastic_01.mat using Guid(255352a35d6d72c4e8ee50bc826f7495) Importer(2089858483,0ecaa5967403d082aa24f35e1b516d23) [PhysX] Initialized MultithreadedTaskDispatcher with 24 workers.
 -> (artifact id: 'a8f91ec2e0089b9c901fb2b8bce704ac') in 0.016440 seconds
Number of updated asset objects reloaded before import = 0
Number of asset objects unloaded after import = 3
========================================================================
Received Import Request.
  Time since last request: 0.000016 seconds.
  path: Assets/Brick Project Studio/_BPS Basic Assets/Common/Models/Build Kits/Build Kit Exterior.fbx
  artifactKey: Guid(1e4c9d0deb3bcc144ae6e91318e143a7) Importer(2089858483,0ecaa5967403d082aa24f35e1b516d23)
Start importing Assets/Brick Project Studio/_BPS Basic Assets/Common/Models/Build Kits/Build Kit Exterior.fbx using Guid(1e4c9d0deb3bcc144ae6e91318e143a7) Importer(2089858483,0ecaa5967403d082aa24f35e1b516d23) [PhysX] Initialized MultithreadedTaskDispatcher with 24 workers.
 -> (artifact id: '288ed6557bc7e9aea31a6e498d740b14') in 0.026343 seconds
Number of updated asset objects reloaded before import = 0
Number of asset objects unloaded after import = 50
========================================================================
Received Import Request.
  Time since last request: 0.000017 seconds.
  path: Assets/Brick Project Studio/_BPS Basic Assets/Common/Scripts and Animations/Doors/ClosingStall.anim
  artifactKey: Guid(20fe8cd024d7f294c950a53922a488d0) Importer(2089858483,0ecaa5967403d082aa24f35e1b516d23)
Start importing Assets/Brick Project Studio/_BPS Basic Assets/Common/Scripts and Animations/Doors/ClosingStall.anim using Guid(20fe8cd024d7f294c950a53922a488d0) Importer(2089858483,0ecaa5967403d082aa24f35e1b516d23) [PhysX] Initialized MultithreadedTaskDispatcher with 24 workers.
 -> (artifact id: '656d32316bd763d25b56c5fd709fcab2') in 0.021942 seconds
Number of updated asset objects reloaded before import = 0
Number of asset objects unloaded after import = 1
========================================================================
Received Import Request.
  Time since last request: 0.000016 seconds.
  path: Assets/Brick Project Studio/_BPS Basic Assets/Common/Scripts and Animations/Doors/opencloseStallDoor.controller
  artifactKey: Guid(aacf91c6e9f72a049aaef98d6d5f3393) Importer(2089858483,0ecaa5967403d082aa24f35e1b516d23)
Start importing Assets/Brick Project Studio/_BPS Basic Assets/Common/Scripts and Animations/Doors/opencloseStallDoor.controller using Guid(aacf91c6e9f72a049aaef98d6d5f3393) Importer(2089858483,0ecaa5967403d082aa24f35e1b516d23) [PhysX] Initialized MultithreadedTaskDispatcher with 24 workers.
 -> (artifact id: '86c7e37a233cced1aafca3e01bd59d6d') in 0.029500 seconds
Number of updated asset objects reloaded before import = 0
Number of asset objects unloaded after import = 7
========================================================================
Received Import Request.
  Time since last request: 0.000026 seconds.
  path: Assets/Brick Project Studio/_BPS Basic Assets/Common/Models/Build Kits/Build Kit Interior - 01.fbx
  artifactKey: Guid(8537129dc3fbbe44186add4eea186b85) Importer(2089858483,0ecaa5967403d082aa24f35e1b516d23)
Start importing Assets/Brick Project Studio/_BPS Basic Assets/Common/Models/Build Kits/Build Kit Interior - 01.fbx using Guid(8537129dc3fbbe44186add4eea186b85) Importer(2089858483,0ecaa5967403d082aa24f35e1b516d23) [PhysX] Initialized MultithreadedTaskDispatcher with 24 workers.
 -> (artifact id: 'bd689831a49e8273aa79c136b521a7b7') in 0.028358 seconds
Number of updated asset objects reloaded before import = 0
Number of asset objects unloaded after import = 75
========================================================================
Received Import Request.
  Time since last request: 0.000024 seconds.
  path: Assets/Brick Project Studio/_BPS Basic Assets/Common/Materials/Basic Assets/BA_Metal_Gold_01.mat
  artifactKey: Guid(e000cf84e00aa6f4aac76474f809a621) Importer(2089858483,0ecaa5967403d082aa24f35e1b516d23)
Start importing Assets/Brick Project Studio/_BPS Basic Assets/Common/Materials/Basic Assets/BA_Metal_Gold_01.mat using Guid(e000cf84e00aa6f4aac76474f809a621) Importer(2089858483,0ecaa5967403d082aa24f35e1b516d23) [PhysX] Initialized MultithreadedTaskDispatcher with 24 workers.
 -> (artifact id: '0c89b6a6e4ba9f3f4d9592322e89e7e4') in 0.014543 seconds
Number of updated asset objects reloaded before import = 0
Number of asset objects unloaded after import = 2
========================================================================
Received Import Request.
  Time since last request: 0.000015 seconds.
  path: Assets/Brick Project Studio/_BPS Basic Assets/Common/Materials/Basic Assets/BA_Marble_01.mat
  artifactKey: Guid(cb77271ecd71cbd4599aa533ebf5cc1e) Importer(2089858483,0ecaa5967403d082aa24f35e1b516d23)
Start importing Assets/Brick Project Studio/_BPS Basic Assets/Common/Materials/Basic Assets/BA_Marble_01.mat using Guid(cb77271ecd71cbd4599aa533ebf5cc1e) Importer(2089858483,0ecaa5967403d082aa24f35e1b516d23) [PhysX] Initialized MultithreadedTaskDispatcher with 24 workers.
 -> (artifact id: '878522a722df2d05e46dd76cda72b266') in 0.010570 seconds
Number of updated asset objects reloaded before import = 0
Number of asset objects unloaded after import = 2
========================================================================
Received Import Request.
  Time since last request: 0.000068 seconds.
  path: Assets/Brick Project Studio/_BPS Basic Assets/Common/Materials/Legacy/Gold.mat
  artifactKey: Guid(e767d86cbf3099a478162f1692b1edf3) Importer(2089858483,0ecaa5967403d082aa24f35e1b516d23)
Start importing Assets/Brick Project Studio/_BPS Basic Assets/Common/Materials/Legacy/Gold.mat using Guid(e767d86cbf3099a478162f1692b1edf3) Importer(2089858483,0ecaa5967403d082aa24f35e1b516d23) [PhysX] Initialized MultithreadedTaskDispatcher with 24 workers.
 -> (artifact id: '552e66db7d6a60572dc0ba4f04380c84') in 0.020239 seconds
Number of updated asset objects reloaded before import = 0
Number of asset objects unloaded after import = 1
========================================================================
Received Import Request.
  Time since last request: 0.000015 seconds.
  path: Assets/Brick Project Studio/_BPS Basic Assets/Common/Scripts and Animations/Doors/openandclose1.controller
  artifactKey: Guid(a78403c5152a9024b9029ea9f39b3592) Importer(2089858483,0ecaa5967403d082aa24f35e1b516d23)
Start importing Assets/Brick Project Studio/_BPS Basic Assets/Common/Scripts and Animations/Doors/openandclose1.controller using Guid(a78403c5152a9024b9029ea9f39b3592) Importer(2089858483,0ecaa5967403d082aa24f35e1b516d23) [PhysX] Initialized MultithreadedTaskDispatcher with 24 workers.
 -> (artifact id: '695cda5226fb899d308bc9093c55438a') in 0.009771 seconds
Number of updated asset objects reloaded before import = 0
Number of asset objects unloaded after import = 8
========================================================================
Received Import Request.
  Time since last request: 0.000019 seconds.
  path: Assets/Brick Project Studio/_BPS Basic Assets/Common/Models/Build Kits/Build Kit Exterior_03.fbx
  artifactKey: Guid(39d59b6b89252814494c963f97ed892f) Importer(2089858483,0ecaa5967403d082aa24f35e1b516d23)
Start importing Assets/Brick Project Studio/_BPS Basic Assets/Common/Models/Build Kits/Build Kit Exterior_03.fbx using Guid(39d59b6b89252814494c963f97ed892f) Importer(2089858483,0ecaa5967403d082aa24f35e1b516d23) [PhysX] Initialized MultithreadedTaskDispatcher with 24 workers.
 -> (artifact id: 'f3154a5be58e6082dc4be30abfba1d26') in 0.021271 seconds
Number of updated asset objects reloaded before import = 0
Number of asset objects unloaded after import = 19
========================================================================
Received Import Request.
  Time since last request: 0.000022 seconds.
  path: Assets/Brick Project Studio/_BPS Basic Assets/Common/Materials/Basic Assets/BA_Metal_Brushed_01.mat
  artifactKey: Guid(fe522d7b1289c4345b686fc29ee51adf) Importer(2089858483,0ecaa5967403d082aa24f35e1b516d23)
Start importing Assets/Brick Project Studio/_BPS Basic Assets/Common/Materials/Basic Assets/BA_Metal_Brushed_01.mat using Guid(fe522d7b1289c4345b686fc29ee51adf) Importer(2089858483,0ecaa5967403d082aa24f35e1b516d23) [PhysX] Initialized MultithreadedTaskDispatcher with 24 workers.
 -> (artifact id: 'c1bdccb527ff9a890a747f6e0ca2f021') in 0.014046 seconds
Number of updated asset objects reloaded before import = 0
Number of asset objects unloaded after import = 3
========================================================================
Received Import Request.
  Time since last request: 0.000014 seconds.
  path: Assets/Brick Project Studio/_BPS Basic Assets/Common/Materials/Legacy/Antique.mat
  artifactKey: Guid(4a3c4e9ae9b122e449659fdb803fb1dc) Importer(2089858483,0ecaa5967403d082aa24f35e1b516d23)
Start importing Assets/Brick Project Studio/_BPS Basic Assets/Common/Materials/Legacy/Antique.mat using Guid(4a3c4e9ae9b122e449659fdb803fb1dc) Importer(2089858483,0ecaa5967403d082aa24f35e1b516d23) [PhysX] Initialized MultithreadedTaskDispatcher with 24 workers.
 -> (artifact id: 'a2be6e5a236e3d0321ba43f79b2b650d') in 0.023967 seconds
Number of updated asset objects reloaded before import = 0
Number of asset objects unloaded after import = 1
========================================================================
Received Import Request.
  Time since last request: 0.000015 seconds.
  path: Assets/Brick Project Studio/_BPS Basic Assets/Common/Materials/Basic Assets/BA_Metal_Chrome_01.mat
  artifactKey: Guid(701dd7c589db913439e88caa8d11b7fb) Importer(2089858483,0ecaa5967403d082aa24f35e1b516d23)
Start importing Assets/Brick Project Studio/_BPS Basic Assets/Common/Materials/Basic Assets/BA_Metal_Chrome_01.mat using Guid(701dd7c589db913439e88caa8d11b7fb) Importer(2089858483,0ecaa5967403d082aa24f35e1b516d23) [PhysX] Initialized MultithreadedTaskDispatcher with 24 workers.
 -> (artifact id: 'eacad5c8c0b443ba7c038dd79c5e5c91') in 0.014241 seconds
Number of updated asset objects reloaded before import = 0
Number of asset objects unloaded after import = 2
========================================================================
Received Import Request.
  Time since last request: 0.000018 seconds.
  path: Assets/Brick Project Studio/_BPS Basic Assets/Common/Materials/Legacy/Brick 02.mat
  artifactKey: Guid(3d1a06be464c4f34a858b507405a7bb5) Importer(2089858483,0ecaa5967403d082aa24f35e1b516d23)
Start importing Assets/Brick Project Studio/_BPS Basic Assets/Common/Materials/Legacy/Brick 02.mat using Guid(3d1a06be464c4f34a858b507405a7bb5) Importer(2089858483,0ecaa5967403d082aa24f35e1b516d23) [PhysX] Initialized MultithreadedTaskDispatcher with 24 workers.
 -> (artifact id: '613cb72691d2b21120ac6a4e12e22f76') in 0.034342 seconds
Number of updated asset objects reloaded before import = 0
Number of asset objects unloaded after import = 4
========================================================================
Received Import Request.
  Time since last request: 0.000019 seconds.
  path: Assets/Brick Project Studio/_BPS Basic Assets/Common/Scripts and Animations/Doors/Closing 1.anim
  artifactKey: Guid(3ba90786818c61749b6ba3df30d6c117) Importer(2089858483,0ecaa5967403d082aa24f35e1b516d23)
Start importing Assets/Brick Project Studio/_BPS Basic Assets/Common/Scripts and Animations/Doors/Closing 1.anim using Guid(3ba90786818c61749b6ba3df30d6c117) Importer(2089858483,0ecaa5967403d082aa24f35e1b516d23) [PhysX] Initialized MultithreadedTaskDispatcher with 24 workers.
 -> (artifact id: 'ff7559b8ab33d2580b0372b17865bced') in 0.015093 seconds
Number of updated asset objects reloaded before import = 0
Number of asset objects unloaded after import = 1
========================================================================
Received Import Request.
  Time since last request: 0.000027 seconds.
  path: Assets/Brick Project Studio/_BPS Basic Assets/Common/Models/Legacy/office chair.fbx
  artifactKey: Guid(0156872a951ba6e44a3a8596040789c9) Importer(2089858483,0ecaa5967403d082aa24f35e1b516d23)
Start importing Assets/Brick Project Studio/_BPS Basic Assets/Common/Models/Legacy/office chair.fbx using Guid(0156872a951ba6e44a3a8596040789c9) Importer(2089858483,0ecaa5967403d082aa24f35e1b516d23) [PhysX] Initialized MultithreadedTaskDispatcher with 24 workers.
 -> (artifact id: '75bfadd4c80583b85b8d573d35a58813') in 0.026431 seconds
Number of updated asset objects reloaded before import = 0
Number of asset objects unloaded after import = 48
========================================================================
Received Import Request.
  Time since last request: 0.000016 seconds.
  path: Assets/Brick Project Studio/_BPS Basic Assets/Common/Materials/Fire/Fire_Add_01.mat
  artifactKey: Guid(4791bf36c2e577a4a9e789b580579636) Importer(2089858483,0ecaa5967403d082aa24f35e1b516d23)
Start importing Assets/Brick Project Studio/_BPS Basic Assets/Common/Materials/Fire/Fire_Add_01.mat using Guid(4791bf36c2e577a4a9e789b580579636) Importer(2089858483,0ecaa5967403d082aa24f35e1b516d23) [PhysX] Initialized MultithreadedTaskDispatcher with 24 workers.
 -> (artifact id: '8a4ce16ac9913f04e4423bfb8f3f56d9') in 0.037012 seconds
Number of updated asset objects reloaded before import = 0
Number of asset objects unloaded after import = 2
========================================================================
Received Import Request.
  Time since last request: 0.000028 seconds.
  path: Assets/Brick Project Studio/_BPS Basic Assets/Common/Models/Build Kits/Build Kit Doors_01.fbx
  artifactKey: Guid(cb07ca870cf1d5444b85ea4e3ee49a58) Importer(2089858483,0ecaa5967403d082aa24f35e1b516d23)
Start importing Assets/Brick Project Studio/_BPS Basic Assets/Common/Models/Build Kits/Build Kit Doors_01.fbx using Guid(cb07ca870cf1d5444b85ea4e3ee49a58) Importer(2089858483,0ecaa5967403d082aa24f35e1b516d23) [PhysX] Initialized MultithreadedTaskDispatcher with 24 workers.
 -> (artifact id: '7745a42c794349c1a710ed8b232f29a0') in 0.021355 seconds
Number of updated asset objects reloaded before import = 0
Number of asset objects unloaded after import = 44
========================================================================
Received Import Request.
  Time since last request: 0.000015 seconds.
  path: Assets/Brick Project Studio/_BPS Basic Assets/Common/Models/Build Kits/Build Kit BA_01.fbx
  artifactKey: Guid(65c4e0d1191656a43a436373673c91f7) Importer(2089858483,0ecaa5967403d082aa24f35e1b516d23)
Start importing Assets/Brick Project Studio/_BPS Basic Assets/Common/Models/Build Kits/Build Kit BA_01.fbx using Guid(65c4e0d1191656a43a436373673c91f7) Importer(2089858483,0ecaa5967403d082aa24f35e1b516d23) [PhysX] Initialized MultithreadedTaskDispatcher with 24 workers.
 -> (artifact id: '644d0d0c012ff7bd315b4cf009e39b67') in 0.026576 seconds
Number of updated asset objects reloaded before import = 0
Number of asset objects unloaded after import = 65
========================================================================
Received Import Request.
  Time since last request: 0.000017 seconds.
  path: Assets/Brick Project Studio/_BPS Basic Assets/Common/Scripts and Animations/Windows/Closingwindow.anim
  artifactKey: Guid(7f8076bce6c4fc64dbaab62c05311db1) Importer(2089858483,0ecaa5967403d082aa24f35e1b516d23)
Start importing Assets/Brick Project Studio/_BPS Basic Assets/Common/Scripts and Animations/Windows/Closingwindow.anim using Guid(7f8076bce6c4fc64dbaab62c05311db1) Importer(2089858483,0ecaa5967403d082aa24f35e1b516d23) [PhysX] Initialized MultithreadedTaskDispatcher with 24 workers.
 -> (artifact id: '510b1658f6a73408ae0f4d19f47348ec') in 0.029997 seconds
Number of updated asset objects reloaded before import = 0
Number of asset objects unloaded after import = 1
========================================================================
Received Import Request.
  Time since last request: 0.000019 seconds.
  path: Assets/Brick Project Studio/_BPS Basic Assets/Common/Scripts and Animations/Windows/opencloseWindow.cs
  artifactKey: Guid(817d7f89b6e10ed4d804fa09670bf2ea) Importer(2089858483,0ecaa5967403d082aa24f35e1b516d23)
Start importing Assets/Brick Project Studio/_BPS Basic Assets/Common/Scripts and Animations/Windows/opencloseWindow.cs using Guid(817d7f89b6e10ed4d804fa09670bf2ea) Importer(2089858483,0ecaa5967403d082aa24f35e1b516d23) [PhysX] Initialized MultithreadedTaskDispatcher with 24 workers.
 -> (artifact id: 'c33810b3ec84151142b2fa2cbc2a760c') in 0.013800 seconds
Number of updated asset objects reloaded before import = 0
Number of asset objects unloaded after import = 1
========================================================================
Received Import Request.
  Time since last request: 0.000021 seconds.
  path: Assets/Brick Project Studio/_BPS Basic Assets/Common/Textures/Basic Asset/BA_knob and key_A.png
  artifactKey: Guid(7a68073835939764bbb1c74b48466e00) Importer(2089858483,0ecaa5967403d082aa24f35e1b516d23)
Start importing Assets/Brick Project Studio/_BPS Basic Assets/Common/Textures/Basic Asset/BA_knob and key_A.png using Guid(7a68073835939764bbb1c74b48466e00) Importer(2089858483,0ecaa5967403d082aa24f35e1b516d23) [PhysX] Initialized MultithreadedTaskDispatcher with 24 workers.
 -> (artifact id: 'ec2c30c44b28e982658894bb906c5db8') in 0.017888 seconds
Number of updated asset objects reloaded before import = 0
Number of asset objects unloaded after import = 1
========================================================================
Received Import Request.
  Time since last request: 0.000018 seconds.
  path: Assets/Brick Project Studio/_BPS Basic Assets/Common/Textures/Basic Asset/BA_Metal_Brushed_01_A.png
  artifactKey: Guid(5f5dd08795363b04f8b9c1c6f2ca0ade) Importer(2089858483,0ecaa5967403d082aa24f35e1b516d23)
Start importing Assets/Brick Project Studio/_BPS Basic Assets/Common/Textures/Basic Asset/BA_Metal_Brushed_01_A.png using Guid(5f5dd08795363b04f8b9c1c6f2ca0ade) Importer(2089858483,0ecaa5967403d082aa24f35e1b516d23) [PhysX] Initialized MultithreadedTaskDispatcher with 24 workers.
 -> (artifact id: 'fccd6e18608a8b91fa18f854f61e3ac5') in 0.017167 seconds
Number of updated asset objects reloaded before import = 0
Number of asset objects unloaded after import = 1
========================================================================
Received Import Request.
  Time since last request: 0.000018 seconds.
  path: Assets/Brick Project Studio/_BPS Basic Assets/Common/Materials/Fire/Fire_Alpha_02.mat
  artifactKey: Guid(fafce5ad41639d14d9cfadc181485ec9) Importer(2089858483,0ecaa5967403d082aa24f35e1b516d23)
Start importing Assets/Brick Project Studio/_BPS Basic Assets/Common/Materials/Fire/Fire_Alpha_02.mat using Guid(fafce5ad41639d14d9cfadc181485ec9) Importer(2089858483,0ecaa5967403d082aa24f35e1b516d23) [PhysX] Initialized MultithreadedTaskDispatcher with 24 workers.
 -> (artifact id: '9522a3e21c0a56b41e71e9d64e9bf952') in 0.015432 seconds
Number of updated asset objects reloaded before import = 0
Number of asset objects unloaded after import = 2
========================================================================
Received Import Request.
  Time since last request: 0.000019 seconds.
  path: Assets/Brick Project Studio/_BPS Basic Assets/Common/Scripts and Animations/Doors/openandclose.controller
  artifactKey: Guid(099e6cc38da8ff74bb68d0bf29e24642) Importer(2089858483,0ecaa5967403d082aa24f35e1b516d23)
Start importing Assets/Brick Project Studio/_BPS Basic Assets/Common/Scripts and Animations/Doors/openandclose.controller using Guid(099e6cc38da8ff74bb68d0bf29e24642) Importer(2089858483,0ecaa5967403d082aa24f35e1b516d23) [PhysX] Initialized MultithreadedTaskDispatcher with 24 workers.
 -> (artifact id: 'c8b2059e7adc857e4d0aac3db7a47f88') in 0.020807 seconds
Number of updated asset objects reloaded before import = 0
Number of asset objects unloaded after import = 7
========================================================================
Received Import Request.
  Time since last request: 0.000017 seconds.
  path: Assets/Brick Project Studio/_BPS Basic Assets/Common/Textures/Basic Asset/BA_Plastic_01_A.png
  artifactKey: Guid(8ebf406575461064c88f9fbcb05d1c31) Importer(2089858483,0ecaa5967403d082aa24f35e1b516d23)
Start importing Assets/Brick Project Studio/_BPS Basic Assets/Common/Textures/Basic Asset/BA_Plastic_01_A.png using Guid(8ebf406575461064c88f9fbcb05d1c31) Importer(2089858483,0ecaa5967403d082aa24f35e1b516d23) [PhysX] Initialized MultithreadedTaskDispatcher with 24 workers.
 -> (artifact id: 'd25bb4cdeff0854b030b7a4334c8ab41') in 0.027944 seconds
Number of updated asset objects reloaded before import = 0
Number of asset objects unloaded after import = 1
========================================================================
Received Import Request.
  Time since last request: 0.000021 seconds.
  path: Assets/Brick Project Studio/_BPS Basic Assets/Common/Textures/Restroom/Int_RR__01_N.png
  artifactKey: Guid(df7b051b811e35a44b4b1b1ec58ca8cb) Importer(2089858483,0ecaa5967403d082aa24f35e1b516d23)
Start importing Assets/Brick Project Studio/_BPS Basic Assets/Common/Textures/Restroom/Int_RR__01_N.png using Guid(df7b051b811e35a44b4b1b1ec58ca8cb) Importer(2089858483,0ecaa5967403d082aa24f35e1b516d23) [PhysX] Initialized MultithreadedTaskDispatcher with 24 workers.
 -> (artifact id: 'e9fdaa0903d7d2cb38bce567d7d5ca87') in 0.036042 seconds
Number of updated asset objects reloaded before import = 0
Number of asset objects unloaded after import = 1
========================================================================
Received Import Request.
  Time since last request: 0.000084 seconds.
  path: Assets/Brick Project Studio/Fast Food Restaurant Kit/_Prefabs/Props/Lamps/FFK_Lamp_Ceiling_02_01.prefab
  artifactKey: Guid(286146f4a0d184142a2f4d6ca546a9c8) Importer(2089858483,0ecaa5967403d082aa24f35e1b516d23)
Start importing Assets/Brick Project Studio/Fast Food Restaurant Kit/_Prefabs/Props/Lamps/FFK_Lamp_Ceiling_02_01.prefab using Guid(286146f4a0d184142a2f4d6ca546a9c8) Importer(2089858483,0ecaa5967403d082aa24f35e1b516d23) [PhysX] Initialized MultithreadedTaskDispatcher with 24 workers.
 -> (artifact id: '07e19bb53c9a37f580b0d9d34685290e') in 0.037232 seconds
Number of updated asset objects reloaded before import = 0
Number of asset objects unloaded after import = 18
========================================================================
Received Import Request.
  Time since last request: 0.000017 seconds.
  path: Assets/Brick Project Studio/_BPS Basic Assets/_Prefabs/Legacy/Buliding FloorPlane.prefab
  artifactKey: Guid(fc813e1d3f19bfc449ee6e7a5d8e579a) Importer(2089858483,0ecaa5967403d082aa24f35e1b516d23)
Start importing Assets/Brick Project Studio/_BPS Basic Assets/_Prefabs/Legacy/Buliding FloorPlane.prefab using Guid(fc813e1d3f19bfc449ee6e7a5d8e579a) Importer(2089858483,0ecaa5967403d082aa24f35e1b516d23) [PhysX] Initialized MultithreadedTaskDispatcher with 24 workers.
 -> (artifact id: '0277d8f0b1c977789579601d86b68c2d') in 0.069213 seconds
Number of updated asset objects reloaded before import = 0
Number of asset objects unloaded after import = 7
========================================================================
Received Import Request.
  Time since last request: 0.000018 seconds.
  path: Assets/Brick Project Studio/_BPS Basic Assets/Common/Textures/Legacy/Concrete-bump.png
  artifactKey: Guid(6f12722191c711042a077c553e272e01) Importer(2089858483,0ecaa5967403d082aa24f35e1b516d23)
Start importing Assets/Brick Project Studio/_BPS Basic Assets/Common/Textures/Legacy/Concrete-bump.png using Guid(6f12722191c711042a077c553e272e01) Importer(2089858483,0ecaa5967403d082aa24f35e1b516d23) [PhysX] Initialized MultithreadedTaskDispatcher with 24 workers.
 -> (artifact id: 'c3908cba5a9b19a2db42b8d3693a3f62') in 0.028573 seconds
Number of updated asset objects reloaded before import = 0
Number of asset objects unloaded after import = 1
========================================================================
Received Import Request.
  Time since last request: 0.000036 seconds.
  path: Assets/Brick Project Studio/Fast Food Restaurant Kit/Common/Textures/FFK_LampGrate_A.png
  artifactKey: Guid(bbc6cc84fb4d95241a9a136ddc2eeb93) Importer(2089858483,0ecaa5967403d082aa24f35e1b516d23)
Start importing Assets/Brick Project Studio/Fast Food Restaurant Kit/Common/Textures/FFK_LampGrate_A.png using Guid(bbc6cc84fb4d95241a9a136ddc2eeb93) Importer(2089858483,0ecaa5967403d082aa24f35e1b516d23) [PhysX] Initialized MultithreadedTaskDispatcher with 24 workers.
 -> (artifact id: '2637bad12d0ece0fb824b4891755da92') in 0.043705 seconds
Number of updated asset objects reloaded before import = 0
Number of asset objects unloaded after import = 1
========================================================================
Received Import Request.
  Time since last request: 0.000017 seconds.
  path: Assets/Brick Project Studio/_BPS Basic Assets/Common/Textures/Legacy/Building Floor Tile - 01 - normal.png
  artifactKey: Guid(c3da4c855c1bfff4f9690290628f7f11) Importer(2089858483,0ecaa5967403d082aa24f35e1b516d23)
Start importing Assets/Brick Project Studio/_BPS Basic Assets/Common/Textures/Legacy/Building Floor Tile - 01 - normal.png using Guid(c3da4c855c1bfff4f9690290628f7f11) Importer(2089858483,0ecaa5967403d082aa24f35e1b516d23) [PhysX] Initialized MultithreadedTaskDispatcher with 24 workers.
 -> (artifact id: 'cbc7ab3b2fea46733857254496168dcf') in 0.030711 seconds
Number of updated asset objects reloaded before import = 0
Number of asset objects unloaded after import = 1
========================================================================
Received Import Request.
  Time since last request: 0.000022 seconds.
  path: Assets/Brick Project Studio/_BPS Basic Assets/_Prefabs/Legacy/Base Scene.prefab
  artifactKey: Guid(6b5e9772e973b514993c495d4471494c) Importer(2089858483,0ecaa5967403d082aa24f35e1b516d23)
Start importing Assets/Brick Project Studio/_BPS Basic Assets/_Prefabs/Legacy/Base Scene.prefab using Guid(6b5e9772e973b514993c495d4471494c) Importer(2089858483,0ecaa5967403d082aa24f35e1b516d23) [PhysX] Initialized MultithreadedTaskDispatcher with 24 workers.
 -> (artifact id: '1adad1d014caec9fa1dd2245f2798c9b') in 0.047487 seconds
Number of updated asset objects reloaded before import = 0
Number of asset objects unloaded after import = 42
========================================================================
Received Import Request.
  Time since last request: 0.000034 seconds.
  path: Assets/Brick Project Studio/_BPS Basic Assets/Common/Scripts and Animations/Windows/Openingwindow 1.anim
  artifactKey: Guid(2c99a5e23d89e6d4f9019650e3b3776a) Importer(2089858483,0ecaa5967403d082aa24f35e1b516d23)
Start importing Assets/Brick Project Studio/_BPS Basic Assets/Common/Scripts and Animations/Windows/Openingwindow 1.anim using Guid(2c99a5e23d89e6d4f9019650e3b3776a) Importer(2089858483,0ecaa5967403d082aa24f35e1b516d23) [PhysX] Initialized MultithreadedTaskDispatcher with 24 workers.
 -> (artifact id: '80aa0bee1f2315d5407983c26582fe49') in 0.049488 seconds
Number of updated asset objects reloaded before import = 0
Number of asset objects unloaded after import = 1
========================================================================
Received Import Request.
  Time since last request: 0.000018 seconds.
  path: Assets/Brick Project Studio/_BPS Basic Assets/_Prefabs/Basic Asset/BA Build Kit/Exterior/Ext_BA_Roof_01.prefab
  artifactKey: Guid(75c16d4794f25e84ea8d82ee45dd1937) Importer(2089858483,0ecaa5967403d082aa24f35e1b516d23)
Start importing Assets/Brick Project Studio/_BPS Basic Assets/_Prefabs/Basic Asset/BA Build Kit/Exterior/Ext_BA_Roof_01.prefab using Guid(75c16d4794f25e84ea8d82ee45dd1937) Importer(2089858483,0ecaa5967403d082aa24f35e1b516d23) [PhysX] Initialized MultithreadedTaskDispatcher with 24 workers.
 -> (artifact id: 'fb7b56362e5d7e4586036268b2bc9de8') in 0.019250 seconds
Number of updated asset objects reloaded before import = 0
Number of asset objects unloaded after import = 8
========================================================================
Received Import Request.
  Time since last request: 0.000016 seconds.
  path: Assets/Brick Project Studio/_BPS Basic Assets/_Prefabs/Restroom/Fixtures/RR_UrinalDivider_01.prefab
  artifactKey: Guid(2af99c6a575291740aa769a08c524aa6) Importer(2089858483,0ecaa5967403d082aa24f35e1b516d23)
Start importing Assets/Brick Project Studio/_BPS Basic Assets/_Prefabs/Restroom/Fixtures/RR_UrinalDivider_01.prefab using Guid(2af99c6a575291740aa769a08c524aa6) Importer(2089858483,0ecaa5967403d082aa24f35e1b516d23) [PhysX] Initialized MultithreadedTaskDispatcher with 24 workers.
 -> (artifact id: 'be692e0bfcd8a045f95514735bf95c3e') in 0.024055 seconds
Number of updated asset objects reloaded before import = 0
Number of asset objects unloaded after import = 13
========================================================================
Received Import Request.
  Time since last request: 0.000013 seconds.
  path: Assets/Brick Project Studio/_BPS Basic Assets/Common/Scripts and Animations/Drawer/X Axis/openpull_01.anim
  artifactKey: Guid(fe28aa381f926cb479632188f023be93) Importer(2089858483,0ecaa5967403d082aa24f35e1b516d23)
Start importing Assets/Brick Project Studio/_BPS Basic Assets/Common/Scripts and Animations/Drawer/X Axis/openpull_01.anim using Guid(fe28aa381f926cb479632188f023be93) Importer(2089858483,0ecaa5967403d082aa24f35e1b516d23) [PhysX] Initialized MultithreadedTaskDispatcher with 24 workers.
 -> (artifact id: '8fd15b98915081b138f5da7dae60d6d9') in 0.020970 seconds
Number of updated asset objects reloaded before import = 0
Number of asset objects unloaded after import = 1
========================================================================
Received Import Request.
  Time since last request: 0.000019 seconds.
  path: Assets/Brick Project Studio/_BPS Basic Assets/Common/Scripts and Animations/Drawer/X Axis/Drawer_Pull_X.cs
  artifactKey: Guid(e0d5557a01f4e0740bd53d6ed2ab7327) Importer(2089858483,0ecaa5967403d082aa24f35e1b516d23)
Start importing Assets/Brick Project Studio/_BPS Basic Assets/Common/Scripts and Animations/Drawer/X Axis/Drawer_Pull_X.cs using Guid(e0d5557a01f4e0740bd53d6ed2ab7327) Importer(2089858483,0ecaa5967403d082aa24f35e1b516d23) [PhysX] Initialized MultithreadedTaskDispatcher with 24 workers.
 -> (artifact id: 'f0216ab24fd2d83679ed6d437acd7bf1') in 0.018385 seconds
Number of updated asset objects reloaded before import = 0
Number of asset objects unloaded after import = 1
========================================================================
Received Import Request.
  Time since last request: 0.000019 seconds.
  path: Assets/Brick Project Studio/_BPS Basic Assets/_Prefabs/Basic Asset/BA Build Kit/Exterior/Ext_BA_Roof_02.prefab
  artifactKey: Guid(dd6658866c1c65a4aa4a6c6e8e34e4f5) Importer(2089858483,0ecaa5967403d082aa24f35e1b516d23)
Start importing Assets/Brick Project Studio/_BPS Basic Assets/_Prefabs/Basic Asset/BA Build Kit/Exterior/Ext_BA_Roof_02.prefab using Guid(dd6658866c1c65a4aa4a6c6e8e34e4f5) Importer(2089858483,0ecaa5967403d082aa24f35e1b516d23) [PhysX] Initialized MultithreadedTaskDispatcher with 24 workers.
 -> (artifact id: '4234315ff4827fd56fec498006c784d3') in 0.022649 seconds
Number of updated asset objects reloaded before import = 0
Number of asset objects unloaded after import = 8
========================================================================
Received Import Request.
  Time since last request: 0.000016 seconds.
  path: Assets/Brick Project Studio/_BPS Basic Assets/Common/Textures/Legacy/Brick 02 bump.png
  artifactKey: Guid(fa098cd5940b5aa4b90a84b905f80d18) Importer(2089858483,0ecaa5967403d082aa24f35e1b516d23)
Start importing Assets/Brick Project Studio/_BPS Basic Assets/Common/Textures/Legacy/Brick 02 bump.png using Guid(fa098cd5940b5aa4b90a84b905f80d18) Importer(2089858483,0ecaa5967403d082aa24f35e1b516d23) [PhysX] Initialized MultithreadedTaskDispatcher with 24 workers.
 -> (artifact id: '24e3513cee4a7bf0aace8a38fd169a7f') in 0.020421 seconds
Number of updated asset objects reloaded before import = 0
Number of asset objects unloaded after import = 1
========================================================================
Received Import Request.
  Time since last request: 0.000016 seconds.
  path: Assets/Brick Project Studio/_BPS Basic Assets/Common/Textures/Legacy/Concrete-normal.png
  artifactKey: Guid(7e190a8bc0493c547a469963af75222c) Importer(2089858483,0ecaa5967403d082aa24f35e1b516d23)
Start importing Assets/Brick Project Studio/_BPS Basic Assets/Common/Textures/Legacy/Concrete-normal.png using Guid(7e190a8bc0493c547a469963af75222c) Importer(2089858483,0ecaa5967403d082aa24f35e1b516d23) [PhysX] Initialized MultithreadedTaskDispatcher with 24 workers.
 -> (artifact id: '54e4d59ebe7fc0fcac7333b2df5b64e6') in 0.028186 seconds
Number of updated asset objects reloaded before import = 0
Number of asset objects unloaded after import = 1
========================================================================
Received Import Request.
  Time since last request: 0.000047 seconds.
  path: Assets/Brick Project Studio/_BPS Basic Assets/Common/Scripts and Animations/Drawer/Z Axis/closepush.anim
  artifactKey: Guid(39cb1cbad0ccff047b57918d45dc6917) Importer(2089858483,0ecaa5967403d082aa24f35e1b516d23)
Start importing Assets/Brick Project Studio/_BPS Basic Assets/Common/Scripts and Animations/Drawer/Z Axis/closepush.anim using Guid(39cb1cbad0ccff047b57918d45dc6917) Importer(2089858483,0ecaa5967403d082aa24f35e1b516d23) [PhysX] Initialized MultithreadedTaskDispatcher with 24 workers.
 -> (artifact id: '081016eaf5ee615a3b132eb3d3992a12') in 0.026172 seconds
Number of updated asset objects reloaded before import = 0
Number of asset objects unloaded after import = 1
========================================================================
Received Import Request.
  Time since last request: 0.000026 seconds.
  path: Assets/Brick Project Studio/_BPS Basic Assets/Common/Scripts and Animations/Drawer/Z Axis/Drawer_Pull_Z.cs
  artifactKey: Guid(286620fa050ddc24d90bd777daaa73c5) Importer(2089858483,0ecaa5967403d082aa24f35e1b516d23)
Start importing Assets/Brick Project Studio/_BPS Basic Assets/Common/Scripts and Animations/Drawer/Z Axis/Drawer_Pull_Z.cs using Guid(286620fa050ddc24d90bd777daaa73c5) Importer(2089858483,0ecaa5967403d082aa24f35e1b516d23) [PhysX] Initialized MultithreadedTaskDispatcher with 24 workers.
 -> (artifact id: '679e74c2ef0dbded1a94dd6c907b18e2') in 0.025287 seconds
Number of updated asset objects reloaded before import = 0
Number of asset objects unloaded after import = 1
========================================================================
Received Import Request.
  Time since last request: 0.000016 seconds.
  path: Assets/Brick Project Studio/_BPS Basic Assets/_Prefabs/Basic Asset/BA Build Kit/Exterior/Ext_BA_01_Pillar_4x4.prefab
  artifactKey: Guid(94c14dfc6c607a44486aa4e3dbc3f125) Importer(2089858483,0ecaa5967403d082aa24f35e1b516d23)
Start importing Assets/Brick Project Studio/_BPS Basic Assets/_Prefabs/Basic Asset/BA Build Kit/Exterior/Ext_BA_01_Pillar_4x4.prefab using Guid(94c14dfc6c607a44486aa4e3dbc3f125) Importer(2089858483,0ecaa5967403d082aa24f35e1b516d23) [PhysX] Initialized MultithreadedTaskDispatcher with 24 workers.
 -> (artifact id: 'ead7c30fd3e82d5f916990a4935b48c4') in 0.018542 seconds
Number of updated asset objects reloaded before import = 0
Number of asset objects unloaded after import = 8
========================================================================
Received Import Request.
  Time since last request: 0.000024 seconds.
  path: Assets/Brick Project Studio/_BPS Basic Assets/Common/Scripts and Animations/Drawer/Z Axis/pull.controller
  artifactKey: Guid(e20d80aafd5329a4897333eebe043b04) Importer(2089858483,0ecaa5967403d082aa24f35e1b516d23)
Start importing Assets/Brick Project Studio/_BPS Basic Assets/Common/Scripts and Animations/Drawer/Z Axis/pull.controller using Guid(e20d80aafd5329a4897333eebe043b04) Importer(2089858483,0ecaa5967403d082aa24f35e1b516d23) [PhysX] Initialized MultithreadedTaskDispatcher with 24 workers.
 -> (artifact id: '39e746caf58d3739f5129c8e78d2f806') in 0.020312 seconds
Number of updated asset objects reloaded before import = 0
Number of asset objects unloaded after import = 8
========================================================================
Received Import Request.
  Time since last request: 0.000013 seconds.
  path: Assets/Brick Project Studio/_BPS Basic Assets/_Prefabs/Basic Asset/BA Build Kit/Exterior/Ext_BA_Door Frame_01.prefab
  artifactKey: Guid(680503713abcfb149bae4f505b6c449c) Importer(2089858483,0ecaa5967403d082aa24f35e1b516d23)
Start importing Assets/Brick Project Studio/_BPS Basic Assets/_Prefabs/Basic Asset/BA Build Kit/Exterior/Ext_BA_Door Frame_01.prefab using Guid(680503713abcfb149bae4f505b6c449c) Importer(2089858483,0ecaa5967403d082aa24f35e1b516d23) [PhysX] Initialized MultithreadedTaskDispatcher with 24 workers.
 -> (artifact id: '3fa76198c0dd0fe6f1bbdfd4a72d00a8') in 0.026558 seconds
Number of updated asset objects reloaded before import = 0
Number of asset objects unloaded after import = 26
========================================================================
Received Import Request.
  Time since last request: 0.000016 seconds.
  path: Assets/Brick Project Studio/Fast Food Restaurant Kit/Common/Textures/FFK_Wood_02_N.png
  artifactKey: Guid(bdcbb6abf97582341b59fdc6ce130227) Importer(2089858483,0ecaa5967403d082aa24f35e1b516d23)
Start importing Assets/Brick Project Studio/Fast Food Restaurant Kit/Common/Textures/FFK_Wood_02_N.png using Guid(bdcbb6abf97582341b59fdc6ce130227) Importer(2089858483,0ecaa5967403d082aa24f35e1b516d23) [PhysX] Initialized MultithreadedTaskDispatcher with 24 workers.
 -> (artifact id: 'f09f1176dbf2f2d6b9436f7bc8b04ada') in 0.031319 seconds
Number of updated asset objects reloaded before import = 0
Number of asset objects unloaded after import = 1
========================================================================
Received Import Request.
  Time since last request: 0.000019 seconds.
  path: Assets/Brick Project Studio/_BPS Basic Assets/Common/Textures/Legacy/ceiling_normal.png
  artifactKey: Guid(618a287d815fdfe4396cbe668c8296d2) Importer(2089858483,0ecaa5967403d082aa24f35e1b516d23)
Start importing Assets/Brick Project Studio/_BPS Basic Assets/Common/Textures/Legacy/ceiling_normal.png using Guid(618a287d815fdfe4396cbe668c8296d2) Importer(2089858483,0ecaa5967403d082aa24f35e1b516d23) [PhysX] Initialized MultithreadedTaskDispatcher with 24 workers.
 -> (artifact id: '0bdd1a3f17f57b61da5ec58b9e71a936') in 0.020261 seconds
Number of updated asset objects reloaded before import = 0
Number of asset objects unloaded after import = 1
========================================================================
Received Import Request.
  Time since last request: 0.000019 seconds.
  path: Assets/Brick Project Studio/Fast Food Restaurant Kit/_Prefabs/Props/Electronics/FFK_PaymentMachine_01_01.prefab
  artifactKey: Guid(6a58f0254abdbe94db5f990ed95d9817) Importer(2089858483,0ecaa5967403d082aa24f35e1b516d23)
Start importing Assets/Brick Project Studio/Fast Food Restaurant Kit/_Prefabs/Props/Electronics/FFK_PaymentMachine_01_01.prefab using Guid(6a58f0254abdbe94db5f990ed95d9817) Importer(2089858483,0ecaa5967403d082aa24f35e1b516d23) [PhysX] Initialized MultithreadedTaskDispatcher with 24 workers.
 -> (artifact id: '01559348993c98c899a85bde76770f25') in 0.023615 seconds
Number of updated asset objects reloaded before import = 0
Number of asset objects unloaded after import = 23
========================================================================
Received Import Request.
  Time since last request: 0.000017 seconds.
  path: Assets/Brick Project Studio/Fast Food Restaurant Kit/_Prefabs/Props/Lamps/FFK_Lamp_Ceiling_03_01.prefab
  artifactKey: Guid(0d95f73c56599284c879061ca174d51d) Importer(2089858483,0ecaa5967403d082aa24f35e1b516d23)
Start importing Assets/Brick Project Studio/Fast Food Restaurant Kit/_Prefabs/Props/Lamps/FFK_Lamp_Ceiling_03_01.prefab using Guid(0d95f73c56599284c879061ca174d51d) Importer(2089858483,0ecaa5967403d082aa24f35e1b516d23) [PhysX] Initialized MultithreadedTaskDispatcher with 24 workers.
 -> (artifact id: '48a85590bb232cabff6fdb23199702ed') in 0.015565 seconds
Number of updated asset objects reloaded before import = 0
Number of asset objects unloaded after import = 18
========================================================================
Received Import Request.
  Time since last request: 0.000021 seconds.
  path: Assets/Brick Project Studio/Fast Food Restaurant Kit/Common/Materials/TrayLiner_01.mat
  artifactKey: Guid(9ac8dc4089fc14c4e869eb587b918553) Importer(2089858483,0ecaa5967403d082aa24f35e1b516d23)
Start importing Assets/Brick Project Studio/Fast Food Restaurant Kit/Common/Materials/TrayLiner_01.mat using Guid(9ac8dc4089fc14c4e869eb587b918553) Importer(2089858483,0ecaa5967403d082aa24f35e1b516d23) [PhysX] Initialized MultithreadedTaskDispatcher with 24 workers.
 -> (artifact id: '45a2cfa6b10ceeb06b135b786a7cf2d8') in 0.025956 seconds
Number of updated asset objects reloaded before import = 0
Number of asset objects unloaded after import = 2
========================================================================
Received Import Request.
  Time since last request: 0.087943 seconds.
  path: Assets/Brick Project Studio/_BPS Basic Assets/_Prefabs/Restroom/RR Build Kit/Doors/Int_RR_DoorFrame_01_Woman.prefab
  artifactKey: Guid(f0043371e2fd88747891ddb3064283ab) Importer(2089858483,0ecaa5967403d082aa24f35e1b516d23)
Start importing Assets/Brick Project Studio/_BPS Basic Assets/_Prefabs/Restroom/RR Build Kit/Doors/Int_RR_DoorFrame_01_Woman.prefab using Guid(f0043371e2fd88747891ddb3064283ab) Importer(2089858483,0ecaa5967403d082aa24f35e1b516d23) [PhysX] Initialized MultithreadedTaskDispatcher with 24 workers.
 -> (artifact id: '53571120d090197a2260a19cfc4ecbce') in 0.014691 seconds
Number of updated asset objects reloaded before import = 0
Number of asset objects unloaded after import = 25
========================================================================
Received Import Request.
  Time since last request: 0.000018 seconds.
  path: Assets/Brick Project Studio/_BPS Basic Assets/_Prefabs/Basic Asset/BA Build Kit/Interior/Doors Frames/Int_BA_Frame_01.prefab
  artifactKey: Guid(b973231003cf93b4f8dd9837bafc50cb) Importer(2089858483,0ecaa5967403d082aa24f35e1b516d23)
Start importing Assets/Brick Project Studio/_BPS Basic Assets/_Prefabs/Basic Asset/BA Build Kit/Interior/Doors Frames/Int_BA_Frame_01.prefab using Guid(b973231003cf93b4f8dd9837bafc50cb) Importer(2089858483,0ecaa5967403d082aa24f35e1b516d23) [PhysX] Initialized MultithreadedTaskDispatcher with 24 workers.
 -> (artifact id: '130009a6b151cea87f42435ea85df37c') in 0.014965 seconds
Number of updated asset objects reloaded before import = 0
Number of asset objects unloaded after import = 26
========================================================================
Received Import Request.
  Time since last request: 0.000013 seconds.
  path: Assets/Brick Project Studio/_BPS Basic Assets/_Prefabs/Basic Asset/BA Build Kit/Interior/Int_01/Int_BA_01_Floor_01.prefab
  artifactKey: Guid(44c2c1ab745c05740b134b9f0487d99b) Importer(2089858483,0ecaa5967403d082aa24f35e1b516d23)
Start importing Assets/Brick Project Studio/_BPS Basic Assets/_Prefabs/Basic Asset/BA Build Kit/Interior/Int_01/Int_BA_01_Floor_01.prefab using Guid(44c2c1ab745c05740b134b9f0487d99b) Importer(2089858483,0ecaa5967403d082aa24f35e1b516d23) [PhysX] Initialized MultithreadedTaskDispatcher with 24 workers.
 -> (artifact id: 'ff617e6dc07353afad60ddfef3d5ae2b') in 0.027404 seconds
Number of updated asset objects reloaded before import = 0
Number of asset objects unloaded after import = 8
========================================================================
Received Import Request.
  Time since last request: 0.000018 seconds.
  path: Assets/Brick Project Studio/_BPS Basic Assets/_Prefabs/Basic Asset/BA Build Kit/Interior/Int_01/Int_BA_01_Pillar_1x1.prefab
  artifactKey: Guid(736096cdbd0f7f34cb9e8fdc25987b1c) Importer(2089858483,0ecaa5967403d082aa24f35e1b516d23)
Start importing Assets/Brick Project Studio/_BPS Basic Assets/_Prefabs/Basic Asset/BA Build Kit/Interior/Int_01/Int_BA_01_Pillar_1x1.prefab using Guid(736096cdbd0f7f34cb9e8fdc25987b1c) Importer(2089858483,0ecaa5967403d082aa24f35e1b516d23) [PhysX] Initialized MultithreadedTaskDispatcher with 24 workers.
 -> (artifact id: '44fea2674195d3045dc588cbf36396a0') in 0.033446 seconds
Number of updated asset objects reloaded before import = 0
Number of asset objects unloaded after import = 8
========================================================================
Received Import Request.
  Time since last request: 0.000015 seconds.
  path: Assets/Brick Project Studio/_BPS Basic Assets/_Prefabs/Basic Asset/BA Build Kit/Interior/Int_02/Int_BA_02_Pillar_4x4.prefab
  artifactKey: Guid(ffc1f19e9cc243a428196fcf5e1e552a) Importer(2089858483,0ecaa5967403d082aa24f35e1b516d23)
Start importing Assets/Brick Project Studio/_BPS Basic Assets/_Prefabs/Basic Asset/BA Build Kit/Interior/Int_02/Int_BA_02_Pillar_4x4.prefab using Guid(ffc1f19e9cc243a428196fcf5e1e552a) Importer(2089858483,0ecaa5967403d082aa24f35e1b516d23) [PhysX] Initialized MultithreadedTaskDispatcher with 24 workers.
 -> (artifact id: '7c2ee943f5a6d8a6f2325a044a3ab43b') in 0.021954 seconds
Number of updated asset objects reloaded before import = 0
Number of asset objects unloaded after import = 8
========================================================================
Received Import Request.
  Time since last request: 0.000014 seconds.
  path: Assets/Brick Project Studio/_BPS Basic Assets/_Prefabs/Basic Asset/BA Build Kit/Interior/Int_02/Int_BA_02_Floor_01.prefab
  artifactKey: Guid(3d085e6f9521f33418df246d3b5f694f) Importer(2089858483,0ecaa5967403d082aa24f35e1b516d23)
Start importing Assets/Brick Project Studio/_BPS Basic Assets/_Prefabs/Basic Asset/BA Build Kit/Interior/Int_02/Int_BA_02_Floor_01.prefab using Guid(3d085e6f9521f33418df246d3b5f694f) Importer(2089858483,0ecaa5967403d082aa24f35e1b516d23) [PhysX] Initialized MultithreadedTaskDispatcher with 24 workers.
 -> (artifact id: 'ae305b3743f77ec3ed3a29c424e8c116') in 0.025773 seconds
Number of updated asset objects reloaded before import = 0
Number of asset objects unloaded after import = 8
========================================================================
Received Import Request.
  Time since last request: 0.000017 seconds.
  path: Assets/Brick Project Studio/_BPS Basic Assets/_Prefabs/Basic Asset/BA Build Kit/Interior/Int_02/Int_BA_02_Wall_03.prefab
  artifactKey: Guid(b5ea4c1fc5a7a044c8b2c38bf36cffe9) Importer(2089858483,0ecaa5967403d082aa24f35e1b516d23)
Start importing Assets/Brick Project Studio/_BPS Basic Assets/_Prefabs/Basic Asset/BA Build Kit/Interior/Int_02/Int_BA_02_Wall_03.prefab using Guid(b5ea4c1fc5a7a044c8b2c38bf36cffe9) Importer(2089858483,0ecaa5967403d082aa24f35e1b516d23) [PhysX] Initialized MultithreadedTaskDispatcher with 24 workers.
 -> (artifact id: '66a1d2ff70acf92b04009035c81f82a5') in 0.026232 seconds
Number of updated asset objects reloaded before import = 0
Number of asset objects unloaded after import = 8
========================================================================
Received Import Request.
  Time since last request: 2.630795 seconds.
  path: Assets/Brick Project Studio/_BPS Basic Assets/Common/Materials/Basic Assets/BA_Color_Grey_01.mat
  artifactKey: Guid(70139dc62be58be4a91d1831e1f21e95) Importer(815301076,1909f56bfc062723c751e8b465ee728b)
Start importing Assets/Brick Project Studio/_BPS Basic Assets/Common/Materials/Basic Assets/BA_Color_Grey_01.mat using Guid(70139dc62be58be4a91d1831e1f21e95) Importer(815301076,1909f56bfc062723c751e8b465ee728b) [PhysX] Initialized MultithreadedTaskDispatcher with 24 workers.
[PhysX] Initialized MultithreadedTaskDispatcher with 24 workers.
 -> (artifact id: 'af86a6d641e034fef34529651c646c30') in 0.065073 seconds
Number of updated asset objects reloaded before import = 0
Number of asset objects unloaded after import = 1
========================================================================
Received Import Request.
  Time since last request: 0.000022 seconds.
  path: Assets/Brick Project Studio/_BPS Basic Assets/Common/Materials/Legacy/Wood Floor 01.mat
  artifactKey: Guid(049ac0e838cb3a342887cf48a2b06db4) Importer(815301076,1909f56bfc062723c751e8b465ee728b)
Start importing Assets/Brick Project Studio/_BPS Basic Assets/Common/Materials/Legacy/Wood Floor 01.mat using Guid(049ac0e838cb3a342887cf48a2b06db4) Importer(815301076,1909f56bfc062723c751e8b465ee728b) [PhysX] Initialized MultithreadedTaskDispatcher with 24 workers.
[PhysX] Initialized MultithreadedTaskDispatcher with 24 workers.
 -> (artifact id: '6d557095b8709b4abf219c05998d779b') in 0.015273 seconds
Number of updated asset objects reloaded before import = 0
Number of asset objects unloaded after import = 2
========================================================================
Received Import Request.
  Time since last request: 0.000029 seconds.
  path: Assets/Brick Project Studio/_BPS Basic Assets/Common/Materials/Basic Assets/Int_BS_01.mat
  artifactKey: Guid(f03383d98b6709647991c50d409cf0af) Importer(815301076,1909f56bfc062723c751e8b465ee728b)
Start importing Assets/Brick Project Studio/_BPS Basic Assets/Common/Materials/Basic Assets/Int_BS_01.mat using Guid(f03383d98b6709647991c50d409cf0af) Importer(815301076,1909f56bfc062723c751e8b465ee728b) [PhysX] Initialized MultithreadedTaskDispatcher with 24 workers.
[PhysX] Initialized MultithreadedTaskDispatcher with 24 workers.
 -> (artifact id: '21279f98cfe5eef2684661fb2eb89364') in 0.021710 seconds
Number of updated asset objects reloaded before import = 0
Number of asset objects unloaded after import = 2
========================================================================
Received Import Request.
  Time since last request: 0.000015 seconds.
  path: Assets/Brick Project Studio/_BPS Basic Assets/Common/Materials/Basic Assets/Int_BS_02.mat
  artifactKey: Guid(1f972757765558b46aa948a406f8542a) Importer(815301076,1909f56bfc062723c751e8b465ee728b)
Start importing Assets/Brick Project Studio/_BPS Basic Assets/Common/Materials/Basic Assets/Int_BS_02.mat using Guid(1f972757765558b46aa948a406f8542a) Importer(815301076,1909f56bfc062723c751e8b465ee728b) [PhysX] Initialized MultithreadedTaskDispatcher with 24 workers.
[PhysX] Initialized MultithreadedTaskDispatcher with 24 workers.
 -> (artifact id: 'b063937548b342221404cd19f69fdb98') in 0.034308 seconds
Number of updated asset objects reloaded before import = 0
Number of asset objects unloaded after import = 2
========================================================================
Received Import Request.
  Time since last request: 0.853827 seconds.
  path: Assets/Brick Project Studio/_BPS Basic Assets/Common/Models/BPS_Table.fbx
  artifactKey: Guid(67171e1fd1d009c43b75a962fa5556a5) Importer(815301076,1909f56bfc062723c751e8b465ee728b)
Start importing Assets/Brick Project Studio/_BPS Basic Assets/Common/Models/BPS_Table.fbx using Guid(67171e1fd1d009c43b75a962fa5556a5) Importer(815301076,1909f56bfc062723c751e8b465ee728b) [PhysX] Initialized MultithreadedTaskDispatcher with 24 workers.
[PhysX] Initialized MultithreadedTaskDispatcher with 24 workers.
[PhysX] Initialized MultithreadedTaskDispatcher with 24 workers.
 -> (artifact id: 'bfde470bc8a71455866989f673937bb0') in 0.037708 seconds
Number of updated asset objects reloaded before import = 0
Number of asset objects unloaded after import = 7
========================================================================
Received Import Request.
  Time since last request: 0.811935 seconds.
  path: Assets/Brick Project Studio/_BPS Basic Assets/_Prefabs/Legacy/Base Scene.prefab
  artifactKey: Guid(6b5e9772e973b514993c495d4471494c) Importer(815301076,1909f56bfc062723c751e8b465ee728b)
Start importing Assets/Brick Project Studio/_BPS Basic Assets/_Prefabs/Legacy/Base Scene.prefab using Guid(6b5e9772e973b514993c495d4471494c) Importer(815301076,1909f56bfc062723c751e8b465ee728b) [PhysX] Initialized MultithreadedTaskDispatcher with 24 workers.
[PhysX] Initialized MultithreadedTaskDispatcher with 24 workers.
 -> (artifact id: '516688a8510c439cac8c7237d33e9449') in 0.032902 seconds
Number of updated asset objects reloaded before import = 0
Number of asset objects unloaded after import = 49
========================================================================
Received Import Request.
  Time since last request: 0.000020 seconds.
  path: Assets/Brick Project Studio/Fast Food Restaurant Kit/_Prefabs/Fast Food Build Kit/Int_Ext/ExtInt_FFK_Wall_04_01.prefab
  artifactKey: Guid(d9c4e4719d7f3af46bc76b0585fe3f90) Importer(815301076,1909f56bfc062723c751e8b465ee728b)
Start importing Assets/Brick Project Studio/Fast Food Restaurant Kit/_Prefabs/Fast Food Build Kit/Int_Ext/ExtInt_FFK_Wall_04_01.prefab using Guid(d9c4e4719d7f3af46bc76b0585fe3f90) Importer(815301076,1909f56bfc062723c751e8b465ee728b) [PhysX] Initialized MultithreadedTaskDispatcher with 24 workers.
[PhysX] Initialized MultithreadedTaskDispatcher with 24 workers.
 -> (artifact id: 'e6cd1aa41f530dd1e425553f1fbf3c61') in 0.028386 seconds
Number of updated asset objects reloaded before import = 0
Number of asset objects unloaded after import = 25
========================================================================
Received Import Request.
  Time since last request: 0.000062 seconds.
  path: Assets/Brick Project Studio/Fast Food Restaurant Kit/_Prefabs/Fast Food Build Kit/Divider/FFK_Divider_05_01_01.prefab
  artifactKey: Guid(35f4cfc8a1829e041b57257c96c85b7b) Importer(815301076,1909f56bfc062723c751e8b465ee728b)
Start importing Assets/Brick Project Studio/Fast Food Restaurant Kit/_Prefabs/Fast Food Build Kit/Divider/FFK_Divider_05_01_01.prefab using Guid(35f4cfc8a1829e041b57257c96c85b7b) Importer(815301076,1909f56bfc062723c751e8b465ee728b) [PhysX] Initialized MultithreadedTaskDispatcher with 24 workers.
[PhysX] Initialized MultithreadedTaskDispatcher with 24 workers.
 -> (artifact id: '714a5abc5857fe08d8e1e7ba3b1a22f6') in 0.014590 seconds
Number of updated asset objects reloaded before import = 0
Number of asset objects unloaded after import = 10
========================================================================
Received Import Request.
  Time since last request: 0.000023 seconds.
  path: Assets/Brick Project Studio/_BPS Basic Assets/_Prefabs/Basic Asset/BA Build Kit/Interior/Int_02/Int_BA_02_Floor_01.prefab
  artifactKey: Guid(3d085e6f9521f33418df246d3b5f694f) Importer(815301076,1909f56bfc062723c751e8b465ee728b)
Start importing Assets/Brick Project Studio/_BPS Basic Assets/_Prefabs/Basic Asset/BA Build Kit/Interior/Int_02/Int_BA_02_Floor_01.prefab using Guid(3d085e6f9521f33418df246d3b5f694f) Importer(815301076,1909f56bfc062723c751e8b465ee728b) [PhysX] Initialized MultithreadedTaskDispatcher with 24 workers.
[PhysX] Initialized MultithreadedTaskDispatcher with 24 workers.
 -> (artifact id: '5c8cbaed8e2d3a23279b4ebe6714692a') in 0.015720 seconds
Number of updated asset objects reloaded before import = 0
Number of asset objects unloaded after import = 10
========================================================================
Received Import Request.
  Time since last request: 0.000020 seconds.
  path: Assets/Brick Project Studio/Fast Food Restaurant Kit/_Prefabs/Fast Food Build Kit/Floors Walls Ceiling Doors/Int_FFK_01_Pillar_3x3.prefab
  artifactKey: Guid(dfd41a3a09e3e4e4fbe77fcbc822bc39) Importer(815301076,1909f56bfc062723c751e8b465ee728b)
Start importing Assets/Brick Project Studio/Fast Food Restaurant Kit/_Prefabs/Fast Food Build Kit/Floors Walls Ceiling Doors/Int_FFK_01_Pillar_3x3.prefab using Guid(dfd41a3a09e3e4e4fbe77fcbc822bc39) Importer(815301076,1909f56bfc062723c751e8b465ee728b) [PhysX] Initialized MultithreadedTaskDispatcher with 24 workers.
[PhysX] Initialized MultithreadedTaskDispatcher with 24 workers.
 -> (artifact id: 'a3e83fa0c883c195cbef42117806aa84') in 0.018443 seconds
Number of updated asset objects reloaded before import = 0
Number of asset objects unloaded after import = 11
========================================================================
Received Import Request.
  Time since last request: 0.000025 seconds.
  path: Assets/Brick Project Studio/_BPS Basic Assets/_Prefabs/Basic Asset/BA Build Kit/Interior/Int_01/Int_BA_01_Filler_01.prefab
  artifactKey: Guid(e1d90d5681101f948bb7aee7a03944a1) Importer(815301076,1909f56bfc062723c751e8b465ee728b)
Start importing Assets/Brick Project Studio/_BPS Basic Assets/_Prefabs/Basic Asset/BA Build Kit/Interior/Int_01/Int_BA_01_Filler_01.prefab using Guid(e1d90d5681101f948bb7aee7a03944a1) Importer(815301076,1909f56bfc062723c751e8b465ee728b) [PhysX] Initialized MultithreadedTaskDispatcher with 24 workers.
[PhysX] Initialized MultithreadedTaskDispatcher with 24 workers.
 -> (artifact id: '0e6f2b3a08fc4dc9fdfb2c3a33224d2c') in 0.016974 seconds
Number of updated asset objects reloaded before import = 0
Number of asset objects unloaded after import = 10
========================================================================
Received Import Request.
  Time since last request: 0.000019 seconds.
  path: Assets/Brick Project Studio/_BPS Basic Assets/_Prefabs/Basic Asset/BA Build Kit/Exterior/Ext_BA_01_Pillar_2x2.prefab
  artifactKey: Guid(9e5df3ffdacb0044d80a4e70e9f86833) Importer(815301076,1909f56bfc062723c751e8b465ee728b)
Start importing Assets/Brick Project Studio/_BPS Basic Assets/_Prefabs/Basic Asset/BA Build Kit/Exterior/Ext_BA_01_Pillar_2x2.prefab using Guid(9e5df3ffdacb0044d80a4e70e9f86833) Importer(815301076,1909f56bfc062723c751e8b465ee728b) [PhysX] Initialized MultithreadedTaskDispatcher with 24 workers.
[PhysX] Initialized MultithreadedTaskDispatcher with 24 workers.
 -> (artifact id: 'f70c5432ff9d301231a58ac3113cf582') in 0.036526 seconds
Number of updated asset objects reloaded before import = 0
Number of asset objects unloaded after import = 10
========================================================================
Received Import Request.
  Time since last request: 0.000020 seconds.
  path: Assets/Brick Project Studio/_BPS Basic Assets/_Prefabs/Basic Asset/BA Build Kit/Interior/Int_02/Int_BA_02_Filler_03.prefab
  artifactKey: Guid(955b182ab620d7443bf8c4ba6a621940) Importer(815301076,1909f56bfc062723c751e8b465ee728b)
Start importing Assets/Brick Project Studio/_BPS Basic Assets/_Prefabs/Basic Asset/BA Build Kit/Interior/Int_02/Int_BA_02_Filler_03.prefab using Guid(955b182ab620d7443bf8c4ba6a621940) Importer(815301076,1909f56bfc062723c751e8b465ee728b) [PhysX] Initialized MultithreadedTaskDispatcher with 24 workers.
[PhysX] Initialized MultithreadedTaskDispatcher with 24 workers.
 -> (artifact id: 'dfbce4a8a763d016b9feb915470b5074') in 0.016109 seconds
Number of updated asset objects reloaded before import = 0
Number of asset objects unloaded after import = 9
========================================================================
Received Import Request.
  Time since last request: 0.000017 seconds.
  path: Assets/Brick Project Studio/_BPS Basic Assets/_Prefabs/Basic Asset/BA Build Kit/Interior/Int_02/Int_BA_02_Ceiling_01.prefab
  artifactKey: Guid(c8a35b1154033a342ac94fd67adf1991) Importer(815301076,1909f56bfc062723c751e8b465ee728b)
Start importing Assets/Brick Project Studio/_BPS Basic Assets/_Prefabs/Basic Asset/BA Build Kit/Interior/Int_02/Int_BA_02_Ceiling_01.prefab using Guid(c8a35b1154033a342ac94fd67adf1991) Importer(815301076,1909f56bfc062723c751e8b465ee728b) [PhysX] Initialized MultithreadedTaskDispatcher with 24 workers.
[PhysX] Initialized MultithreadedTaskDispatcher with 24 workers.
 -> (artifact id: 'bd70091402860fc23d7e7f56b7ebb00b') in 0.017062 seconds
Number of updated asset objects reloaded before import = 0
Number of asset objects unloaded after import = 10
========================================================================
Received Import Request.
  Time since last request: 0.000017 seconds.
  path: Assets/Brick Project Studio/Fast Food Restaurant Kit/_Prefabs/Fast Food Build Kit/Divider/FFK_Divider_01_05_01.prefab
  artifactKey: Guid(edcf60ca3d9d06b4da15591269f36c32) Importer(815301076,1909f56bfc062723c751e8b465ee728b)
Start importing Assets/Brick Project Studio/Fast Food Restaurant Kit/_Prefabs/Fast Food Build Kit/Divider/FFK_Divider_01_05_01.prefab using Guid(edcf60ca3d9d06b4da15591269f36c32) Importer(815301076,1909f56bfc062723c751e8b465ee728b) [PhysX] Initialized MultithreadedTaskDispatcher with 24 workers.
[PhysX] Initialized MultithreadedTaskDispatcher with 24 workers.
 -> (artifact id: '5fc4036d2de7f9ed30334db47b8ab5a9') in 0.017865 seconds
Number of updated asset objects reloaded before import = 0
Number of asset objects unloaded after import = 10
========================================================================
Received Import Request.
  Time since last request: 0.000016 seconds.
  path: Assets/Brick Project Studio/Fast Food Restaurant Kit/_Prefabs/Fast Food Build Kit/Floors Walls Ceiling Doors/Int_FFK_01_Pillar_4x4.prefab
  artifactKey: Guid(acf0fcf81bb5449499b877847602cf7f) Importer(815301076,1909f56bfc062723c751e8b465ee728b)
Start importing Assets/Brick Project Studio/Fast Food Restaurant Kit/_Prefabs/Fast Food Build Kit/Floors Walls Ceiling Doors/Int_FFK_01_Pillar_4x4.prefab using Guid(acf0fcf81bb5449499b877847602cf7f) Importer(815301076,1909f56bfc062723c751e8b465ee728b) [PhysX] Initialized MultithreadedTaskDispatcher with 24 workers.
[PhysX] Initialized MultithreadedTaskDispatcher with 24 workers.
 -> (artifact id: '0fdf69869ef3a2f9eea45efe5f4c8179') in 0.017721 seconds
Number of updated asset objects reloaded before import = 0
Number of asset objects unloaded after import = 11
========================================================================
Received Import Request.
  Time since last request: 0.809159 seconds.
  path: Assets/Brick Project Studio/_BPS Basic Assets/_Prefabs/Restroom/RR Build Kit/Walls/Int_RR_01_pillar_4x4.prefab
  artifactKey: Guid(8a493615f312d5b43bc73a74f397fcdb) Importer(815301076,1909f56bfc062723c751e8b465ee728b)
Start importing Assets/Brick Project Studio/_BPS Basic Assets/_Prefabs/Restroom/RR Build Kit/Walls/Int_RR_01_pillar_4x4.prefab using Guid(8a493615f312d5b43bc73a74f397fcdb) Importer(815301076,1909f56bfc062723c751e8b465ee728b) [PhysX] Initialized MultithreadedTaskDispatcher with 24 workers.
[PhysX] Initialized MultithreadedTaskDispatcher with 24 workers.
 -> (artifact id: '6435a8bee3fbb3aeadf03fbb958ef6e2') in 0.016817 seconds
Number of updated asset objects reloaded before import = 0
Number of asset objects unloaded after import = 11
========================================================================
Received Import Request.
  Time since last request: 0.056187 seconds.
  path: Assets/Brick Project Studio/_BPS Basic Assets/_Prefabs/Legacy/Tiled Floor.prefab
  artifactKey: Guid(51d3051b1d589214e960ae74c8933521) Importer(815301076,1909f56bfc062723c751e8b465ee728b)
Start importing Assets/Brick Project Studio/_BPS Basic Assets/_Prefabs/Legacy/Tiled Floor.prefab using Guid(51d3051b1d589214e960ae74c8933521) Importer(815301076,1909f56bfc062723c751e8b465ee728b) [PhysX] Initialized MultithreadedTaskDispatcher with 24 workers.
[PhysX] Initialized MultithreadedTaskDispatcher with 24 workers.
 -> (artifact id: 'e666d5777927045e156faaffc3841695') in 0.106863 seconds
Number of updated asset objects reloaded before import = 0
Number of asset objects unloaded after import = 10
========================================================================
Received Import Request.
  Time since last request: 31.826667 seconds.
  path: Packages/com.unity.postprocessing/PostProcessing/Textures/SMAA/AreaTex.tga
  artifactKey: Guid(73ec4ae984a0a0f44a2be737e41a6f2f) Importer(815301076,1909f56bfc062723c751e8b465ee728b)
Start importing Packages/com.unity.postprocessing/PostProcessing/Textures/SMAA/AreaTex.tga using Guid(73ec4ae984a0a0f44a2be737e41a6f2f) Importer(815301076,1909f56bfc062723c751e8b465ee728b) [PhysX] Initialized MultithreadedTaskDispatcher with 24 workers.
[PhysX] Initialized MultithreadedTaskDispatcher with 24 workers.
 -> (artifact id: '72d5ff82a587d12513a41bf031feb0fd') in 0.017065 seconds
Number of updated asset objects reloaded before import = 0
Number of asset objects unloaded after import = 2
========================================================================
Received Import Request.
  Time since last request: 0.003277 seconds.
  path: Packages/com.unity.testtools.codecoverage/Editor/Icons/d_CodeCoverage@2x.png
  artifactKey: Guid(8616c9d86a8504a4b8b5c65bb6a5644f) Importer(815301076,1909f56bfc062723c751e8b465ee728b)
Start importing Packages/com.unity.testtools.codecoverage/Editor/Icons/d_CodeCoverage@2x.png using Guid(8616c9d86a8504a4b8b5c65bb6a5644f) Importer(815301076,1909f56bfc062723c751e8b465ee728b) [PhysX] Initialized MultithreadedTaskDispatcher with 24 workers.
[PhysX] Initialized MultithreadedTaskDispatcher with 24 workers.
 -> (artifact id: 'ca0d12dcc9fc32498c8946ef7553c89e') in 0.009552 seconds
Number of updated asset objects reloaded before import = 0
Number of asset objects unloaded after import = 2
========================================================================
Received Import Request.
  Time since last request: 0.001104 seconds.
  path: Packages/com.unity.collab-proxy/Editor/PlasticSCM/Assets/Images/d_iconaddedoverlay@2x.png
  artifactKey: Guid(a6fbd5a181bc51e42a61a73fe8d727c8) Importer(815301076,1909f56bfc062723c751e8b465ee728b)
Start importing Packages/com.unity.collab-proxy/Editor/PlasticSCM/Assets/Images/d_iconaddedoverlay@2x.png using Guid(a6fbd5a181bc51e42a61a73fe8d727c8) Importer(815301076,1909f56bfc062723c751e8b465ee728b) [PhysX] Initialized MultithreadedTaskDispatcher with 24 workers.
[PhysX] Initialized MultithreadedTaskDispatcher with 24 workers.
 -> (artifact id: 'cf0ee1e0dcca4d1ff110c69cadb27798') in 0.008315 seconds
Number of updated asset objects reloaded before import = 0
Number of asset objects unloaded after import = 2
========================================================================
Received Import Request.
  Time since last request: 0.002109 seconds.
  path: Packages/com.unity.collab-proxy/Editor/PlasticSCM/Assets/Images/d_iconclosebutton@2x.png
  artifactKey: Guid(0525793900d728a42936791a8a6de63b) Importer(815301076,1909f56bfc062723c751e8b465ee728b)
Start importing Packages/com.unity.collab-proxy/Editor/PlasticSCM/Assets/Images/d_iconclosebutton@2x.png using Guid(0525793900d728a42936791a8a6de63b) Importer(815301076,1909f56bfc062723c751e8b465ee728b) [PhysX] Initialized MultithreadedTaskDispatcher with 24 workers.
[PhysX] Initialized MultithreadedTaskDispatcher with 24 workers.
 -> (artifact id: '0612cb61850e5ee3ffb1051fddd11f5b') in 0.008762 seconds
Number of updated asset objects reloaded before import = 0
Number of asset objects unloaded after import = 2
========================================================================
Received Import Request.
  Time since last request: 0.001799 seconds.
  path: Packages/com.unity.collab-proxy/Editor/PlasticSCM/Assets/Images/d_iconconflictresolvedoverlay@2x.png
  artifactKey: Guid(4a231ba0e81e63849a8f985c228e8acd) Importer(815301076,1909f56bfc062723c751e8b465ee728b)
Start importing Packages/com.unity.collab-proxy/Editor/PlasticSCM/Assets/Images/d_iconconflictresolvedoverlay@2x.png using Guid(4a231ba0e81e63849a8f985c228e8acd) Importer(815301076,1909f56bfc062723c751e8b465ee728b) [PhysX] Initialized MultithreadedTaskDispatcher with 24 workers.
[PhysX] Initialized MultithreadedTaskDispatcher with 24 workers.
 -> (artifact id: '7764125938bcc29c768fb8f0837a893b') in 0.009026 seconds
Number of updated asset objects reloaded before import = 0
Number of asset objects unloaded after import = 2
========================================================================
Received Import Request.
  Time since last request: 0.001481 seconds.
  path: Packages/com.unity.collab-proxy/Editor/PlasticSCM/Assets/Images/d_icondeletedremoteoverlay@2x.png
  artifactKey: Guid(2cfbf6619eb047545a425e8a31732c83) Importer(815301076,1909f56bfc062723c751e8b465ee728b)
Start importing Packages/com.unity.collab-proxy/Editor/PlasticSCM/Assets/Images/d_icondeletedremoteoverlay@2x.png using Guid(2cfbf6619eb047545a425e8a31732c83) Importer(815301076,1909f56bfc062723c751e8b465ee728b) [PhysX] Initialized MultithreadedTaskDispatcher with 24 workers.
[PhysX] Initialized MultithreadedTaskDispatcher with 24 workers.
 -> (artifact id: '8db170b55db9f851158568f1811d944c') in 0.008712 seconds
Number of updated asset objects reloaded before import = 0
Number of asset objects unloaded after import = 2
========================================================================
Received Import Request.
  Time since last request: 0.001927 seconds.
  path: Packages/com.unity.collab-proxy/Editor/PlasticSCM/Assets/Images/d_iconlock@2x.png
  artifactKey: Guid(55747841a2e3b47dab36dc8d5e0dc4df) Importer(815301076,1909f56bfc062723c751e8b465ee728b)
Start importing Packages/com.unity.collab-proxy/Editor/PlasticSCM/Assets/Images/d_iconlock@2x.png using Guid(55747841a2e3b47dab36dc8d5e0dc4df) Importer(815301076,1909f56bfc062723c751e8b465ee728b) [PhysX] Initialized MultithreadedTaskDispatcher with 24 workers.
[PhysX] Initialized MultithreadedTaskDispatcher with 24 workers.
 -> (artifact id: '765c510a169671c697aff08367230c89') in 0.017161 seconds
Number of updated asset objects reloaded before import = 0
Number of asset objects unloaded after import = 3
========================================================================
Received Import Request.
  Time since last request: 0.001878 seconds.
  path: Packages/com.unity.collab-proxy/Editor/PlasticSCM/Assets/Images/d_iconplasticnotifyconflict@2x.png
  artifactKey: Guid(23743f0c0ed1e6546808a5d645c2a6a5) Importer(815301076,1909f56bfc062723c751e8b465ee728b)
Start importing Packages/com.unity.collab-proxy/Editor/PlasticSCM/Assets/Images/d_iconplasticnotifyconflict@2x.png using Guid(23743f0c0ed1e6546808a5d645c2a6a5) Importer(815301076,1909f56bfc062723c751e8b465ee728b) [PhysX] Initialized MultithreadedTaskDispatcher with 24 workers.
[PhysX] Initialized MultithreadedTaskDispatcher with 24 workers.
 -> (artifact id: '949d0da3058e653536accf15960c368a') in 0.008903 seconds
Number of updated asset objects reloaded before import = 0
Number of asset objects unloaded after import = 2
========================================================================
Received Import Request.
  Time since last request: 0.001342 seconds.
  path: Packages/com.unity.collab-proxy/Editor/PlasticSCM/Assets/Images/d_iconprivateoverlay@2x.png
  artifactKey: Guid(7f854f490da24e54f9e8383e446b5d81) Importer(815301076,1909f56bfc062723c751e8b465ee728b)
Start importing Packages/com.unity.collab-proxy/Editor/PlasticSCM/Assets/Images/d_iconprivateoverlay@2x.png using Guid(7f854f490da24e54f9e8383e446b5d81) Importer(815301076,1909f56bfc062723c751e8b465ee728b) [PhysX] Initialized MultithreadedTaskDispatcher with 24 workers.
[PhysX] Initialized MultithreadedTaskDispatcher with 24 workers.
 -> (artifact id: 'e005e62d0cc42e22e979569cb974ef9d') in 0.009567 seconds
Number of updated asset objects reloaded before import = 0
Number of asset objects unloaded after import = 2
========================================================================
Received Import Request.
  Time since last request: 0.001589 seconds.
  path: Packages/com.unity.collab-proxy/Editor/PlasticSCM/Assets/Images/d_ignoredoverlay@2x.png
  artifactKey: Guid(68fafd0a2acc3774988418f657bf7b68) Importer(815301076,1909f56bfc062723c751e8b465ee728b)
Start importing Packages/com.unity.collab-proxy/Editor/PlasticSCM/Assets/Images/d_ignoredoverlay@2x.png using Guid(68fafd0a2acc3774988418f657bf7b68) Importer(815301076,1909f56bfc062723c751e8b465ee728b) [PhysX] Initialized MultithreadedTaskDispatcher with 24 workers.
[PhysX] Initialized MultithreadedTaskDispatcher with 24 workers.
 -> (artifact id: 'ef38cef2c4cbb673ed7190763d5b35df') in 0.008896 seconds
Number of updated asset objects reloaded before import = 0
Number of asset objects unloaded after import = 2
========================================================================
Received Import Request.
  Time since last request: 0.001817 seconds.
  path: Packages/com.unity.collab-proxy/Editor/PlasticSCM/Assets/Images/d_secondarytabclosehover@2x.png
  artifactKey: Guid(9aa4348290784b2468144a97eb15d8d7) Importer(815301076,1909f56bfc062723c751e8b465ee728b)
Start importing Packages/com.unity.collab-proxy/Editor/PlasticSCM/Assets/Images/d_secondarytabclosehover@2x.png using Guid(9aa4348290784b2468144a97eb15d8d7) Importer(815301076,1909f56bfc062723c751e8b465ee728b) [PhysX] Initialized MultithreadedTaskDispatcher with 24 workers.
[PhysX] Initialized MultithreadedTaskDispatcher with 24 workers.
 -> (artifact id: '012491501d4ea93f31f2932c5ce67cbd') in 0.009256 seconds
Number of updated asset objects reloaded before import = 0
Number of asset objects unloaded after import = 2
========================================================================
Received Import Request.
  Time since last request: 0.001114 seconds.
  path: Packages/com.unity.collab-proxy/Editor/PlasticSCM/Assets/Images/d_step3@2x.png
  artifactKey: Guid(c9ed6d6ea2f9657409bfa068d4846139) Importer(815301076,1909f56bfc062723c751e8b465ee728b)
Start importing Packages/com.unity.collab-proxy/Editor/PlasticSCM/Assets/Images/d_step3@2x.png using Guid(c9ed6d6ea2f9657409bfa068d4846139) Importer(815301076,1909f56bfc062723c751e8b465ee728b) [PhysX] Initialized MultithreadedTaskDispatcher with 24 workers.
[PhysX] Initialized MultithreadedTaskDispatcher with 24 workers.
 -> (artifact id: 'cc95a0c8593edb19d4c96b36ee76e8a4') in 0.010604 seconds
Number of updated asset objects reloaded before import = 0
Number of asset objects unloaded after import = 2
========================================================================
Received Import Request.
  Time since last request: 0.004495 seconds.
  path: Packages/com.unity.timeline/Editor/StyleSheets/Images/Icons/d_TrackAvatarButtonDisabled@2x.png
  artifactKey: Guid(fd194f75fe3d7ca4488fa775ae832fd8) Importer(815301076,1909f56bfc062723c751e8b465ee728b)
Start importing Packages/com.unity.timeline/Editor/StyleSheets/Images/Icons/d_TrackAvatarButtonDisabled@2x.png using Guid(fd194f75fe3d7ca4488fa775ae832fd8) Importer(815301076,1909f56bfc062723c751e8b465ee728b) [PhysX] Initialized MultithreadedTaskDispatcher with 24 workers.
[PhysX] Initialized MultithreadedTaskDispatcher with 24 workers.
 -> (artifact id: '5f7876a7eab9d5befeb9409b7b4cbfb0') in 0.008550 seconds
Number of updated asset objects reloaded before import = 0
Number of asset objects unloaded after import = 2
========================================================================
Received Import Request.
  Time since last request: 0.001567 seconds.
  path: Packages/com.unity.timeline/Editor/StyleSheets/Images/Icons/d_TrackCurvesButtonEnabled@2x.png
  artifactKey: Guid(43ed4593c5ddda0439fcc1bdaf8309fe) Importer(815301076,1909f56bfc062723c751e8b465ee728b)
Start importing Packages/com.unity.timeline/Editor/StyleSheets/Images/Icons/d_TrackCurvesButtonEnabled@2x.png using Guid(43ed4593c5ddda0439fcc1bdaf8309fe) Importer(815301076,1909f56bfc062723c751e8b465ee728b) [PhysX] Initialized MultithreadedTaskDispatcher with 24 workers.
[PhysX] Initialized MultithreadedTaskDispatcher with 24 workers.
 -> (artifact id: '4bdd9f4ca8531c7a145fa5439f3f0123') in 0.008556 seconds
Number of updated asset objects reloaded before import = 0
Number of asset objects unloaded after import = 2
========================================================================
Received Import Request.
  Time since last request: 0.001715 seconds.
  path: Packages/com.unity.timeline/Editor/StyleSheets/Images/Icons/d_TrackMarkerButtonDisabled@2x.png
  artifactKey: Guid(77d926c9a4ddcc940b8c000b45cbfb35) Importer(815301076,1909f56bfc062723c751e8b465ee728b)
Start importing Packages/com.unity.timeline/Editor/StyleSheets/Images/Icons/d_TrackMarkerButtonDisabled@2x.png using Guid(77d926c9a4ddcc940b8c000b45cbfb35) Importer(815301076,1909f56bfc062723c751e8b465ee728b) [PhysX] Initialized MultithreadedTaskDispatcher with 24 workers.
[PhysX] Initialized MultithreadedTaskDispatcher with 24 workers.
 -> (artifact id: 'be50ce0a62e33ed3716664236426ba9a') in 0.010737 seconds
Number of updated asset objects reloaded before import = 0
Number of asset objects unloaded after import = 2
========================================================================
Received Import Request.
  Time since last request: 0.000487 seconds.
  path: Packages/com.unity.timeline/Editor/StyleSheets/Images/Icons/d_TrackMuteButtonEnabled@2x.png
  artifactKey: Guid(e54e20c7a9730fe4c822d63228527ae4) Importer(815301076,1909f56bfc062723c751e8b465ee728b)
Start importing Packages/com.unity.timeline/Editor/StyleSheets/Images/Icons/d_TrackMuteButtonEnabled@2x.png using Guid(e54e20c7a9730fe4c822d63228527ae4) Importer(815301076,1909f56bfc062723c751e8b465ee728b) [PhysX] Initialized MultithreadedTaskDispatcher with 24 workers.
[PhysX] Initialized MultithreadedTaskDispatcher with 24 workers.
 -> (artifact id: 'ccd31c8c38aafd0185ea149e51cb7774') in 0.009094 seconds
Number of updated asset objects reloaded before import = 0
Number of asset objects unloaded after import = 2
========================================================================
Received Import Request.
  Time since last request: 0.001725 seconds.
  path: Packages/com.unity.timeline/DocCodeExamples/DocCodeExamples.asmdef
  artifactKey: Guid(9550f6b9c1ac87345a996c43f204fb30) Importer(815301076,1909f56bfc062723c751e8b465ee728b)
Start importing Packages/com.unity.timeline/DocCodeExamples/DocCodeExamples.asmdef using Guid(9550f6b9c1ac87345a996c43f204fb30) Importer(815301076,1909f56bfc062723c751e8b465ee728b) [PhysX] Initialized MultithreadedTaskDispatcher with 24 workers.
 -> (artifact id: '6cc3f59a0ddd4ea5ec4181fede874391') in 0.000477 seconds
Number of updated asset objects reloaded before import = 0
Number of asset objects unloaded after import = 0
========================================================================
Received Import Request.
  Time since last request: 0.007676 seconds.
  path: Packages/com.unity.collab-proxy/Editor/PlasticSCM/Assets/Styles/DownloadPlasticExeDialog.uss
  artifactKey: Guid(3073089003718474ab284d743790fbb2) Importer(815301076,1909f56bfc062723c751e8b465ee728b)
Start importing Packages/com.unity.collab-proxy/Editor/PlasticSCM/Assets/Styles/DownloadPlasticExeDialog.uss using Guid(3073089003718474ab284d743790fbb2) Importer(815301076,1909f56bfc062723c751e8b465ee728b) [PhysX] Initialized MultithreadedTaskDispatcher with 24 workers.
 -> (artifact id: '587f015809e26a0e4ebe762415fc8c6d') in 0.012390 seconds
Number of updated asset objects reloaded before import = 0
Number of asset objects unloaded after import = 2
========================================================================
Received Prepare
Caller must complete domain reload
Begin MonoManager ReloadAssembly
- Loaded All Assemblies, in  0.518 seconds
Native extension for WindowsStandalone target not found
Native extension for Android target not found
[Package Manager] Server::EnsureServerProcessIsRunning -- launch failed, reason: Unity was launched with the -noUpm command-line argument
[Package Manager] UpmClient::Send -- Unable to send message (not connected to UPM process).
[Package Manager] Cannot connect to Unity Package Manager local server
Mono: successfully reloaded assembly
- Finished resetting the current domain, in  0.872 seconds
Domain Reload Profiling: 1387ms
	BeginReloadAssembly (174ms)
		ExecutionOrderSort (0ms)
		DisableScriptedObjects (5ms)
		BackupInstance (0ms)
		ReleaseScriptingObjects (0ms)
		CreateAndSetChildDomain (43ms)
	RebuildCommonClasses (35ms)
	RebuildNativeTypeToScriptingClass (14ms)
	initialDomainReloadingComplete (34ms)
	LoadAllAssembliesAndSetupDomain (258ms)
		LoadAssemblies (333ms)
		RebuildTransferFunctionScriptingTraits (0ms)
		AnalyzeDomain (19ms)
			TypeCache.Refresh (10ms)
				TypeCache.ScanAssembly (0ms)
			ScanForSourceGeneratedMonoScriptInfo (0ms)
			ResolveRequiredComponents (8ms)
	FinalizeReload (872ms)
		ReleaseScriptCaches (0ms)
		RebuildScriptCaches (0ms)
		SetupLoadedEditorAssemblies (318ms)
			LogAssemblyErrors (0ms)
			InitializePlatformSupportModulesInManaged (16ms)
			SetLoadedEditorAssemblies (2ms)
			RefreshPlugins (0ms)
			BeforeProcessingInitializeOnLoad (42ms)
			ProcessInitializeOnLoadAttributes (235ms)
			ProcessInitializeOnLoadMethodAttributes (20ms)
			AfterProcessingInitializeOnLoad (3ms)
			EditorAssembliesLoaded (0ms)
		ExecutionOrderSort2 (0ms)
		AwakeInstancesAfterBackupRestoration (5ms)
Refreshing native plugins compatible for Editor in 2.50 ms, found 3 plugins.
Preloading 0 native plugins for Editor in 0.00 ms.
Unloading 3227 Unused Serialized files (Serialized files now loaded: 0)
Unloading 27 unused Assets / (1.8 MB). Loaded Objects now: 3781.
Memory consumption went from 132.8 MB to 131.0 MB.
Total: 3.232200 ms (FindLiveObjects: 0.188500 ms CreateObjectMapping: 0.121300 ms MarkObjects: 2.375600 ms  DeleteObjects: 0.545500 ms)

Prepare: number of updated asset objects reloaded= 0
AssetImportParameters requested are different than current active one (requested -> active):
  custom:container-demuxer-ogg: 62fdf1f143b41e24485cea50d1cbac27 -> 
  custom:video-codec-MediaFoundation-h265: 746d11721c4dcdbdad8f713fa42b33f4 -> 
  custom:video-decoder-ogg-theora: a1e56fd34408186e4bbccfd4996cb3dc -> 
  custom:framework-win-MediaFoundation: 216162199b28c13a410421893ffa2e32 -> 
  custom:CustomObjectIndexerAttribute: 9a22284fe3817be447336de3de66b15e -> 
  custom:container-demuxer-webm: 4f35f7cbe854078d1ac9338744f61a02 -> 
  custom:container-muxer-webm: aa71ff27fc2769a1b78a27578f13a17b -> 
  custom:video-decoder-webm-vp8: 9c59270c3fd7afecdb556c50c9e8de78 -> 
  custom:SearchIndexIgnoredProperties: e643bd26f0fe6173181afceb89e7c659 -> 
  custom:AudioImporter_EditorPlatform: d09bf68614088b80899f8185d706f6e7 -> 
  custom:video-encoder-webm-vp8: eb34c28f22e8b96e1ab97ce403110664 -> 
  custom:audio-decoder-ogg-vorbis: bf7c407c2cedff20999df2af8eb42d56 -> 
  custom:audio-encoder-webm-vorbis: bf7c407c2cedff20999df2af8eb42d56 -> 
========================================================================
Received Prepare
Caller must complete domain reload
Begin MonoManager ReloadAssembly
- Loaded All Assemblies, in  0.270 seconds
Native extension for WindowsStandalone target not found
Native extension for Android target not found
[Package Manager] Server::EnsureServerProcessIsRunning -- launch failed, reason: Unity was launched with the -noUpm command-line argument
[Package Manager] UpmClient::Send -- Unable to send message (not connected to UPM process).
[Package Manager] Cannot connect to Unity Package Manager local server
Mono: successfully reloaded assembly
- Finished resetting the current domain, in  0.592 seconds
Domain Reload Profiling: 861ms
	BeginReloadAssembly (101ms)
		ExecutionOrderSort (0ms)
		DisableScriptedObjects (3ms)
		BackupInstance (0ms)
		ReleaseScriptingObjects (0ms)
		CreateAndSetChildDomain (18ms)
	RebuildCommonClasses (19ms)
	RebuildNativeTypeToScriptingClass (7ms)
	initialDomainReloadingComplete (17ms)
	LoadAllAssembliesAndSetupDomain (125ms)
		LoadAssemblies (172ms)
		RebuildTransferFunctionScriptingTraits (0ms)
		AnalyzeDomain (9ms)
			TypeCache.Refresh (4ms)
				TypeCache.ScanAssembly (0ms)
			ScanForSourceGeneratedMonoScriptInfo (0ms)
			ResolveRequiredComponents (4ms)
	FinalizeReload (592ms)
		ReleaseScriptCaches (0ms)
		RebuildScriptCaches (0ms)
		SetupLoadedEditorAssemblies (326ms)
			LogAssemblyErrors (0ms)
			InitializePlatformSupportModulesInManaged (18ms)
			SetLoadedEditorAssemblies (2ms)
			RefreshPlugins (0ms)
			BeforeProcessingInitializeOnLoad (40ms)
			ProcessInitializeOnLoadAttributes (247ms)
			ProcessInitializeOnLoadMethodAttributes (14ms)
			AfterProcessingInitializeOnLoad (4ms)
			EditorAssembliesLoaded (0ms)
		ExecutionOrderSort2 (0ms)
		AwakeInstancesAfterBackupRestoration (4ms)
Refreshing native plugins compatible for Editor in 3.51 ms, found 3 plugins.
Preloading 0 native plugins for Editor in 0.00 ms.
Unloading 3227 Unused Serialized files (Serialized files now loaded: 0)
Unloading 25 unused Assets / (1.8 MB). Loaded Objects now: 3784.
Memory consumption went from 132.8 MB to 131.0 MB.
Total: 3.909400 ms (FindLiveObjects: 0.267500 ms CreateObjectMapping: 0.094300 ms MarkObjects: 3.269500 ms  DeleteObjects: 0.276700 ms)

Prepare: number of updated asset objects reloaded= 0
AssetImportParameters requested are different than current active one (requested -> active):
  custom:container-demuxer-ogg: 62fdf1f143b41e24485cea50d1cbac27 -> 
  custom:video-codec-MediaFoundation-h265: 746d11721c4dcdbdad8f713fa42b33f4 -> 
  custom:video-decoder-ogg-theora: a1e56fd34408186e4bbccfd4996cb3dc -> 
  custom:framework-win-MediaFoundation: 216162199b28c13a410421893ffa2e32 -> 
  custom:CustomObjectIndexerAttribute: 9a22284fe3817be447336de3de66b15e -> 
  custom:container-demuxer-webm: 4f35f7cbe854078d1ac9338744f61a02 -> 
  custom:container-muxer-webm: aa71ff27fc2769a1b78a27578f13a17b -> 
  custom:video-decoder-webm-vp8: 9c59270c3fd7afecdb556c50c9e8de78 -> 
  custom:SearchIndexIgnoredProperties: e643bd26f0fe6173181afceb89e7c659 -> 
  custom:AudioImporter_EditorPlatform: d09bf68614088b80899f8185d706f6e7 -> 
  custom:video-encoder-webm-vp8: eb34c28f22e8b96e1ab97ce403110664 -> 
  custom:audio-decoder-ogg-vorbis: bf7c407c2cedff20999df2af8eb42d56 -> 
  custom:audio-encoder-webm-vorbis: bf7c407c2cedff20999df2af8eb42d56 -> 
========================================================================
Received Import Request.
  Time since last request: 2353.571851 seconds.
  path: Assets/Brick Project Studio/_BPS Basic Assets/Common/Textures/Fire/Fire_Texture_02.tga
  artifactKey: Guid(c8b0b917072902c4f90273607a87d9b0) Importer(815301076,1909f56bfc062723c751e8b465ee728b)
Start importing Assets/Brick Project Studio/_BPS Basic Assets/Common/Textures/Fire/Fire_Texture_02.tga using Guid(c8b0b917072902c4f90273607a87d9b0) Importer(815301076,1909f56bfc062723c751e8b465ee728b) [PhysX] Initialized MultithreadedTaskDispatcher with 24 workers.
[PhysX] Initialized MultithreadedTaskDispatcher with 24 workers.
 -> (artifact id: '6dca56285124ba4462ec096241402abb') in 0.043214 seconds
Number of updated asset objects reloaded before import = 0
Number of asset objects unloaded after import = 2
========================================================================
Received Import Request.
  Time since last request: 0.680769 seconds.
  path: Assets/XR/Loaders/Open XR Loader.asset
  artifactKey: Guid(28fe04729daeb2345bebc951fad25769) Importer(815301076,1909f56bfc062723c751e8b465ee728b)
Start importing Assets/XR/Loaders/Open XR Loader.asset using Guid(28fe04729daeb2345bebc951fad25769) Importer(815301076,1909f56bfc062723c751e8b465ee728b) [PhysX] Initialized MultithreadedTaskDispatcher with 24 workers.
 -> (artifact id: 'e9158a85e43249cc4f6a6fd1b52e6c47') in 0.000779 seconds
Number of updated asset objects reloaded before import = 0
Number of asset objects unloaded after import = 1
========================================================================
Received Import Request.
  Time since last request: 0.000011 seconds.
  path: Assets/XR/Settings/OpenXR Editor Settings.asset
  artifactKey: Guid(06f2953658dd85b47a85933b4ea01260) Importer(815301076,1909f56bfc062723c751e8b465ee728b)
Start importing Assets/XR/Settings/OpenXR Editor Settings.asset using Guid(06f2953658dd85b47a85933b4ea01260) Importer(815301076,1909f56bfc062723c751e8b465ee728b) [PhysX] Initialized MultithreadedTaskDispatcher with 24 workers.
 -> (artifact id: '59144a02a1e058fa4c436406799d99ce') in 0.000562 seconds
Number of updated asset objects reloaded before import = 0
Number of asset objects unloaded after import = 1
========================================================================
Received Import Request.
  Time since last request: 0.001043 seconds.
  path: Assets/XRI/Settings/Resources/XRDeviceSimulatorSettings.asset
  artifactKey: Guid(ecaaf479f05451c4e8e9bde3dfb67e4a) Importer(815301076,1909f56bfc062723c751e8b465ee728b)
Start importing Assets/XRI/Settings/Resources/XRDeviceSimulatorSettings.asset using Guid(ecaaf479f05451c4e8e9bde3dfb67e4a) Importer(815301076,1909f56bfc062723c751e8b465ee728b) [PhysX] Initialized MultithreadedTaskDispatcher with 24 workers.
 -> (artifact id: 'b40944a897ccc68bed5b0f9bd90ca459') in 0.000526 seconds
Number of updated asset objects reloaded before import = 0
Number of asset objects unloaded after import = 1
========================================================================
Received Prepare
Caller must complete domain reload
Begin MonoManager ReloadAssembly
- Loaded All Assemblies, in  0.266 seconds
Native extension for WindowsStandalone target not found
Native extension for Android target not found
[Package Manager] Server::EnsureServerProcessIsRunning -- launch failed, reason: Unity was launched with the -noUpm command-line argument
[Package Manager] UpmClient::Send -- Unable to send message (not connected to UPM process).
[Package Manager] Cannot connect to Unity Package Manager local server
Mono: successfully reloaded assembly
- Finished resetting the current domain, in  0.575 seconds
Domain Reload Profiling: 840ms
	BeginReloadAssembly (92ms)
		ExecutionOrderSort (0ms)
		DisableScriptedObjects (3ms)
		BackupInstance (0ms)
		ReleaseScriptingObjects (0ms)
		CreateAndSetChildDomain (18ms)
	RebuildCommonClasses (20ms)
	RebuildNativeTypeToScriptingClass (6ms)
	initialDomainReloadingComplete (17ms)
	LoadAllAssembliesAndSetupDomain (129ms)
		LoadAssemblies (170ms)
		RebuildTransferFunctionScriptingTraits (0ms)
		AnalyzeDomain (9ms)
			TypeCache.Refresh (4ms)
				TypeCache.ScanAssembly (0ms)
			ScanForSourceGeneratedMonoScriptInfo (0ms)
			ResolveRequiredComponents (3ms)
	FinalizeReload (576ms)
		ReleaseScriptCaches (0ms)
		RebuildScriptCaches (0ms)
		SetupLoadedEditorAssemblies (315ms)
			LogAssemblyErrors (0ms)
			InitializePlatformSupportModulesInManaged (15ms)
			SetLoadedEditorAssemblies (2ms)
			RefreshPlugins (0ms)
			BeforeProcessingInitializeOnLoad (37ms)
			ProcessInitializeOnLoadAttributes (240ms)
			ProcessInitializeOnLoadMethodAttributes (15ms)
			AfterProcessingInitializeOnLoad (5ms)
			EditorAssembliesLoaded (0ms)
		ExecutionOrderSort2 (0ms)
		AwakeInstancesAfterBackupRestoration (5ms)
Refreshing native plugins compatible for Editor in 2.45 ms, found 3 plugins.
Preloading 0 native plugins for Editor in 0.00 ms.
Unloading 3227 Unused Serialized files (Serialized files now loaded: 0)
Unloading 25 unused Assets / (1.8 MB). Loaded Objects now: 3788.
Memory consumption went from 132.8 MB to 131.1 MB.
Total: 3.683900 ms (FindLiveObjects: 0.208100 ms CreateObjectMapping: 0.238900 ms MarkObjects: 2.872000 ms  DeleteObjects: 0.363500 ms)

Prepare: number of updated asset objects reloaded= 0
AssetImportParameters requested are different than current active one (requested -> active):
  custom:container-demuxer-ogg: 62fdf1f143b41e24485cea50d1cbac27 -> 
  custom:video-codec-MediaFoundation-h265: 746d11721c4dcdbdad8f713fa42b33f4 -> 
  custom:video-decoder-ogg-theora: a1e56fd34408186e4bbccfd4996cb3dc -> 
  custom:framework-win-MediaFoundation: 216162199b28c13a410421893ffa2e32 -> 
  custom:CustomObjectIndexerAttribute: 9a22284fe3817be447336de3de66b15e -> 
  custom:container-demuxer-webm: 4f35f7cbe854078d1ac9338744f61a02 -> 
  custom:container-muxer-webm: aa71ff27fc2769a1b78a27578f13a17b -> 
  custom:video-decoder-webm-vp8: 9c59270c3fd7afecdb556c50c9e8de78 -> 
  custom:SearchIndexIgnoredProperties: e643bd26f0fe6173181afceb89e7c659 -> 
  custom:AudioImporter_EditorPlatform: d09bf68614088b80899f8185d706f6e7 -> 
  custom:video-encoder-webm-vp8: eb34c28f22e8b96e1ab97ce403110664 -> 
  custom:audio-decoder-ogg-vorbis: bf7c407c2cedff20999df2af8eb42d56 -> 
  custom:audio-encoder-webm-vorbis: bf7c407c2cedff20999df2af8eb42d56 -> 
========================================================================
Received Import Request.
  Time since last request: 212.175379 seconds.
  path: Assets/Brick Project Studio/_BPS Basic Assets/_Prefabs/Restroom/RR Build Kit/Doors/Int_RR_DoorFrame_01_Unisex.prefab
  artifactKey: Guid(5f635d348fad9f742a95c45e8aceda58) Importer(815301076,1909f56bfc062723c751e8b465ee728b)
Start importing Assets/Brick Project Studio/_BPS Basic Assets/_Prefabs/Restroom/RR Build Kit/Doors/Int_RR_DoorFrame_01_Unisex.prefab using Guid(5f635d348fad9f742a95c45e8aceda58) Importer(815301076,1909f56bfc062723c751e8b465ee728b) [PhysX] Initialized MultithreadedTaskDispatcher with 24 workers.
 -> (artifact id: 'f8aee51c22d2eebf838b146443747164') in 0.007795 seconds
Number of updated asset objects reloaded before import = 0
Number of asset objects unloaded after import = 0
========================================================================
Received Prepare
Caller must complete domain reload
Begin MonoManager ReloadAssembly
- Loaded All Assemblies, in  0.258 seconds
Native extension for WindowsStandalone target not found
Native extension for Android target not found
[Package Manager] Server::EnsureServerProcessIsRunning -- launch failed, reason: Unity was launched with the -noUpm command-line argument
[Package Manager] UpmClient::Send -- Unable to send message (not connected to UPM process).
[Package Manager] Cannot connect to Unity Package Manager local server
Mono: successfully reloaded assembly
- Finished resetting the current domain, in  0.561 seconds
Domain Reload Profiling: 818ms
	BeginReloadAssembly (92ms)
		ExecutionOrderSort (0ms)
		DisableScriptedObjects (3ms)
		BackupInstance (0ms)
		ReleaseScriptingObjects (0ms)
		CreateAndSetChildDomain (17ms)
	RebuildCommonClasses (19ms)
	RebuildNativeTypeToScriptingClass (6ms)
	initialDomainReloadingComplete (17ms)
	LoadAllAssembliesAndSetupDomain (123ms)
		LoadAssemblies (164ms)
		RebuildTransferFunctionScriptingTraits (0ms)
		AnalyzeDomain (9ms)
			TypeCache.Refresh (4ms)
				TypeCache.ScanAssembly (0ms)
			ScanForSourceGeneratedMonoScriptInfo (0ms)
			ResolveRequiredComponents (3ms)
	FinalizeReload (562ms)
		ReleaseScriptCaches (0ms)
		RebuildScriptCaches (0ms)
		SetupLoadedEditorAssemblies (312ms)
			LogAssemblyErrors (0ms)
			InitializePlatformSupportModulesInManaged (14ms)
			SetLoadedEditorAssemblies (2ms)
			RefreshPlugins (0ms)
			BeforeProcessingInitializeOnLoad (40ms)
			ProcessInitializeOnLoadAttributes (237ms)
			ProcessInitializeOnLoadMethodAttributes (15ms)
			AfterProcessingInitializeOnLoad (4ms)
			EditorAssembliesLoaded (0ms)
		ExecutionOrderSort2 (0ms)
		AwakeInstancesAfterBackupRestoration (4ms)
Refreshing native plugins compatible for Editor in 3.21 ms, found 3 plugins.
Preloading 0 native plugins for Editor in 0.00 ms.
Unloading 3227 Unused Serialized files (Serialized files now loaded: 0)
Unloading 25 unused Assets / (1.8 MB). Loaded Objects now: 3791.
Memory consumption went from 132.8 MB to 131.1 MB.
Total: 3.681900 ms (FindLiveObjects: 0.185900 ms CreateObjectMapping: 0.112700 ms MarkObjects: 2.907900 ms  DeleteObjects: 0.473900 ms)

Prepare: number of updated asset objects reloaded= 0
AssetImportParameters requested are different than current active one (requested -> active):
  custom:container-demuxer-ogg: 62fdf1f143b41e24485cea50d1cbac27 -> 
  custom:video-codec-MediaFoundation-h265: 746d11721c4dcdbdad8f713fa42b33f4 -> 
  custom:video-decoder-ogg-theora: a1e56fd34408186e4bbccfd4996cb3dc -> 
  custom:framework-win-MediaFoundation: 216162199b28c13a410421893ffa2e32 -> 
  custom:CustomObjectIndexerAttribute: 9a22284fe3817be447336de3de66b15e -> 
  custom:container-demuxer-webm: 4f35f7cbe854078d1ac9338744f61a02 -> 
  custom:container-muxer-webm: aa71ff27fc2769a1b78a27578f13a17b -> 
  custom:video-decoder-webm-vp8: 9c59270c3fd7afecdb556c50c9e8de78 -> 
  custom:SearchIndexIgnoredProperties: e643bd26f0fe6173181afceb89e7c659 -> 
  custom:AudioImporter_EditorPlatform: d09bf68614088b80899f8185d706f6e7 -> 
  custom:video-encoder-webm-vp8: eb34c28f22e8b96e1ab97ce403110664 -> 
  custom:audio-decoder-ogg-vorbis: bf7c407c2cedff20999df2af8eb42d56 -> 
  custom:audio-encoder-webm-vorbis: bf7c407c2cedff20999df2af8eb42d56 -> 
========================================================================
Received Prepare
Caller must complete domain reload
Begin MonoManager ReloadAssembly
- Loaded All Assemblies, in  0.255 seconds
Native extension for WindowsStandalone target not found
Native extension for Android target not found
[Package Manager] Server::EnsureServerProcessIsRunning -- launch failed, reason: Unity was launched with the -noUpm command-line argument
[Package Manager] UpmClient::Send -- Unable to send message (not connected to UPM process).
[Package Manager] Cannot connect to Unity Package Manager local server
Mono: successfully reloaded assembly
- Finished resetting the current domain, in  0.568 seconds
Domain Reload Profiling: 823ms
	BeginReloadAssembly (91ms)
		ExecutionOrderSort (0ms)
		DisableScriptedObjects (2ms)
		BackupInstance (0ms)
		ReleaseScriptingObjects (0ms)
		CreateAndSetChildDomain (18ms)
	RebuildCommonClasses (18ms)
	RebuildNativeTypeToScriptingClass (6ms)
	initialDomainReloadingComplete (16ms)
	LoadAllAssembliesAndSetupDomain (123ms)
		LoadAssemblies (160ms)
		RebuildTransferFunctionScriptingTraits (0ms)
		AnalyzeDomain (10ms)
			TypeCache.Refresh (5ms)
				TypeCache.ScanAssembly (0ms)
			ScanForSourceGeneratedMonoScriptInfo (0ms)
			ResolveRequiredComponents (3ms)
	FinalizeReload (568ms)
		ReleaseScriptCaches (0ms)
		RebuildScriptCaches (0ms)
		SetupLoadedEditorAssemblies (312ms)
			LogAssemblyErrors (0ms)
			InitializePlatformSupportModulesInManaged (15ms)
			SetLoadedEditorAssemblies (2ms)
			RefreshPlugins (0ms)
			BeforeProcessingInitializeOnLoad (38ms)
			ProcessInitializeOnLoadAttributes (240ms)
			ProcessInitializeOnLoadMethodAttributes (13ms)
			AfterProcessingInitializeOnLoad (3ms)
			EditorAssembliesLoaded (0ms)
		ExecutionOrderSort2 (0ms)
		AwakeInstancesAfterBackupRestoration (4ms)
Refreshing native plugins compatible for Editor in 3.59 ms, found 3 plugins.
Preloading 0 native plugins for Editor in 0.00 ms.
Unloading 3227 Unused Serialized files (Serialized files now loaded: 0)
Unloading 25 unused Assets / (1.8 MB). Loaded Objects now: 3794.
Memory consumption went from 132.8 MB to 131.1 MB.
Total: 3.787700 ms (FindLiveObjects: 0.269800 ms CreateObjectMapping: 0.351100 ms MarkObjects: 2.712300 ms  DeleteObjects: 0.452900 ms)

Prepare: number of updated asset objects reloaded= 0
AssetImportParameters requested are different than current active one (requested -> active):
  custom:container-demuxer-ogg: 62fdf1f143b41e24485cea50d1cbac27 -> 
  custom:video-codec-MediaFoundation-h265: 746d11721c4dcdbdad8f713fa42b33f4 -> 
  custom:video-decoder-ogg-theora: a1e56fd34408186e4bbccfd4996cb3dc -> 
  custom:framework-win-MediaFoundation: 216162199b28c13a410421893ffa2e32 -> 
  custom:CustomObjectIndexerAttribute: 9a22284fe3817be447336de3de66b15e -> 
  custom:container-demuxer-webm: 4f35f7cbe854078d1ac9338744f61a02 -> 
  custom:container-muxer-webm: aa71ff27fc2769a1b78a27578f13a17b -> 
  custom:video-decoder-webm-vp8: 9c59270c3fd7afecdb556c50c9e8de78 -> 
  custom:SearchIndexIgnoredProperties: e643bd26f0fe6173181afceb89e7c659 -> 
  custom:AudioImporter_EditorPlatform: d09bf68614088b80899f8185d706f6e7 -> 
  custom:video-encoder-webm-vp8: eb34c28f22e8b96e1ab97ce403110664 -> 
  custom:audio-decoder-ogg-vorbis: bf7c407c2cedff20999df2af8eb42d56 -> 
  custom:audio-encoder-webm-vorbis: bf7c407c2cedff20999df2af8eb42d56 -> 
========================================================================
Received Prepare
Caller must complete domain reload
Begin MonoManager ReloadAssembly
- Loaded All Assemblies, in  0.262 seconds
Native extension for WindowsStandalone target not found
Native extension for Android target not found
[Package Manager] Server::EnsureServerProcessIsRunning -- launch failed, reason: Unity was launched with the -noUpm command-line argument
[Package Manager] UpmClient::Send -- Unable to send message (not connected to UPM process).
[Package Manager] Cannot connect to Unity Package Manager local server
Mono: successfully reloaded assembly
- Finished resetting the current domain, in  0.580 seconds
Domain Reload Profiling: 842ms
	BeginReloadAssembly (94ms)
		ExecutionOrderSort (0ms)
		DisableScriptedObjects (2ms)
		BackupInstance (0ms)
		ReleaseScriptingObjects (0ms)
		CreateAndSetChildDomain (17ms)
	RebuildCommonClasses (20ms)
	RebuildNativeTypeToScriptingClass (7ms)
	initialDomainReloadingComplete (17ms)
	LoadAllAssembliesAndSetupDomain (123ms)
		LoadAssemblies (167ms)
		RebuildTransferFunctionScriptingTraits (0ms)
		AnalyzeDomain (9ms)
			TypeCache.Refresh (5ms)
				TypeCache.ScanAssembly (0ms)
			ScanForSourceGeneratedMonoScriptInfo (0ms)
			ResolveRequiredComponents (3ms)
	FinalizeReload (581ms)
		ReleaseScriptCaches (0ms)
		RebuildScriptCaches (0ms)
		SetupLoadedEditorAssemblies (308ms)
			LogAssemblyErrors (0ms)
			InitializePlatformSupportModulesInManaged (15ms)
			SetLoadedEditorAssemblies (3ms)
			RefreshPlugins (0ms)
			BeforeProcessingInitializeOnLoad (42ms)
			ProcessInitializeOnLoadAttributes (229ms)
			ProcessInitializeOnLoadMethodAttributes (15ms)
			AfterProcessingInitializeOnLoad (4ms)
			EditorAssembliesLoaded (0ms)
		ExecutionOrderSort2 (0ms)
		AwakeInstancesAfterBackupRestoration (4ms)
Refreshing native plugins compatible for Editor in 3.01 ms, found 3 plugins.
Preloading 0 native plugins for Editor in 0.00 ms.
Unloading 3227 Unused Serialized files (Serialized files now loaded: 0)
Unloading 25 unused Assets / (1.8 MB). Loaded Objects now: 3797.
Memory consumption went from 132.8 MB to 131.1 MB.
Total: 5.702200 ms (FindLiveObjects: 0.227600 ms CreateObjectMapping: 0.255300 ms MarkObjects: 4.935900 ms  DeleteObjects: 0.282300 ms)

Prepare: number of updated asset objects reloaded= 0
AssetImportParameters requested are different than current active one (requested -> active):
  custom:container-demuxer-ogg: 62fdf1f143b41e24485cea50d1cbac27 -> 
  custom:video-codec-MediaFoundation-h265: 746d11721c4dcdbdad8f713fa42b33f4 -> 
  custom:video-decoder-ogg-theora: a1e56fd34408186e4bbccfd4996cb3dc -> 
  custom:framework-win-MediaFoundation: 216162199b28c13a410421893ffa2e32 -> 
  custom:CustomObjectIndexerAttribute: 9a22284fe3817be447336de3de66b15e -> 
  custom:container-demuxer-webm: 4f35f7cbe854078d1ac9338744f61a02 -> 
  custom:container-muxer-webm: aa71ff27fc2769a1b78a27578f13a17b -> 
  custom:video-decoder-webm-vp8: 9c59270c3fd7afecdb556c50c9e8de78 -> 
  custom:SearchIndexIgnoredProperties: e643bd26f0fe6173181afceb89e7c659 -> 
  custom:AudioImporter_EditorPlatform: d09bf68614088b80899f8185d706f6e7 -> 
  custom:video-encoder-webm-vp8: eb34c28f22e8b96e1ab97ce403110664 -> 
  custom:audio-decoder-ogg-vorbis: bf7c407c2cedff20999df2af8eb42d56 -> 
  custom:audio-encoder-webm-vorbis: bf7c407c2cedff20999df2af8eb42d56 -> 
========================================================================
Received Prepare
Caller must complete domain reload
Begin MonoManager ReloadAssembly
- Loaded All Assemblies, in  0.264 seconds
Native extension for WindowsStandalone target not found
Native extension for Android target not found
[Package Manager] Server::EnsureServerProcessIsRunning -- launch failed, reason: Unity was launched with the -noUpm command-line argument
[Package Manager] UpmClient::Send -- Unable to send message (not connected to UPM process).
[Package Manager] Cannot connect to Unity Package Manager local server
Mono: successfully reloaded assembly
- Finished resetting the current domain, in  0.598 seconds
Domain Reload Profiling: 861ms
	BeginReloadAssembly (93ms)
		ExecutionOrderSort (0ms)
		DisableScriptedObjects (2ms)
		BackupInstance (0ms)
		ReleaseScriptingObjects (0ms)
		CreateAndSetChildDomain (17ms)
	RebuildCommonClasses (19ms)
	RebuildNativeTypeToScriptingClass (6ms)
	initialDomainReloadingComplete (17ms)
	LoadAllAssembliesAndSetupDomain (128ms)
		LoadAssemblies (170ms)
		RebuildTransferFunctionScriptingTraits (0ms)
		AnalyzeDomain (9ms)
			TypeCache.Refresh (4ms)
				TypeCache.ScanAssembly (0ms)
			ScanForSourceGeneratedMonoScriptInfo (0ms)
			ResolveRequiredComponents (3ms)
	FinalizeReload (598ms)
		ReleaseScriptCaches (0ms)
		RebuildScriptCaches (0ms)
		SetupLoadedEditorAssemblies (307ms)
			LogAssemblyErrors (0ms)
			InitializePlatformSupportModulesInManaged (19ms)
			SetLoadedEditorAssemblies (2ms)
			RefreshPlugins (0ms)
			BeforeProcessingInitializeOnLoad (40ms)
			ProcessInitializeOnLoadAttributes (230ms)
			ProcessInitializeOnLoadMethodAttributes (13ms)
			AfterProcessingInitializeOnLoad (3ms)
			EditorAssembliesLoaded (0ms)
		ExecutionOrderSort2 (0ms)
		AwakeInstancesAfterBackupRestoration (5ms)
Refreshing native plugins compatible for Editor in 3.33 ms, found 3 plugins.
Preloading 0 native plugins for Editor in 0.00 ms.
Unloading 3227 Unused Serialized files (Serialized files now loaded: 0)
Unloading 25 unused Assets / (1.8 MB). Loaded Objects now: 3800.
Memory consumption went from 132.8 MB to 131.1 MB.
Total: 3.618400 ms (FindLiveObjects: 0.192100 ms CreateObjectMapping: 0.378700 ms MarkObjects: 2.743100 ms  DeleteObjects: 0.303500 ms)

Prepare: number of updated asset objects reloaded= 0
AssetImportParameters requested are different than current active one (requested -> active):
  custom:container-demuxer-ogg: 62fdf1f143b41e24485cea50d1cbac27 -> 
  custom:video-codec-MediaFoundation-h265: 746d11721c4dcdbdad8f713fa42b33f4 -> 
  custom:video-decoder-ogg-theora: a1e56fd34408186e4bbccfd4996cb3dc -> 
  custom:framework-win-MediaFoundation: 216162199b28c13a410421893ffa2e32 -> 
  custom:CustomObjectIndexerAttribute: 9a22284fe3817be447336de3de66b15e -> 
  custom:container-demuxer-webm: 4f35f7cbe854078d1ac9338744f61a02 -> 
  custom:container-muxer-webm: aa71ff27fc2769a1b78a27578f13a17b -> 
  custom:video-decoder-webm-vp8: 9c59270c3fd7afecdb556c50c9e8de78 -> 
  custom:SearchIndexIgnoredProperties: e643bd26f0fe6173181afceb89e7c659 -> 
  custom:AudioImporter_EditorPlatform: d09bf68614088b80899f8185d706f6e7 -> 
  custom:video-encoder-webm-vp8: eb34c28f22e8b96e1ab97ce403110664 -> 
  custom:audio-decoder-ogg-vorbis: bf7c407c2cedff20999df2af8eb42d56 -> 
  custom:audio-encoder-webm-vorbis: bf7c407c2cedff20999df2af8eb42d56 -> 
